PROV_ID,DIST_ID,CORR_ID,LUPO_ID,CODIGO,LUPO_NOMB,LUPO_CLASE,DESCRIP_ON,LUPO_CATE,LUPO_TIPO
01,01,01,007,010101007,BIG CREEK,2,POBLADO COMPLETO,1,2
01,01,01,008,010101008,BLUFF,2,POBLADO COMPLETO,1,2
01,01,01,011,010101011,BOCAS DEL TORO,4,CABECERA PARTE (Mixto),1,1
01,01,01,014,010101014,ISLA CARENERO,2,POBLADO COMPLETO,1,2
01,01,01,029,010101029,LA CARRETERA,3,POBLADO PARTE,1,2
01,01,01,035,010101035,MIMITIMBI,2,POBLADO COMPLETO,1,2
01,01,01,037,010101037,PAUNCH,2,POBLADO COMPLETO,1,2
01,01,01,059,010101059,CHIMBORAZO,2,POBLADO COMPLETO,1,2
01,01,01,065,010101065,BOQUET BAY,3,POBLADO PARTE,1,2
01,01,01,067,010101067,"LA ""Y"" GRIEGA",3,POBLADO PARTE,1,2
01,01,01,068,010101068,LA COLONIA SANTEÑA,3,POBLADO PARTE,1,2
01,01,01,085,010101085,EL BAMBÚ,2,POBLADO COMPLETO,1,2
01,01,02,003,010102003,BAHÍA HONDA,2,POBLADO COMPLETO,1,2
01,01,02,005,010102005,BASTIMENTOS,1,CABECERA,1,2
01,01,02,006,010102006,CAYO CORAL O ISLA CORAL,2,POBLADO COMPLETO,1,2
01,01,02,009,010102009,MACCA BITE O ENSENADA DE ESPINO,2,POBLADO COMPLETO,1,2
01,01,02,012,010102012,OLA CHICA,2,POBLADO COMPLETO,1,2
01,01,02,013,010102013,PUNTA VIEJA,2,POBLADO COMPLETO,1,2
01,01,02,014,010102014,PUNTA JUAN BROWN,2,POBLADO COMPLETO,1,2
01,01,02,016,010102016,QUEBRADA ÁLVAREZ,2,POBLADO COMPLETO,1,2
01,01,02,017,010102017,QUEBRADA BRYAN,2,POBLADO COMPLETO,1,2
01,01,02,018,010102018,CEDRAL CREEK,2,POBLADO COMPLETO,1,2
01,01,02,019,010102019,QUEBRADA SAL,2,POBLADO COMPLETO,1,2
01,01,02,021,010102021,SHORT CUT O RED FROG,2,POBLADO COMPLETO,1,2
01,01,02,022,010102022,SOLARTE,2,POBLADO COMPLETO,1,2
01,01,02,024,010102024,KAEYAN CAL,2,POBLADO COMPLETO,1,2
01,01,02,026,010102026,WIZARDS BEACH,2,POBLADO COMPLETO,1,2
01,01,02,027,010102027,BAHÍA ROJA,2,POBLADO COMPLETO,1,2
01,01,02,029,010102029,GERMAN SOLDIER CAY,2,POBLADO COMPLETO,1,2
01,01,02,030,010102030,JACK ANALY CAYS,2,POBLADO COMPLETO,1,2
01,01,02,032,010102032,PUNTA BONITA,2,POBLADO COMPLETO,1,2
01,01,02,033,010102033,PUNTA ORO,2,POBLADO COMPLETO,1,2
01,01,02,034,010102034,QUEBRADA MARIANO,2,POBLADO COMPLETO,1,2
01,01,02,035,010102035,RED FROG BEACH,2,POBLADO COMPLETO,1,2
01,01,02,036,010102036,DOS AGUAS,2,POBLADO COMPLETO,1,2
01,01,02,037,010102037,EL PALMAR,2,POBLADO COMPLETO,1,2
01,01,02,038,010102038,ISLA ZAPATILLA No.1,2,POBLADO COMPLETO,1,2
01,01,02,039,010102039,LOS SECRETOS RESORT,2,POBLADO COMPLETO,1,2
01,01,02,040,010102040,VISTA PELICANO,2,POBLADO COMPLETO,1,2
01,01,02,041,010102041,DOUGLAS CAY,2,POBLADO COMPLETO,1,2
01,01,04,001,010104001,CAYO DE AGUA,2,POBLADO COMPLETO,1,2
01,01,04,002,010104002,ISLA ZAPATILLA No.2,2,POBLADO COMPLETO,1,2
01,01,04,004,010104004,ISLA VENADO,2,POBLADO COMPLETO,1,2
01,01,04,005,010104005,MINA DE CARBÓN,2,POBLADO COMPLETO,1,2
01,01,04,006,010104006,PUNTA LAUREL,1,CABECERA,1,2
01,01,04,007,010104007,ISLA TIGRE,2,POBLADO COMPLETO,1,2
01,01,04,008,010104008,ISLA POPA No.1,2,POBLADO COMPLETO,1,2
01,01,04,009,010104009,ISLA POPA No.2,2,POBLADO COMPLETO,1,2
01,01,04,012,010104012,PLAYA CARACOL,2,POBLADO COMPLETO,1,2
01,01,04,013,010104013,QUEBRADA PISCINA,2,POBLADO COMPLETO,1,2
01,01,05,003,010105003,BELLA VISTA O BAY VIEW O PUNTA BERMÚDEZ,3,POBLADO PARTE,1,2
01,01,05,004,010105004,BOCATORITO,3,POBLADO PARTE,2,2
01,01,05,006,010105006,CERRO BRUJO,2,POBLADO COMPLETO,1,2
01,01,05,007,010105007,CUAN BAY,2,POBLADO COMPLETO,1,2
01,01,05,008,010105008,AGUACATE,2,POBLADO COMPLETO,1,2
01,01,05,011,010105011,HOPE WELL O BUENA ESPERANZA,2,POBLADO COMPLETO,1,2
01,01,05,012,010105012,ISLA DE BAGUI,2,POBLADO COMPLETO,1,2
01,01,05,013,010105013,LOMA PARTIDA,2,POBLADO COMPLETO,1,2
01,01,05,015,010105015,PUEBLO NUEVO,3,POBLADO PARTE,1,2
01,01,05,018,010105018,SHARK HOLE O QUEBRADA MARAÑÓN,2,POBLADO COMPLETO,1,2
01,01,05,019,010105019,TIERRA OSCURA,1,CABECERA,1,2
01,01,05,020,010105020,TIGER KEY O ISLA TIGRE,2,POBLADO COMPLETO,1,2
01,01,05,023,010105023,PUNTA AFUERA,2,POBLADO COMPLETO,1,2
01,01,05,026,010105026,CAYO MONO,3,POBLADO PARTE,1,2
01,01,05,029,010105029,LOMA SANTOS,3,POBLADO PARTE,1,2
01,01,06,001,010106001,BOCA DE DRAGO,2,POBLADO COMPLETO,1,2
01,01,06,002,010106002,BOCAS DEL TORO,3,POBLADO PARTE,1,1
01,01,06,003,010106003,BOQUET BAY,3,POBLADO PARTE,1,2
01,01,06,004,010106004,CARACOL CHIQUITO,2,POBLADO COMPLETO,1,2
01,01,06,005,010106005,GROUND CREEK,2,POBLADO COMPLETO,1,2
01,01,06,006,010106006,"LA ""Y"" GRIEGA",3,POBLADO PARTE,1,2
01,01,06,007,010106007,LA CABAÑA,1,CABECERA,1,2
01,01,06,008,010106008,LA CARRETERA,3,POBLADO PARTE,1,2
01,01,06,009,010106009,LA COLONIA SANTEÑA,3,POBLADO PARTE,1,2
01,01,06,010,010106010,LITTLE BAY,2,POBLADO COMPLETO,1,2
01,01,06,011,010106011,PUNTA CARACOL,2,POBLADO COMPLETO,1,2
01,01,06,012,010106012,QUEBRADA MATOMBAL,2,POBLADO COMPLETO,1,2
01,01,06,013,010106013,SUNSET POINT,2,POBLADO COMPLETO,1,2
01,01,06,014,010106014,URBANIZACIÓN ISLA COLÓN,2,POBLADO COMPLETO,1,2
01,01,07,001,010107001,BAHÍA GRANDE O BIG BAY,2,POBLADO COMPLETO,1,2
01,01,07,002,010107002,BELLA VISTA,2,POBLADO COMPLETO,1,2
01,01,07,003,010107003,BELLA VISTA O BAY VIEW O PUNTA BERMÚDEZ,3,POBLADO PARTE,1,2
01,01,07,004,010107004,BOCATORITO,3,POBLADO PARTE,1,2
01,01,07,005,010107005,BUENA VISTA,2,POBLADO COMPLETO,1,2
01,01,07,006,010107006,FINCA CARLOS PETERSON,2,POBLADO COMPLETO,2,2
01,01,07,007,010107007,FINCA NESSIN YISMI,2,POBLADO COMPLETO,1,2
01,01,07,008,010107008,PICHINI CREEK,2,POBLADO COMPLETO,1,2
01,01,07,009,010107009,PUNTA PALOMA,2,POBLADO COMPLETO,1,2
01,01,07,010,010107010,SAN CRISTÓBAL,1,CABECERA,1,2
01,01,07,011,010107011,SAN CRISTÓBAL ARRIBA,2,POBLADO COMPLETO,1,2
01,01,07,012,010107012,SELVA DEL MAR,2,POBLADO COMPLETO,1,2
01,01,07,013,010107013,VALLE ESCONDIDO O BAHÍA ESCONDIDA,2,POBLADO COMPLETO,1,2
01,01,07,014,010107014,EL REFUGIO,2,POBLADO COMPLETO,1,2
01,02,01,012,010201012,CHANGUINOLA,4,CABECERA PARTE (Mixto),1,1
01,02,03,008,010203008,FINCA 41,2,POBLADO COMPLETO,1,2
01,02,03,010,010203010,FINCA 52,2,POBLADO COMPLETO,1,2
01,02,03,011,010203011,GUABITO,4,CABECERA PARTE (Mixto),1,1
01,02,03,020,010203020,MATINA,2,POBLADO COMPLETO,1,2
01,02,03,028,010203028,LA VICTORIA,2,POBLADO COMPLETO,1,2
01,02,03,029,010203029,SANTA MARTA DE YORKIN,3,POBLADO PARTE,1,2
01,02,03,033,010203033,EL ARENAL,3,POBLADO PARTE,1,2
01,02,03,034,010203034,LA MONA,3,POBLADO PARTE,1,2
01,02,03,036,010203036,SAN SAN,3,POBLADO PARTE,1,2
01,02,03,037,010203037,GANADERA BOCAS,2,POBLADO COMPLETO,1,2
01,02,03,038,010203038,FINCA 42,2,POBLADO COMPLETO,1,2
01,02,03,055,010203055,ENTRADA DE SAN SAN,2,POBLADO COMPLETO,1,2
01,02,03,056,010203056,GUAMERU O TRAICIONERO,2,POBLADO COMPLETO,1,2
01,02,03,057,010203057,RÓMULO,2,POBLADO COMPLETO,1,2
01,02,03,058,010203058,PUENTE DE SAN SAN,3,POBLADO PARTE,1,2
01,02,03,059,010203059,MILLA 21,3,POBLADO PARTE,1,2
01,02,03,060,010203060,MILLA 23 O PUENTE BLANCO,3,POBLADO PARTE,1,2
01,02,03,075,010203075,ISLA ARENAL,2,POBLADO COMPLETO,1,2
01,02,03,083,010203083,QUEBRADA CONEJO,3,POBLADO PARTE,1,2
01,02,03,091,010203091,PUENTE NEGRO,3,POBLADO PARTE,1,2
01,02,03,092,010203092,SUAMPITO,2,POBLADO COMPLETO,1,2
01,02,03,093,010203093,NUEVO GUABITO,2,POBLADO COMPLETO,1,2
01,02,03,097,010203097,BARRIADA EL CANGREJO O EL CANGREJAL,2,POBLADO COMPLETO,1,2
01,02,03,099,010203099,BARRIADA 17 DE OCTUBRE,2,POBLADO COMPLETO,1,2
01,02,04,002,010204002,BONDI,2,POBLADO COMPLETO,1,2
01,02,04,003,010204003,BONYIC,2,POBLADO COMPLETO,1,2
01,02,04,006,010204006,COQUITAL O LOMA COQUITAL,2,POBLADO COMPLETO,1,2
01,02,04,007,010204007,CUGIN,2,POBLADO COMPLETO,1,2
01,02,04,008,010204008,CUIÑ O CUIN,2,POBLADO COMPLETO,1,2
01,02,04,009,010204009,CHUPSCO,2,POBLADO COMPLETO,1,2
01,02,04,010,010204010,DIRIDI,2,POBLADO COMPLETO,1,2
01,02,04,011,010204011,DLUEYIC O DRUEY,2,POBLADO COMPLETO,1,2
01,02,04,012,010204012,DRUNAAC O PIEDRA DE SAL,2,POBLADO COMPLETO,1,2
01,02,04,013,010204013,DUERPSCO,2,POBLADO COMPLETO,1,2
01,02,04,015,010204015,HUECSO,2,POBLADO COMPLETO,1,2
01,02,04,016,010204016,LA MONA,3,POBLADO PARTE,1,2
01,02,04,017,010204017,LOMA BANDERA,2,POBLADO COMPLETO,1,2
01,02,04,020,010204020,PANAJUNGLA,2,POBLADO COMPLETO,2,2
01,02,04,021,010204021,PEÑA BLANCA,2,POBLADO COMPLETO,1,2
01,02,04,024,010204024,SAN SAN,3,POBLADO PARTE,1,2
01,02,04,025,010204025,SAN SAN DRUY,2,POBLADO COMPLETO,1,2
01,02,04,026,010204026,SAN SAN TIGRA,2,POBLADO COMPLETO,1,2
01,02,04,027,010204027,SANTA ROSA,3,POBLADO PARTE,1,2
01,02,04,028,010204028,SIEKIN,2,POBLADO COMPLETO,1,2
01,02,04,029,010204029,SIEYIK,1,CABECERA,1,2
01,02,04,030,010204030,CUINCO O SINCHO,2,POBLADO COMPLETO,1,2
01,02,04,031,010204031,SOLÓN,2,POBLADO COMPLETO,1,2
01,02,04,033,010204033,SORI O SODI,2,POBLADO COMPLETO,1,2
01,02,04,034,010204034,SORÓN,2,POBLADO COMPLETO,1,2
01,02,04,035,010204035,STRURI O TRES PIEDRAS,2,POBLADO COMPLETO,1,2
01,02,04,036,010204036,ZEGLA,2,POBLADO COMPLETO,1,2
01,02,04,037,010204037,BONKIN,2,POBLADO COMPLETO,1,2
01,02,04,038,010204038,GRONCHO,2,POBLADO COMPLETO,1,2
01,02,04,039,010204039,RANCHO QUEMADO,2,POBLADO COMPLETO,1,2
01,02,04,040,010204040,SANTA MARTA DE YORKIN,3,POBLADO PARTE,1,2
01,02,04,041,010204041,ALTO SOLÓN,2,POBLADO COMPLETO,1,2
01,02,04,042,010204042,BUENA SELVA,3,POBLADO PARTE,1,2
01,02,06,015,010206015,EL EMPALME,1,CABECERA,1,1
01,02,06,018,010206018,EL SILENCIO,3,POBLADO PARTE,1,2
01,02,06,064,010206064,BALAS PIT RURAL,2,POBLADO COMPLETO,1,2
01,02,06,067,010206067,LA HORTALIZA,3,POBLADO PARTE,1,2
01,02,07,003,010207003,ALTO DE DOS CAÑOS,2,POBLADO COMPLETO,1,2
01,02,07,012,010207012,DOS CAÑOS,2,POBLADO COMPLETO,1,2
01,02,07,013,010207013,DOS CAÑOS ADENTRO O DOS CAÑOS ABAJO,2,POBLADO COMPLETO,1,2
01,02,07,015,010207015,EL MURO,2,POBLADO COMPLETO,1,2
01,02,07,016,010207016,SINOSTRE ADENTRO,3,POBLADO PARTE,1,2
01,02,07,025,010207025,LAS TABLAS,1,CABECERA,1,1
01,02,07,028,010207028,PUERTO ELENA,2,POBLADO COMPLETO,1,2
01,02,07,035,010207035,SINOSTRE,3,POBLADO PARTE,1,2
01,02,07,037,010207037,TIGER HILL,2,POBLADO COMPLETO,1,2
01,02,07,043,010207043,BARRIADA LAS BRISAS,2,POBLADO COMPLETO,1,2
01,02,07,049,010207049,BARRIADA 15 DE DICIEMBRE,2,POBLADO COMPLETO,1,2
01,02,08,001,010208001,ALTO DE SORI,2,POBLADO COMPLETO,1,2
01,02,08,002,010208002,BETANIA,2,POBLADO COMPLETO,1,2
01,02,08,003,010208003,BOCA CHICA,3,POBLADO PARTE,1,2
01,02,08,004,010208004,BOQUISCO,2,POBLADO COMPLETO,1,2
01,02,08,005,010208005,CAMPAMENTO BRACHA,2,POBLADO COMPLETO,1,2
01,02,08,006,010208006,COCHIGRÓ,1,CABECERA,1,2
01,02,08,007,010208007,CORRIENTE GRANDE,2,POBLADO COMPLETO,1,2
01,02,08,008,010208008,EL BAJO DE LA ESPERANZA,2,POBLADO COMPLETO,1,2
01,02,08,009,010208009,EL GUABO O QUEBRADA GUABO,2,POBLADO COMPLETO,1,2
01,02,08,010,010208010,GAVILÁN,2,POBLADO COMPLETO,1,2
01,02,08,011,010208011,ISLA VENADO,2,POBLADO COMPLETO,1,2
01,02,08,012,010208012,LA MINA,2,POBLADO COMPLETO,1,2
01,02,08,013,010208013,MARCO O CABLE GUÍA,2,POBLADO COMPLETO,1,2
01,02,08,015,010208015,QUEBRADA CARBÓN No.2,2,POBLADO COMPLETO,1,2
01,02,08,016,010208016,QUEBRADA DE LEÓN,2,POBLADO COMPLETO,1,2
01,02,08,018,010208018,QUEBRADA PUERCO,2,POBLADO COMPLETO,1,2
01,02,08,019,010208019,SANTA ROSA,3,POBLADO PARTE,1,2
01,02,08,020,010208020,SURSUBA,2,POBLADO COMPLETO,1,2
01,02,08,021,010208021,BUENA VISTA,2,POBLADO COMPLETO,1,2
01,02,08,022,010208022,BUENA SELVA,3,POBLADO PARTE,1,2
01,02,08,023,010208023,ALTO PEDREGAL,2,POBLADO COMPLETO,1,2
01,02,08,024,010208024,TUCÁN,2,POBLADO COMPLETO,1,2
01,02,09,001,010209001,ALTOS DE MILLA 10 O VISTA HERMOSA,2,POBLADO COMPLETO,1,2
01,02,09,002,010209002,BOCA DE JUNCO,3,POBLADO PARTE,1,2
01,02,09,003,010209003,EL CANAL,2,POBLADO COMPLETO,1,2
01,02,09,005,010209005,ISLA TIGRE,2,POBLADO COMPLETO,1,2
01,02,09,006,010209006,JUNCO O SAN JUAN,2,POBLADO COMPLETO,1,2
01,02,09,007,010209007,JUNQUITO,2,POBLADO COMPLETO,1,2
01,02,09,008,010209008,LA ESCONDIDA,3,POBLADO PARTE,1,2
01,02,09,009,010209009,LA GLORIA,4,CABECERA PARTE (Mixto),1,2
01,02,09,010,010209010,LOMA BONITA,3,POBLADO PARTE,1,2
01,02,09,011,010209011,LOMA BRAVA,2,POBLADO COMPLETO,1,2
01,02,09,012,010209012,LOMA MULETO,3,POBLADO PARTE,1,2
01,02,09,013,010209013,MILLA 5,3,POBLADO PARTE,1,2
01,02,09,014,010209014,MILLA 6,2,POBLADO COMPLETO,1,2
01,02,09,015,010209015,MILLA 7,2,POBLADO COMPLETO,1,2
01,02,09,016,010209016,MILLA 7 1/2,3,POBLADO PARTE,1,2
01,02,09,017,010209017,MILLA 8,2,POBLADO COMPLETO,1,2
01,02,09,018,010209018,MILLA 10,2,POBLADO COMPLETO,1,2
01,02,09,019,010209019,MILLA 11,3,POBLADO PARTE,1,2
01,02,09,020,010209020,PUNTA SOROSTRA,2,POBLADO COMPLETO,1,2
01,02,09,021,010209021,SELVINA,2,POBLADO COMPLETO,1,2
01,02,09,022,010209022,VALLE JUNQUITO,2,POBLADO COMPLETO,1,2
01,02,09,023,010209023,LA BARRA,3,POBLADO PARTE,1,2
01,02,09,027,010209027,ALTO PITA,2,POBLADO COMPLETO,1,2
01,02,09,028,010209028,BOCA DE SELVINA,2,POBLADO COMPLETO,1,2
01,02,10,001,010210001,AGUA SALUD O LOS POZOS DE AGUAS TERMALES,2,POBLADO COMPLETO,1,2
01,02,10,003,010210003,BOCA DE YORKIN,2,POBLADO COMPLETO,1,2
01,02,10,004,010210004,BORONI,2,POBLADO COMPLETO,1,2
01,02,10,005,010210005,DAKLES O DACLIS,2,POBLADO COMPLETO,1,2
01,02,10,006,010210006,EL GUABO DE YORKIN,2,POBLADO COMPLETO,1,2
01,02,10,007,010210007,SINOSTRE ADENTRO,3,POBLADO PARTE,1,2
01,02,10,008,010210008,ENDI,2,POBLADO COMPLETO,1,2
01,02,10,009,010210009,KAPEQUICHA O ALTO YORKIN,2,POBLADO COMPLETO,1,2
01,02,10,010,010210010,LA GOLONDRINA,2,POBLADO COMPLETO,1,2
01,02,10,011,010210011,LAS DELICIAS ABAJO,1,CABECERA,1,2
01,02,10,012,010210012,LAS DELICIAS ARRIBA,2,POBLADO COMPLETO,1,2
01,02,10,013,010210013,LAS PALMAS O LAS PALMITAS DE YORKIN,2,POBLADO COMPLETO,1,2
01,02,10,015,010210015,NAMUWUOKI,2,POBLADO COMPLETO,1,2
01,02,10,016,010210016,SANTA CLARA,3,POBLADO PARTE,1,2
01,02,10,017,010210017,SANURY O DOS BOCAS,2,POBLADO COMPLETO,1,2
01,02,10,018,010210018,SIBUBE,2,POBLADO COMPLETO,1,2
01,02,10,019,010210019,SIBUBE ADENTRO,2,POBLADO COMPLETO,1,2
01,02,10,021,010210021,SINOSTRE,3,POBLADO PARTE,1,2
01,02,10,025,010210025,BRIS,2,POBLADO COMPLETO,1,2
01,02,10,026,010210026,KATSI,2,POBLADO COMPLETO,1,2
01,02,10,027,010210027,TSCUI,2,POBLADO COMPLETO,1,2
01,02,13,001,010213001,FINCA 07,3,POBLADO PARTE,2,2
01,02,13,002,010213002,FINCA 71,2,POBLADO COMPLETO,1,2
01,02,13,003,010213003,FINCA LA PONDEROSA,2,POBLADO COMPLETO,1,2
01,02,13,004,010213004,PUENTE DE SAN SAN,3,POBLADO PARTE,1,2
01,02,13,005,010213005,BARRIADA 4 DE ABRIL O LOS PRECARISTAS,1,CABECERA,1,1
01,02,14,002,010214002,CHARAGRE,3,POBLADO PARTE,1,2
01,02,14,003,010214003,EL SILENCIO,4,CABECERA PARTE (Mixto),1,2
01,02,14,004,010214004,LA HORTALIZA,3,POBLADO PARTE,1,2
01,02,14,005,010214005,QUEBRADA CARBÓN No.1,2,POBLADO COMPLETO,1,2
01,02,14,006,010214006,QUEBRADA CARBÓN No.2,2,POBLADO COMPLETO,1,2
01,02,14,007,010214007,QUEBRADA YORKIN,2,POBLADO COMPLETO,1,2
01,02,14,008,010214008,SANTA MARTA DE YORKIN,3,POBLADO PARTE,1,2
01,02,15,001,010215001,BARRA 44,2,POBLADO COMPLETO,1,2
01,02,15,002,010215002,BOCA DE RÍO NEGRO,3,POBLADO PARTE,2,2
01,02,15,003,010215003,FINCA 6,3,POBLADO PARTE,1,1
01,02,15,004,010215004,FINCA 43,2,POBLADO COMPLETO,1,2
01,02,15,005,010215005,FINCA 44,2,POBLADO COMPLETO,1,2
01,02,15,006,010215006,FINCA SANTA ELENA,2,POBLADO COMPLETO,2,2
01,02,15,007,010215007,SAN SAN No.1,3,POBLADO PARTE,1,2
01,02,15,008,010215008,FINCA LA PELOTA,2,POBLADO COMPLETO,2,2
01,02,15,009,010215009,LA PONDEROSA,3,POBLADO PARTE,2,2
01,02,16,001,010216001,BARRIADA LA JUVENTUD,2,POBLADO COMPLETO,1,2
01,02,16,002,010216002,BARRIADA LA REINA,2,POBLADO COMPLETO,1,2
01,02,16,003,010216003,BARRIADA THEOBROMA,2,POBLADO COMPLETO,1,2
01,02,16,004,010216004,CHARAGRE,3,POBLADO PARTE,1,2
01,02,16,005,010216005,EL TECAL,2,POBLADO COMPLETO,1,2
01,02,16,006,010216006,FINCA 24,2,POBLADO COMPLETO,1,2
01,02,16,007,010216007,FINCA 31,2,POBLADO COMPLETO,1,2
01,02,16,008,010216008,FINCA 32,1,CABECERA,1,2
01,02,16,009,010216009,FINCA 33,2,POBLADO COMPLETO,1,2
01,02,16,010,010216010,FINCA 69,2,POBLADO COMPLETO,1,2
01,02,16,011,010216011,LA NUEVA ESPERANZA O CANTIFLÁN,2,POBLADO COMPLETO,1,2
01,02,16,012,010216012,LAGO 4,2,POBLADO COMPLETO,1,2
01,02,16,013,010216013,SANTA MARTA ABAJO,2,POBLADO COMPLETO,1,2
01,02,16,014,010216014,5 DE MARZO,2,POBLADO COMPLETO,1,2
01,02,16,015,010216015,BARRIADA ANACONDA,2,POBLADO COMPLETO,1,2
01,02,16,016,010216016,BARRIADA COBANA,2,POBLADO COMPLETO,1,2
01,02,16,017,010216017,FINCA 07,3,POBLADO PARTE,2,2
01,02,16,018,010216018,BARRIADA URRACÁ,2,POBLADO COMPLETO,1,2
01,02,17,001,010217001,BARRIADA 21 DE ABRIL,2,POBLADO COMPLETO,1,2
01,02,17,002,010217002,FINCA 61,2,POBLADO COMPLETO,1,2
01,02,17,003,010217003,FINCA 62,1,CABECERA,1,2
01,02,17,004,010217004,FINCA 62 RURAL,2,POBLADO COMPLETO,1,2
01,02,17,005,010217005,FINCA 63,2,POBLADO COMPLETO,1,2
01,02,17,006,010217006,FINCA 64,2,POBLADO COMPLETO,1,2
01,02,17,007,010217007,FINCA 67,2,POBLADO COMPLETO,1,2
01,02,17,008,010217008,FINCA 67 ABAJO,2,POBLADO COMPLETO,1,2
01,02,17,009,010217009,LA BARRA,3,POBLADO PARTE,1,2
01,02,17,010,010217010,LA PODEROSA,3,POBLADO PARTE,1,2
01,02,18,001,010218001,ALTO NANCE,3,POBLADO PARTE,1,2
01,02,18,002,010218002,BAJO NANCE,2,POBLADO COMPLETO,1,2
01,02,18,003,010218003,BARRANCO ADENTRO,1,CABECERA,1,2
01,02,18,004,010218004,BARRANCO MEDIO,2,POBLADO COMPLETO,1,2
01,02,18,005,010218005,BARRIADA 14 DE ABRIL,2,POBLADO COMPLETO,1,2
01,02,18,006,010218006,BARRIADA CABLE 90,2,POBLADO COMPLETO,1,2
01,02,18,007,010218007,BOINVOTA,2,POBLADO COMPLETO,1,2
01,02,18,008,010218008,FINCA 45 ADENTRO,2,POBLADO COMPLETO,1,2
01,02,18,009,010218009,LAS PALMITAS,2,POBLADO COMPLETO,1,2
01,02,18,010,010218010,SANTA CLARA,3,POBLADO PARTE,1,2
01,02,19,001,010219001,BAMBÚ,2,POBLADO COMPLETO,1,2
01,02,19,002,010219002,BARRIADA SANTA ELENA,2,POBLADO COMPLETO,1,2
01,02,19,003,010219003,BOCA DE JUNCO,3,POBLADO PARTE,1,2
01,02,19,004,010219004,BUENA VISTA ABAJO O BAMBITO,2,POBLADO COMPLETO,1,2
01,02,19,005,010219005,FINCA 1,2,POBLADO COMPLETO,1,2
01,02,19,006,010219006,FINCA 2,2,POBLADO COMPLETO,1,2
01,02,19,007,010219007,FINCA 2 RURAL,2,POBLADO COMPLETO,1,2
01,02,19,008,010219008,FINCA 3,2,POBLADO COMPLETO,1,2
01,02,19,009,010219009,FINCA 3 RURAL,2,POBLADO COMPLETO,1,2
01,02,19,010,010219010,FINCA 4,2,POBLADO COMPLETO,1,2
01,02,19,011,010219011,LA ESCONDIDA,3,POBLADO PARTE,1,2
01,02,19,012,010219012,LOMA BAMBÚ,2,POBLADO COMPLETO,1,2
01,02,19,013,010219013,LOMA BONITA,3,POBLADO PARTE,2,2
01,02,19,014,010219014,MILLA 11,3,POBLADO PARTE,1,2
01,02,19,015,010219015,MILLA 12,2,POBLADO COMPLETO,1,2
01,02,19,016,010219016,TORRES,2,POBLADO COMPLETO,1,2
01,02,19,017,010219017,URBANIZACIÓN NUEVO AMANECER,1,CABECERA,1,2
01,02,19,018,010219018,ALTO DEL RIMA,2,POBLADO COMPLETO,1,2
01,02,19,019,010219019,BARRIADA 20 DE ENERO,2,POBLADO COMPLETO,1,2
01,02,19,020,010219020,BARRIADA NAZARENO,2,POBLADO COMPLETO,1,2
01,02,19,021,010219021,FINCA 1 RURAL,2,POBLADO COMPLETO,1,2
01,02,19,022,010219022,LOMA EL BAJO,2,POBLADO COMPLETO,1,2
01,02,20,001,010220001,FINCA 12,3,POBLADO PARTE,1,1
01,02,21,001,010221001,AGROGANADERA CARIBE,2,POBLADO COMPLETO,1,2
01,02,21,002,010221002,BARRIADA NUEVO AMANECER,2,POBLADO COMPLETO,1,2
01,02,21,003,010221003,BOCA DE RÍO NEGRO,3,POBLADO PARTE,2,2
01,02,21,004,010221004,CALIFORNIA,2,POBLADO COMPLETO,1,2
01,02,21,005,010221005,DEBORAH,2,POBLADO COMPLETO,1,2
01,02,21,006,010221006,FINCA 51,1,CABECERA,1,2
01,02,21,007,010221007,FINCA 53,2,POBLADO COMPLETO,1,2
01,02,21,008,010221008,FINCA 80,2,POBLADO COMPLETO,2,2
01,02,21,009,010221009,FINCA NOMBRE DE DIOS,2,POBLADO COMPLETO,1,2
01,02,21,010,010221010,GUABITO,3,POBLADO PARTE,1,1
01,02,21,011,010221011,JUNTA AGRARIA,2,POBLADO COMPLETO,1,2
01,02,21,012,010221012,LA BARRA,2,POBLADO COMPLETO,1,2
01,02,21,013,010221013,LA JARA,2,POBLADO COMPLETO,1,2
01,02,21,014,010221014,LA PALMA,2,POBLADO COMPLETO,1,2
01,02,21,015,010221015,MILLA 21,3,POBLADO PARTE,1,2
01,02,21,016,010221016,MILLA 23 O PUENTE BLANCO,3,POBLADO PARTE,1,2
01,02,21,017,010221017,NUEVA CALIFORNIA,2,POBLADO COMPLETO,1,2
01,02,21,018,010221018,PUENTE DE SAN SAN,3,POBLADO PARTE,1,2
01,02,21,019,010221019,PUENTE DEL MEDIO,2,POBLADO COMPLETO,1,2
01,02,21,020,010221020,PUENTE NEGRO,3,POBLADO PARTE,1,2
01,02,21,021,010221021,RÍO NEGRO,2,POBLADO COMPLETO,1,2
01,02,21,022,010221022,SAN SAN No.1,3,POBLADO PARTE,1,2
01,02,21,023,010221023,BARRIADA 20 DE MAYO,2,POBLADO COMPLETO,1,2
01,02,22,001,010222001,FINCA 66,3,POBLADO PARTE,1,1
01,02,23,001,010223001,ALTO NANCE,3,POBLADO PARTE,1,2
01,02,23,002,010223002,EL ARENAL,3,POBLADO PARTE,1,2
01,02,23,003,010223003,ISLA GRANDE,2,POBLADO COMPLETO,1,2
01,02,23,004,010223004,LA MESA,1,CABECERA,1,2
01,02,23,005,010223005,QUEBRADA CANELA,2,POBLADO COMPLETO,1,2
01,02,23,006,010223006,QUEBRADA CONEJO,3,POBLADO PARTE,1,2
01,02,23,007,010223007,SAN SAN,3,POBLADO PARTE,1,2
01,02,23,008,010223008,VICIRA,2,POBLADO COMPLETO,1,2
01,02,23,009,010223009,WASHOUTH,2,POBLADO COMPLETO,1,2
01,03,01,002,010301002,QUEBRADA EL BAJO,2,POBLADO COMPLETO,1,2
01,03,01,013,010301013,CASAS VIEJAS O BARRIADA EL CAMPESINO,2,POBLADO COMPLETO,1,2
01,03,01,017,010301017,CHIRIQUÍ GRANDE,1,CABECERA,1,1
01,03,01,033,010301033,JUAN CUERO,2,POBLADO COMPLETO,1,2
01,03,01,037,010301037,MAN CREEK O LA MESA,2,POBLADO COMPLETO,1,2
01,03,01,053,010301053,PLATANERITO,2,POBLADO COMPLETO,1,2
01,03,01,058,010301058,QUEBRADA LIMÓN,3,POBLADO PARTE,1,2
01,03,01,120,010301120,EL CRUDO O AGUACATE,2,POBLADO COMPLETO,1,2
01,03,01,121,010301121,ÁRBOL DE PAN,2,POBLADO COMPLETO,1,2
01,03,01,123,010301123,PIÑA,2,POBLADO COMPLETO,1,2
01,03,01,132,010301132,LAS ROCAS,2,POBLADO COMPLETO,2,2
01,03,01,133,010301133,GUARUMITO No.2 O CHIRIQUICITO No.1,3,POBLADO PARTE,2,2
01,03,01,176,010301176,RÍO DAIRA,3,POBLADO PARTE,1,2
01,03,01,178,010301178,ALTO CLARO,3,POBLADO PARTE,1,2
01,03,01,179,010301179,BOCA DEL RÍO DAIRA,3,POBLADO PARTE,1,2
01,03,01,181,010301181,MARGARITA O QUEBRADA MAN CREEK,2,POBLADO COMPLETO,1,2
01,03,01,183,010301183,CHIRIQUICITO No.2,3,POBLADO PARTE,1,2
01,03,01,184,010301184,BOCA DE MAN CREEK,3,POBLADO PARTE,1,2
01,03,01,185,010301185,MATA CACAO,2,POBLADO COMPLETO,1,2
01,03,01,186,010301186,1 DE NOVIEMBRE,2,POBLADO COMPLETO,1,2
01,03,01,187,010301187,QUEBRADA CAMARÓN,2,POBLADO COMPLETO,1,2
01,03,01,189,010301189,PANAGRO,2,POBLADO COMPLETO,1,2
01,03,01,190,010301190,RAMBALA,3,POBLADO PARTE,1,2
01,03,01,191,010301191,GUARIVIARA O LA PLAYITA,2,POBLADO COMPLETO,1,2
01,03,01,192,010301192,EL BÚFALO,2,POBLADO COMPLETO,1,2
01,03,01,193,010301193,EL CAIMÁN,2,POBLADO COMPLETO,1,2
01,03,02,005,010302005,GUALACA O GUALAQUITA,2,POBLADO COMPLETO,1,2
01,03,02,006,010302006,LA GLORIA,3,POBLADO PARTE,1,2
01,03,02,007,010302007,LOS CEDEÑOS,3,POBLADO PARTE,1,2
01,03,02,008,010302008,LOS CHIRICANOS,2,POBLADO COMPLETO,1,2
01,03,02,009,010302009,MIRAMAR,1,CABECERA,1,2
01,03,02,012,010302012,LA ESPERANZA,2,POBLADO COMPLETO,1,2
01,03,02,013,010302013,LOS FRANCESES,2,POBLADO COMPLETO,1,2
01,03,02,014,010302014,ALTO COCO,2,POBLADO COMPLETO,1,2
01,03,03,001,010303001,CAÑAZA,2,POBLADO COMPLETO,1,2
01,03,03,002,010303002,ENTRADA DE PUEBLO NUEVO,2,POBLADO COMPLETO,1,2
01,03,03,004,010303004,LOS ALVARADOS,2,POBLADO COMPLETO,1,2
01,03,03,005,010303005,PASO CATALINA,2,POBLADO COMPLETO,1,2
01,03,03,006,010303006,PUNTA PEÑA,1,CABECERA,1,2
01,03,03,007,010303007,QUEBRADA CAMARÓN,2,POBLADO COMPLETO,1,2
01,03,03,008,010303008,RAMBALA,3,POBLADO PARTE,1,2
01,03,03,009,010303009,CAÑAZAS No.2,2,POBLADO COMPLETO,1,2
01,03,03,010,010303010,HIGUERÓN,3,POBLADO PARTE,1,2
01,03,03,011,010303011,HIGUERÓN MELLIZOZ ARRIBA,3,POBLADO PARTE,1,2
01,03,04,028,010304028,LAS CAÑAS,3,POBLADO PARTE,1,2
01,03,04,032,010304032,LOS MOLEJONES,3,POBLADO PARTE,1,2
01,03,04,035,010304035,NORTEÑO,3,POBLADO PARTE,1,2
01,03,04,036,010304036,PALMA REAL,3,POBLADO PARTE,1,2
01,03,04,037,010304037,PUNTA ROBALO,1,CABECERA,1,2
01,03,04,044,010304044,SPANISH TOWN,2,POBLADO COMPLETO,1,2
01,03,04,057,010304057,VALLE SECO,2,POBLADO COMPLETO,1,2
01,03,04,076,010304076,LOS GUAYABALES,2,POBLADO COMPLETO,1,2
01,03,04,078,010304078,ALTO ZAPATERO,2,POBLADO COMPLETO,1,2
01,03,04,079,010304079,ALTO PALMA,2,POBLADO COMPLETO,1,2
01,03,04,080,010304080,CILICO CREEK,3,POBLADO PARTE,1,2
01,03,05,001,010305001,BARRANQUILLA No.3,3,POBLADO PARTE,1,2
01,03,05,002,010305002,BOCA DE GUARUMITO,2,POBLADO COMPLETO,1,2
01,03,05,003,010305003,CHIRIQUICITO O SOLATE,2,POBLADO COMPLETO,1,2
01,03,05,004,010305004,CHIRIQUICITO No.2,3,POBLADO PARTE,1,2
01,03,05,005,010305005,EL GUARUMO,2,POBLADO COMPLETO,1,2
01,03,05,006,010305006,GUARUMITO,3,POBLADO PARTE,1,2
01,03,05,007,010305007,GUARUMITO No.2 O CHIRIQUICITO No.1,3,POBLADO PARTE,1,2
01,03,05,008,010305008,LA MILAGROSA,2,POBLADO COMPLETO,1,2
01,03,05,009,010305009,RAMBALA,4,CABECERA PARTE (Mixto),1,2
01,03,05,010,010305010,NUEVA ESTRELLA,3,POBLADO PARTE,1,2
01,03,06,001,010306001,ÁFRICA,3,POBLADO PARTE,1,2
01,03,06,002,010306002,BAJO CEDRO,1,CABECERA,1,2
01,03,06,003,010306003,EL ESCOBAL,2,POBLADO COMPLETO,1,2
01,03,06,004,010306004,EL TAMARINDO,2,POBLADO COMPLETO,1,2
01,03,06,005,010306005,LA LOMA O LOMA BONITA,2,POBLADO COMPLETO,1,2
01,03,06,006,010306006,LOMA DE NONI,2,POBLADO COMPLETO,1,2
01,03,06,007,010306007,LOMA VENADO O PALMITO,3,POBLADO PARTE,1,2
01,03,06,008,010306008,PUERTO DEL DIABLO,2,POBLADO COMPLETO,1,2
01,03,06,009,010306009,QUEBRADA GARZA,2,POBLADO COMPLETO,1,2
01,03,06,010,010306010,TRAICIONERA,2,POBLADO COMPLETO,1,2
01,03,06,011,010306011,VALLE SARÓN O BIGOTE,2,POBLADO COMPLETO,1,2
01,03,06,012,010306012,EL TAPAO,2,POBLADO COMPLETO,1,2
01,03,06,013,010306013,LA CONGA,3,POBLADO PARTE,1,2
01,03,06,014,010306014,RANCHO QUEMADO,2,POBLADO COMPLETO,1,2
01,03,06,015,010306015,QUEBRADA MARÍN,2,POBLADO COMPLETO,1,2
01,04,01,001,010401001,ALMIRANTE,4,CABECERA PARTE (Mixto),1,1
01,04,01,003,010401003,LA BOMBA,3,POBLADO PARTE,1,2
01,04,01,006,010401006,MILLA 2,3,POBLADO PARTE,1,2
01,04,01,008,010401008,MILLA 3,3,POBLADO PARTE,1,2
01,04,01,062,010401062,BARRIADA NUEVO ALMIRANTE,2,POBLADO COMPLETO,1,2
01,04,01,065,010401065,LOMA BRAVA,3,POBLADO PARTE,1,2
01,04,01,066,010401066,RESIDENCIAL ALMIRANTE BAY,2,POBLADO COMPLETO,1,2
01,04,02,001,010402001,BARRIO FRANCÉS,4,CABECERA PARTE (Mixto),1,1
01,04,02,003,010402003,PUNTA BELLA,2,POBLADO COMPLETO,1,2
01,04,02,005,010402005,LOMA BRAVA,3,POBLADO PARTE,1,2
01,04,03,001,010403001,BARRIO GUAYMÍ,1,CABECERA,1,1
01,04,03,002,010403002,EL CARACOL O BARRIO GUAYMÍ No.2,2,POBLADO COMPLETO,1,2
01,04,03,003,010403003,LA BOMBA,3,POBLADO PARTE,1,2
01,04,03,004,010403004,LOMA QUEBRADA O LOS PIÑEROS,2,POBLADO COMPLETO,1,2
01,04,03,005,010403005,MILLA 2,3,POBLADO PARTE,1,2
01,04,03,006,010403006,MILLA 3,3,POBLADO PARTE,1,2
01,04,03,007,010403007,MILLA 4,2,POBLADO COMPLETO,1,2
01,04,03,008,010403008,MILLA 4 1/2,2,POBLADO COMPLETO,1,2
01,04,03,009,010403009,MILLA 5,3,POBLADO PARTE,1,2
01,04,03,010,010403010,MIRAFLORES,3,POBLADO PARTE,1,2
01,04,03,011,010403011,NUEVO PARAÍSO,2,POBLADO COMPLETO,1,2
01,04,03,013,010403013,QUEBRADA LIMÓN,2,POBLADO COMPLETO,1,2
01,04,03,014,010403014,QUEBRADA NIGUA,2,POBLADO COMPLETO,2,2
01,04,03,015,010403015,QUEBRADA NIGUA No.1,2,POBLADO COMPLETO,1,2
01,04,03,018,010403018,ALTO REFUGIO,2,POBLADO COMPLETO,1,2
01,04,04,002,010404002,BAJO GAVILÁN,2,POBLADO COMPLETO,1,2
01,04,04,003,010404003,BOCA CHICA,3,POBLADO PARTE,1,2
01,04,04,006,010404006,CHANGUINOLA ARRIBA,3,POBLADO PARTE,1,2
01,04,04,007,010404007,CHARCO LA PAVA No.2,2,POBLADO COMPLETO,1,2
01,04,04,009,010404009,GUAYABAL,3,POBLADO PARTE,1,2
01,04,04,010,010404010,NANCE DE RISCÓ,1,CABECERA,1,2
01,04,04,011,010404011,PUNTA PEÑA BLANCA,3,POBLADO PARTE,1,2
01,04,04,013,010404013,VALLE EL REY,2,POBLADO COMPLETO,1,3
01,04,04,016,010404016,COMUNIDAD LAZO,2,POBLADO COMPLETO,1,2
01,04,04,017,010404017,LA SOLEDAD DE RISCÓ,2,POBLADO COMPLETO,1,2
01,04,05,001,010405001,BAHÍA DE LOMA AZUL,2,POBLADO COMPLETO,1,2
01,04,05,002,010405002,CAYO ROLDÁN,2,POBLADO COMPLETO,1,2
01,04,05,003,010405003,EL CARRIZAL,2,POBLADO COMPLETO,1,2
01,04,05,004,010405004,ISLA PASTORES,2,POBLADO COMPLETO,1,2
01,04,05,005,010405005,LOMA AZUL,3,POBLADO PARTE,1,2
01,04,05,006,010405006,LOMA COCO,2,POBLADO COMPLETO,1,2
01,04,05,007,010405007,LOMA ESTRELLA,3,POBLADO PARTE,1,2
01,04,05,008,010405008,OJO DE AGUA,3,POBLADO PARTE,1,2
01,04,05,009,010405009,PALO SECO,3,POBLADO PARTE,1,2
01,04,05,010,010405010,PUNTA GALLINAZO,2,POBLADO COMPLETO,1,2
01,04,05,011,010405011,PUNTA PARGO,2,POBLADO COMPLETO,1,2
01,04,05,012,010405012,QUEBRADA BOSALI,2,POBLADO COMPLETO,1,2
01,04,05,013,010405013,QUEBRADA CACAO,2,POBLADO COMPLETO,1,2
01,04,05,014,010405014,QUEBRADA CASCAJO,2,POBLADO COMPLETO,1,2
01,04,05,015,010405015,QUEBRADA GARAY,2,POBLADO COMPLETO,1,2
01,04,05,017,010405017,QUEBRADA PASTOR,2,POBLADO COMPLETO,1,2
01,04,05,018,010405018,QUEBRADA PITTI,2,POBLADO COMPLETO,1,2
01,04,05,019,010405019,RENACIMIENTO,2,POBLADO COMPLETO,1,2
01,04,05,020,010405020,RÍO OESTE ABAJO,2,POBLADO COMPLETO,1,2
01,04,05,021,010405021,RÍO OESTE ARRIBA,2,POBLADO COMPLETO,1,2
01,04,05,022,010405022,VALLE DE AGUA ABAJO,2,POBLADO COMPLETO,1,2
01,04,05,023,010405023,VALLE DE AGUA ARRIBA,1,CABECERA,1,2
01,04,05,024,010405024,VALLE DE LAS PERLAS,2,POBLADO COMPLETO,1,2
01,04,05,025,010405025,LA ESCAPADA,2,POBLADO COMPLETO,1,2
01,04,05,026,010405026,NUEVA ESPERANZA,2,POBLADO COMPLETO,1,2
01,04,05,027,010405027,BAHÍA LOMAS,2,POBLADO COMPLETO,1,2
01,04,05,028,010405028,LOMA ESTRELLA ABAJO,2,POBLADO COMPLETO,1,2
01,04,05,029,010405029,LOMA VALIENTE,2,POBLADO COMPLETO,1,2
01,04,05,030,010405030,LOMA SANTOS,3,POBLADO PARTE,1,2
01,04,06,003,010406003,BOCA DE CULUBRE O PEÑA BLANCA,3,POBLADO PARTE,1,2
01,04,06,005,010406005,CABECERA DE CULEBRA,3,POBLADO PARTE,1,2
01,04,06,007,010406007,CULEBRA,3,POBLADO PARTE,1,2
01,04,06,008,010406008,CHANGUINOLA ARRIBA,3,POBLADO PARTE,1,2
01,04,06,010,010406010,GUAYABO O FINCA GUAYABO,2,POBLADO COMPLETO,1,2
01,04,06,011,010406011,DOS RIOS,2,POBLADO COMPLETO,1,2
01,04,06,013,010406013,BARRIADA 5 ESTRELLAS,2,POBLADO COMPLETO,1,2
01,04,06,019,010406019,LA SOLEDAD,2,POBLADO COMPLETO,1,2
01,04,06,020,010406020,NACHUIDO O QUEBRADA PLUMA,2,POBLADO COMPLETO,1,2
01,04,06,021,010406021,GUAYABAL,3,POBLADO PARTE,1,2
01,04,06,022,010406022,NUDOBIRI,2,POBLADO COMPLETO,1,2
01,04,06,027,010406027,PUNTA PEÑA BLANCA,3,POBLADO PARTE,1,2
01,04,06,028,010406028,PUNTA PEÑA,3,POBLADO PARTE,1,2
01,04,06,032,010406032,QUEBRADA PITA,2,POBLADO COMPLETO,1,2
01,04,06,033,010406033,ALTO ROMERO,2,POBLADO COMPLETO,1,2
01,04,06,035,010406035,TOLOTE U ORIENTE DEL RISCÓ,3,POBLADO PARTE,1,2
01,04,06,036,010406036,VALLE DEL RISCO,1,CABECERA,1,2
01,04,06,038,010406038,VELORIO O MONTE VERDE,3,POBLADO PARTE,1,2
01,04,06,040,010406040,NIRIONTE No.2 O BARRIADA GUERRA,2,POBLADO COMPLETO,1,2
01,04,06,041,010406041,PALO SECO,3,POBLADO PARTE,1,2
01,04,06,042,010406042,ALTO PINEDA,2,POBLADO COMPLETO,1,2
01,04,06,043,010406043,ALTO REFUGIO,2,POBLADO COMPLETO,1,2
01,04,06,044,010406044,BAJO NIEVE,2,POBLADO COMPLETO,1,2
01,04,06,045,010406045,BARRIADA SANTEÑA,2,POBLADO COMPLETO,1,2
01,04,06,046,010406046,OJO DE AGUA,2,POBLADO COMPLETO,1,2
01,04,06,047,010406047,OREGONTE,2,POBLADO COMPLETO,1,2
01,04,06,048,010406048,QUEBRADA CARACOL,3,POBLADO PARTE,1,2
01,04,06,049,010406049,QUEBRADA ESPERANZA DE RISCÓ,2,POBLADO COMPLETO,1,2
01,04,07,001,010407001,ALTO URI O NUEVA ZELANDA,2,POBLADO COMPLETO,1,2
01,04,07,002,010407002,ARCOIRIS,2,POBLADO COMPLETO,1,2
01,04,07,003,010407003,BAJO CULUBRE,4,CABECERA PARTE (Mixto),1,2
01,04,07,004,010407004,CAÑA BLANCA,2,POBLADO COMPLETO,1,2
01,04,07,005,010407005,CEIBA ARRIBA,3,POBLADO PARTE,1,2
01,04,07,006,010407006,FÁBREGA,2,POBLADO COMPLETO,1,2
01,04,07,007,010407007,LAJAS O SOL DEL MONTE,2,POBLADO COMPLETO,1,2
01,04,07,008,010407008,LOS NARANJOS,2,POBLADO COMPLETO,1,2
01,04,07,009,010407009,SITIO FLORES,2,POBLADO COMPLETO,1,2
01,04,08,001,010408001,BOCA DE NEGRITA O LA NEGRITA,3,POBLADO PARTE,1,2
01,04,08,002,010408002,QUEBRADA ESTRELLA,2,POBLADO COMPLETO,1,2
01,04,08,003,010408003,CAUCHERO,1,CABECERA,1,2
01,04,08,004,010408004,CAUCHERO ARRIBA,2,POBLADO COMPLETO,1,2
01,04,08,005,010408005,CAYO MONO,3,POBLADO PARTE,1,2
01,04,08,006,010408006,CERRO PALMA,2,POBLADO COMPLETO,1,2
01,04,08,007,010408007,DOBLE ESE O FINCA DOBLE ESE,2,POBLADO COMPLETO,2,2
01,04,08,008,010408008,DOS ESCOBAS,3,POBLADO PARTE,1,2
01,04,08,009,010408009,EL DESIERTO,2,POBLADO COMPLETO,1,2
01,04,08,010,010408010,LOMA AZUL,3,POBLADO PARTE,1,2
01,04,08,011,010408011,LOMA ESTRELLA,3,POBLADO PARTE,1,2
01,04,08,012,010408012,LOMA FRÍA,2,POBLADO COMPLETO,1,2
01,04,08,013,010408013,LOS HIGUERONES,2,POBLADO COMPLETO,1,2
01,04,08,014,010408014,LOS NARANJOS,2,POBLADO COMPLETO,1,2
01,04,08,017,010408017,PUEBLO NUEVO,3,POBLADO PARTE,1,2
01,04,08,021,010408021,QUEBRADA DEL PUEBLO,2,POBLADO COMPLETO,1,2
01,04,08,022,010408022,QUEBRADA HUACA,2,POBLADO COMPLETO,1,2
01,04,08,023,010408023,QUEBRADA MINA,2,POBLADO COMPLETO,1,2
01,04,08,024,010408024,QUEBRADA PINZÓN,2,POBLADO COMPLETO,1,2
01,04,08,025,010408025,QUEBRADA PLÁTANO,2,POBLADO COMPLETO,1,2
01,04,08,026,010408026,RÍO UYAMA,2,POBLADO COMPLETO,1,2
01,04,08,027,010408027,ALTO CAÑA,2,POBLADO COMPLETO,1,2
01,04,08,028,010408028,BARRIADA LA FE,2,POBLADO COMPLETO,1,2
01,04,08,029,010408029,LOMA CUCHILLA O CERRO PIEDRA,2,POBLADO COMPLETO,1,2
01,04,08,030,010408030,QUEBRADA MONO,2,POBLADO COMPLETO,1,2
01,04,08,031,010408031,SILOE,2,POBLADO COMPLETO,1,2
01,04,08,032,010408032,ÁFRICA,3,POBLADO PARTE,1,2
01,04,08,033,010408033,PUNTA PEÑA,3,POBLADO PARTE,1,2
01,04,08,034,010408034,TOLOTE U ORIENTE DEL RISCO,3,POBLADO PARTE,1,2
01,04,08,035,010408035,ALTO PIEDRA,2,POBLADO COMPLETO,1,2
01,04,08,036,010408036,BAJO MINA,2,POBLADO COMPLETO,1,2
01,04,08,037,010408037,LOMA SANTOS,3,POBLADO PARTE,1,2
01,04,09,001,010409001,BAJO CULUBRE,3,POBLADO PARTE,1,2
01,04,09,002,010409002,CABECERA DE CULEBRA,3,POBLADO PARTE,1,2
01,04,09,003,010409003,CEDRALES,2,POBLADO COMPLETO,1,2
01,04,09,004,010409004,CEIBA,1,CABECERA,1,2
01,04,09,005,010409005,CEIBA ARRIBA,3,POBLADO PARTE,1,2
01,04,09,006,010409006,CULEBRA,3,POBLADO PARTE,1,2
01,04,09,007,010409007,GUAYACÁN,2,POBLADO COMPLETO,1,2
01,04,09,008,010409008,LA PLAYITA,2,POBLADO COMPLETO,1,2
01,04,09,009,010409009,QUEBRADA CARACOL,3,POBLADO PARTE,1,2
01,04,09,010,010409010,VALLE LIBRE,2,POBLADO COMPLETO,1,2
01,04,09,011,010409011,VELORIO O MONTE VERDE,3,POBLADO PARTE,1,2
01,04,09,012,010409012,BOCA DE CULUBRE O PEÑA BLANCA,3,POBLADO PARTE,1,2
01,04,10,001,010410001,BELLA VISTA,2,POBLADO COMPLETO,1,2
01,04,10,002,010410002,LA GLORIA,3,POBLADO PARTE,1,2
01,04,10,003,010410003,LOMA MULETO,3,POBLADO PARTE,1,2
01,04,10,004,010410004,MILLA 3,3,POBLADO PARTE,1,2
01,04,10,005,010410005,MILLA 5,3,POBLADO PARTE,1,2
01,04,10,006,010410006,MILLA 7 1/2,3,POBLADO PARTE,1,2
01,04,10,007,010410007,MIRAFLORES,4,CABECERA PARTE (Mixto),1,2
01,04,10,008,010410008,OJO DE AGUA,3,POBLADO PARTE,1,2
01,04,10,009,010410009,QUEBRADA BANANO,2,POBLADO COMPLETO,1,2
01,04,10,011,010410011,TIBITE,2,POBLADO COMPLETO,1,2
02,01,01,001,020101001,AGUADULCE,1,CABECERA,1,1
02,01,01,005,020101005,PUERTO DE AGUADULCE,2,POBLADO COMPLETO,1,2
02,01,01,013,020101013,LOS PINOS,2,POBLADO COMPLETO,1,2
02,01,01,016,020101016,CERRO EL VIGÍA,2,POBLADO COMPLETO,1,2
02,01,01,018,020101018,FINCA LA FE,2,POBLADO COMPLETO,1,2
02,01,01,021,020101021,VÍA AL PUERTO,2,POBLADO COMPLETO,1,2
02,01,01,022,020101022,FINCA LA POLONIA,2,POBLADO COMPLETO,1,2
02,01,02,003,020102003,EL CALIXTO O LOS JUÁREZ,2,POBLADO COMPLETO,1,2
02,01,02,004,020102004,EL CRISTO,1,CABECERA,1,2
02,01,02,005,020102005,EL ESTERO DE SAN JOSÉ,3,POBLADO PARTE,1,2
02,01,02,007,020102007,EL HIGO,2,POBLADO COMPLETO,1,2
02,01,02,009,020102009,EL NARANJAL,2,POBLADO COMPLETO,1,2
02,01,02,010,020102010,EL OLIVO,2,POBLADO COMPLETO,1,2
02,01,02,011,020102011,EL PICACHO,3,POBLADO PARTE,1,2
02,01,02,013,020102013,JUAN BRAN,2,POBLADO COMPLETO,1,2
02,01,02,017,020102017,BARRIADA SANTA MARTA,2,POBLADO COMPLETO,1,2
02,01,02,018,020102018,LA POZA,2,POBLADO COMPLETO,1,2
02,01,02,023,020102023,LOS VOLCANES,3,POBLADO PARTE,2,2
02,01,02,024,020102024,QUEBRADA DE HATO,2,POBLADO COMPLETO,1,2
02,01,02,025,020102025,BARRIADA PUEBLO NUEVO,2,POBLADO COMPLETO,1,2
02,01,02,026,020102026,BARRIADA SAN PEDRO,2,POBLADO COMPLETO,1,2
02,01,02,028,020102028,LA NEGRITA,2,POBLADO COMPLETO,1,2
02,01,02,029,020102029,TRANQUILLA,2,POBLADO COMPLETO,1,2
02,01,02,032,020102032,LAS MIELES,3,POBLADO PARTE,2,2
02,01,02,034,020102034,LOS LAGOS,2,POBLADO COMPLETO,1,2
02,01,02,035,020102035,GUATACÁN,2,POBLADO COMPLETO,2,2
02,01,02,036,020102036,LAS MINERAS,3,POBLADO PARTE,1,2
02,01,02,037,020102037,LOS MARES,2,POBLADO COMPLETO,2,2
02,01,03,004,020103004,CHILIBRE,2,POBLADO COMPLETO,1,2
02,01,03,006,020103006,EL GUAYABO,2,POBLADO COMPLETO,1,2
02,01,03,008,020103008,EL ROBLE,1,CABECERA,1,2
02,01,03,012,020103012,EL HATO LA ESTRELLA O ALTO LA ESTRELLA,2,POBLADO COMPLETO,1,2
02,01,03,013,020103013,LA LOMA,2,POBLADO COMPLETO,1,2
02,01,03,015,020103015,LLANO BONITO,2,POBLADO COMPLETO,1,2
02,01,03,018,020103018,MANGOTE,2,POBLADO COMPLETO,2,2
02,01,03,019,020103019,MEMBRILLAL,2,POBLADO COMPLETO,1,2
02,01,03,020,020103020,SALITROSA,3,POBLADO PARTE,2,2
02,01,03,030,020103030,EL NARANJAL,3,POBLADO PARTE,1,2
02,01,03,032,020103032,ACUÍCOLA EL ROBLE,2,POBLADO COMPLETO,2,2
02,01,03,037,020103037,PRODUCTOS DEL MAR VERAGUENSES,2,POBLADO COMPLETO,2,2
02,01,03,038,020103038,RESIDENCIAL DON BOSCO,2,POBLADO COMPLETO,1,2
02,01,03,039,020103039,RESIDENCIAL DON BOSCO 2,2,POBLADO COMPLETO,1,2
02,01,04,006,020104006,POCRÍ,4,CABECERA PARTE (Mixto),1,1
02,01,05,001,020105001,ACHUSA,2,POBLADO COMPLETO,2,2
02,01,05,002,020105002,BARRIOS UNIDOS,1,CABECERA,1,1
02,01,05,003,020105003,BELLA VISTA,2,POBLADO COMPLETO,1,2
02,01,05,004,020105004,EL GALLO,2,POBLADO COMPLETO,1,2
02,01,05,005,020105005,EL SALADO,2,POBLADO COMPLETO,1,2
02,01,05,006,020105006,FINCA RACHUN PALANGOSTA,2,POBLADO COMPLETO,2,2
02,01,05,007,020105007,HACIENDA LA ISTMEÑA,2,POBLADO COMPLETO,1,2
02,01,05,008,020105008,LA CALETA,2,POBLADO COMPLETO,1,2
02,01,05,009,020105009,LA ISLETA,2,POBLADO COMPLETO,1,2
02,01,05,011,020105011,LOS INDIOS O PUNTA PIEDRA,2,POBLADO COMPLETO,1,2
02,01,05,012,020105012,LAS PALMILLAS,2,POBLADO COMPLETO,1,2
02,01,06,001,020106001,ALTAMIRA,2,POBLADO COMPLETO,1,2
02,01,06,002,020106002,COTAVA ABAJO,2,POBLADO COMPLETO,1,2
02,01,06,003,020106003,COTAVA ARRIBA,2,POBLADO COMPLETO,1,2
02,01,06,004,020106004,EL BARRERO,2,POBLADO COMPLETO,1,2
02,01,06,005,020106005,EL ESTERO DE SAN JOSÉ,3,POBLADO PARTE,1,2
02,01,06,006,020106006,EL JAGÜITO,2,POBLADO COMPLETO,1,2
02,01,06,007,020106007,FINCA LA PANELA,2,POBLADO COMPLETO,1,2
02,01,06,008,020106008,HATO DE SAN ANTONIO,2,POBLADO COMPLETO,1,2
02,01,06,009,020106009,INGENIO SANTA ROSA,2,POBLADO COMPLETO,1,2
02,01,06,010,020106010,LA CHAPA,2,POBLADO COMPLETO,1,2
02,01,06,011,020106011,LA CRUZ,2,POBLADO COMPLETO,1,2
02,01,06,012,020106012,LA LUCÍA,2,POBLADO COMPLETO,1,2
02,01,06,013,020106013,LLANO SÁNCHEZ,1,CABECERA,1,2
02,01,06,014,020106014,LLANO SANTO,2,POBLADO COMPLETO,1,2
02,01,06,015,020106015,SALITROSA,3,POBLADO PARTE,1,2
02,01,06,016,020106016,VISTA HERMOSA,2,POBLADO COMPLETO,1,2
02,01,06,017,020106017,FINCA COCOBO,2,POBLADO COMPLETO,1,2
02,01,06,018,020106018,FINCA TRAPICHE VIEJO,2,POBLADO COMPLETO,2,2
02,01,06,019,020106019,EL PINZÓN,3,POBLADO PARTE,1,2
02,01,07,001,020107001,BARRIADA LOS SANTEÑOS,2,POBLADO COMPLETO,1,2
02,01,07,002,020107002,CERRO MORADO,2,POBLADO COMPLETO,1,2
02,01,07,003,020107003,LAS MINERAS,3,POBLADO PARTE,1,2
02,01,07,004,020107004,POCRÍ,3,POBLADO PARTE,1,1
02,01,07,005,020107005,RESIDENCIAL LA LIBERTAD,2,POBLADO COMPLETO,1,2
02,01,07,006,020107006,RESIDENCIAL CERRO MORADO,2,POBLADO COMPLETO,1,2
02,01,08,001,020108001,CERRO GORDO,2,POBLADO COMPLETO,1,2
02,01,08,002,020108002,EL BARRERO,2,POBLADO COMPLETO,1,2
02,01,08,003,020108003,EL HATO DE SAN JUAN DE DIOS,1,CABECERA,1,2
02,01,08,004,020108004,EL MONO,2,POBLADO COMPLETO,1,2
02,01,08,005,020108005,EL NÍSPERO,2,POBLADO COMPLETO,1,2
02,01,08,006,020108006,EL PICACHO,3,POBLADO PARTE,1,2
02,01,08,007,020108007,EL PINZÓN,3,POBLADO PARTE,1,2
02,01,08,008,020108008,LA COLORADA,2,POBLADO COMPLETO,1,2
02,01,08,009,020108009,LA CORTADERA,2,POBLADO COMPLETO,1,2
02,01,08,010,020108010,LA LOMA DE LOS GONZÁLEZ,3,POBLADO PARTE,1,2
02,01,08,011,020108011,LA TINAJA,2,POBLADO COMPLETO,1,2
02,01,08,012,020108012,LAS MIELES,3,POBLADO PARTE,1,2
02,01,08,013,020108013,LOS CALLEJONES,2,POBLADO COMPLETO,1,2
02,01,08,014,020108014,LOS RINCONES,2,POBLADO COMPLETO,1,2
02,01,08,015,020108015,LOS VOLCANES,3,POBLADO PARTE,1,2
02,02,01,001,020201001,ANTÓN,1,CABECERA,1,1
02,02,01,002,020201002,BIJAGUAL,2,POBLADO COMPLETO,1,2
02,02,01,003,020201003,BOCA NUEVA,2,POBLADO COMPLETO,1,2
02,02,01,004,020201004,CALLE LARGA,2,POBLADO COMPLETO,1,2
02,02,01,005,020201005,CIÉNAGA VIEJA,2,POBLADO COMPLETO,1,2
02,02,01,008,020201008,GUABAS ARRIBA,2,POBLADO COMPLETO,1,2
02,02,01,009,020201009,LA HINCADA,2,POBLADO COMPLETO,1,2
02,02,01,010,020201010,LOS AZULES,2,POBLADO COMPLETO,1,2
02,02,01,011,020201011,LOS PANTANOS,2,POBLADO COMPLETO,1,2
02,02,01,012,020201012,LLANO MIRADOR,2,POBLADO COMPLETO,1,2
02,02,01,013,020201013,LA CAMARONERA,2,POBLADO COMPLETO,1,2
02,02,01,014,020201014,FINCA EL GUAYABO,2,POBLADO COMPLETO,1,2
02,02,01,015,020201015,CAMARONERA LA FE,2,POBLADO COMPLETO,1,2
02,02,01,016,020201016,FINCA EL GUINEO,3,POBLADO PARTE,1,2
02,02,01,017,020201017,FINCA DESARROLLO LA FE,2,POBLADO COMPLETO,1,2
02,02,01,018,020201018,CAMARONERA CAMASA,2,POBLADO COMPLETO,2,2
02,02,01,019,020201019,EL ROBLITO,2,POBLADO COMPLETO,1,2
02,02,01,020,020201020,HACIENDA SENDERO DEL VALLE,2,POBLADO COMPLETO,1,2
02,02,01,021,020201021,URBANIZACIÓN HACIENDA EL MIRADOR,2,POBLADO COMPLETO,1,1
02,02,02,001,020202001,AGUACATE,2,POBLADO COMPLETO,1,2
02,02,02,003,020202003,BAJO DE LA CRUZ,2,POBLADO COMPLETO,1,2
02,02,02,004,020202004,BARRANQUILLA,2,POBLADO COMPLETO,1,2
02,02,02,006,020202006,CABUYA,1,CABECERA,1,2
02,02,02,008,020202008,EL CIRUELITO,2,POBLADO COMPLETO,1,2
02,02,02,010,020202010,EL GUANÁBANO,2,POBLADO COMPLETO,1,2
02,02,02,011,020202011,EL HIGO,2,POBLADO COMPLETO,1,2
02,02,02,012,020202012,EL MACANITO,2,POBLADO COMPLETO,1,2
02,02,02,013,020202013,EL MACANO O MACANO ABAJO,2,POBLADO COMPLETO,1,2
02,02,02,014,020202014,EL NANCITO,2,POBLADO COMPLETO,1,2
02,02,02,015,020202015,EL QUIRA,2,POBLADO COMPLETO,1,2
02,02,02,016,020202016,LA LAGUNA,2,POBLADO COMPLETO,1,2
02,02,02,017,020202017,LOMA LARGA,2,POBLADO COMPLETO,1,2
02,02,02,019,020202019,LA PALMA,2,POBLADO COMPLETO,1,2
02,02,02,020,020202020,LA PIÑUELA,2,POBLADO COMPLETO,1,2
02,02,02,021,020202021,LA PITA,2,POBLADO COMPLETO,1,2
02,02,02,022,020202022,LA ZAMBA,2,POBLADO COMPLETO,1,2
02,02,02,023,020202023,LAS GUÍAS,2,POBLADO COMPLETO,1,2
02,02,02,024,020202024,LAS MATEAS,2,POBLADO COMPLETO,1,2
02,02,02,025,020202025,LOS ALONSOS,2,POBLADO COMPLETO,1,2
02,02,02,026,020202026,LOS ALVEOS,2,POBLADO COMPLETO,1,2
02,02,02,027,020202027,LOS CORRALES,2,POBLADO COMPLETO,1,2
02,02,02,029,020202029,LOS PINTOS,2,POBLADO COMPLETO,1,2
02,02,02,031,020202031,LOS SÁNCHEZ,2,POBLADO COMPLETO,1,2
02,02,02,032,020202032,LOS TORRES,2,POBLADO COMPLETO,1,2
02,02,02,033,020202033,LLANO GRANDE,2,POBLADO COMPLETO,1,2
02,02,02,034,020202034,MATA PALO,2,POBLADO COMPLETO,1,2
02,02,02,036,020202036,EL AROMO,2,POBLADO COMPLETO,1,2
02,02,02,037,020202037,RÍO HATO,2,POBLADO COMPLETO,1,2
02,02,02,038,020202038,ROMA,3,POBLADO PARTE,1,2
02,02,02,039,020202039,LOS CHIRÚ,2,POBLADO COMPLETO,1,2
02,02,02,041,020202041,LA PALMA No.1,2,POBLADO COMPLETO,1,2
02,02,02,043,020202043,LA PEDREGOSA,2,POBLADO COMPLETO,1,2
02,02,02,044,020202044,LLANO EL TIGRE,2,POBLADO COMPLETO,1,2
02,02,02,045,020202045,ALTOS DEL BARRERO,2,POBLADO COMPLETO,1,2
02,02,02,048,020202048,EL VALLE,3,POBLADO PARTE,1,1
02,02,03,001,020203001,BUEN RETIRO,2,POBLADO COMPLETO,1,2
02,02,03,002,020203002,EL CHIRÚ,4,CABECERA PARTE (Mixto),1,2
02,02,03,003,020203003,EL HATILLO,2,POBLADO COMPLETO,1,2
02,02,03,005,020203005,EL RINCÓN,2,POBLADO COMPLETO,1,2
02,02,03,006,020203006,JUAN HOMBRÓN,2,POBLADO COMPLETO,1,2
02,02,03,008,020203008,PALO VERDE,2,POBLADO COMPLETO,1,2
02,02,03,010,020203010,PUEBLO NUEVO,2,POBLADO COMPLETO,1,2
02,02,03,011,020203011,RÍO CHICO,2,POBLADO COMPLETO,1,2
02,02,03,012,020203012,SANTA FE O CULTIVOS JUAN HOMBRÓN,2,POBLADO COMPLETO,1,2
02,02,03,013,020203013,HACIENDA SANTA MÓNICA,2,POBLADO COMPLETO,1,2
02,02,03,014,020203014,LA ROMANA,2,POBLADO COMPLETO,1,2
02,02,03,015,020203015,BUENA VENTURA,3,POBLADO PARTE,1,1
02,02,03,016,020203016,HACIENDA MULTIGANADERA,2,POBLADO COMPLETO,1,2
02,02,03,018,020203018,LLANO GRANDE,3,POBLADO PARTE,1,2
02,02,03,019,020203019,LLANO SÁNCHEZ,2,POBLADO COMPLETO,1,2
02,02,03,020,020203020,LOS AGUILARES,3,POBLADO PARTE,1,2
02,02,03,021,020203021,QUEBRADA LAS YEGUAS,2,POBLADO COMPLETO,1,2
02,02,03,022,020203022,HATO VIEJO,2,POBLADO COMPLETO,1,2
02,02,03,023,020203023,SENDEROS DE SANTA MÓNICA,2,POBLADO COMPLETO,1,2
02,02,04,001,020204001,EL ESPINO,2,POBLADO COMPLETO,1,2
02,02,04,002,020204002,EL JOBO,2,POBLADO COMPLETO,1,2
02,02,04,003,020204003,EL MARAÑÓN,2,POBLADO COMPLETO,1,2
02,02,04,004,020204004,EL RETIRO,1,CABECERA,1,2
02,02,04,005,020204005,LA PEDREGOSA,2,POBLADO COMPLETO,1,2
02,02,04,007,020204007,CABALLERITO,3,POBLADO PARTE,1,2
02,02,04,008,020204008,LOS REYES,2,POBLADO COMPLETO,1,2
02,02,04,009,020204009,LOS SAMANIEGOS,2,POBLADO COMPLETO,1,2
02,02,04,010,020204010,LOS TORREROS,2,POBLADO COMPLETO,1,2
02,02,04,011,020204011,LLANO GRANDE,2,POBLADO COMPLETO,1,2
02,02,04,012,020204012,PANAMACITO,2,POBLADO COMPLETO,1,2
02,02,04,014,020204014,LA SOLEDAD,2,POBLADO COMPLETO,1,2
02,02,04,015,020204015,SAN JOSÉ No.2,2,POBLADO COMPLETO,1,2
02,02,04,016,020204016,LLANO BONITO No.1,3,POBLADO PARTE,1,2
02,02,04,017,020204017,LOS REYES No.1,3,POBLADO PARTE,1,2
02,02,04,018,020204018,EL CHIRÚ,3,POBLADO PARTE,1,2
02,02,04,019,020204019,PARAÍSO ESCONDIDO,2,POBLADO COMPLETO,1,2
02,02,04,020,020204020,LLANO GRANDE NEWS,2,POBLADO COMPLETO,1,2
02,02,05,001,020205001,EL VALLE,4,CABECERA PARTE (Mixto),1,1
02,02,05,002,020205002,LA MESA,2,POBLADO COMPLETO,1,2
02,02,05,003,020205003,QUEBRADA AMARILLA,2,POBLADO COMPLETO,1,2
02,02,05,004,020205004,LA AMAPOLA,2,POBLADO COMPLETO,1,2
02,02,05,005,020205005,ALTO DE LA MESA,2,POBLADO COMPLETO,1,2
02,02,05,007,020205007,LA INDIA,3,POBLADO PARTE,1,2
02,02,06,002,020206002,EL JAGÜITO,2,POBLADO COMPLETO,1,2
02,02,06,003,020206003,EL JOBO,2,POBLADO COMPLETO,1,2
02,02,06,005,020206005,JUAN DÍAZ,1,CABECERA,1,2
02,02,06,006,020206006,LA COLORADA,2,POBLADO COMPLETO,1,2
02,02,06,008,020206008,LA TORTUGUILLA,2,POBLADO COMPLETO,1,2
02,02,06,009,020206009,LA IGUANA,2,POBLADO COMPLETO,1,2
02,02,06,010,020206010,"ACUACULTURA LOS AZULES, S.A.",2,POBLADO COMPLETO,1,2
02,02,06,011,020206011,FINCA LA ROSA DE LOS VIENTOS,2,POBLADO COMPLETO,1,2
02,02,06,012,020206012,PEÑAS BLANCAS,2,POBLADO COMPLETO,2,2
02,02,06,013,020206013,RESIDENCIAL VISTA DEL RÍO,2,POBLADO COMPLETO,1,2
02,02,06,014,020206014,EL BAJITO,2,POBLADO COMPLETO,1,2
02,02,06,015,020206015,EL COROTÚ,2,POBLADO COMPLETO,1,2
02,02,06,016,020206016,FINCA EL GUINEO,3,POBLADO PARTE,1,2
02,02,06,017,020206017,LA CHORRERA,2,POBLADO COMPLETO,1,2
02,02,07,002,020207002,ALTO DE LA GLORIA,2,POBLADO COMPLETO,1,2
02,02,07,003,020207003,ARENILLA O TORO BRAVO,2,POBLADO COMPLETO,1,2
02,02,07,004,020207004,BOCA DE RÍO HATO,2,POBLADO COMPLETO,1,2
02,02,07,006,020207006,CHUMICO REDONDO,2,POBLADO COMPLETO,1,2
02,02,07,007,020207007,EL CHUMICO O EL COMEJÉN,2,POBLADO COMPLETO,1,2
02,02,07,008,020207008,LAS GUÍAS DE OCCIDENTE O EL ESPINO,2,POBLADO COMPLETO,1,2
02,02,07,010,020207010,EL LIMÓN,2,POBLADO COMPLETO,1,2
02,02,07,011,020207011,LLANO BONITO No.1,3,POBLADO PARTE,1,2
02,02,07,012,020207012,PLATANAL,2,POBLADO COMPLETO,1,2
02,02,07,013,020207013,FARALLÓN,2,POBLADO COMPLETO,1,2
02,02,07,016,020207016,LAS LOMAS,2,POBLADO COMPLETO,1,2
02,02,07,017,020207017,LA PACORA,2,POBLADO COMPLETO,1,2
02,02,07,019,020207019,LAS GUÍAS ORIENTE,2,POBLADO COMPLETO,1,2
02,02,07,020,020207020,LAS MATAS,2,POBLADO COMPLETO,1,2
02,02,07,022,020207022,LAS TRANCAS,2,POBLADO COMPLETO,1,2
02,02,07,023,020207023,LOS POLLOS,2,POBLADO COMPLETO,1,2
02,02,07,024,020207024,LLANO BONITO No.2,2,POBLADO COMPLETO,1,2
02,02,07,026,020207026,PALO VERDE,2,POBLADO COMPLETO,1,2
02,02,07,027,020207027,PLAYA BLANCA,2,POBLADO COMPLETO,1,2
02,02,07,028,020207028,PONEDERO,2,POBLADO COMPLETO,1,2
02,02,07,029,020207029,PUEBLO NUEVO O EL JOBO,2,POBLADO COMPLETO,1,2
02,02,07,030,020207030,RÍO HATO,1,CABECERA,1,1
02,02,07,032,020207032,SANTA CLARA,2,POBLADO COMPLETO,1,2
02,02,07,034,020207034,FOSTER,2,POBLADO COMPLETO,1,2
02,02,07,035,020207035,SEA CLIFF,2,POBLADO COMPLETO,1,2
02,02,07,036,020207036,BOCA DE PATIÑO,2,POBLADO COMPLETO,1,2
02,02,07,037,020207037,EL PIRAL,2,POBLADO COMPLETO,1,2
02,02,07,038,020207038,LA PLAYA DE SANTA CLARA,2,POBLADO COMPLETO,1,2
02,02,07,040,020207040,LOS CUERNOS,2,POBLADO COMPLETO,1,2
02,02,07,041,020207041,ROMA,3,POBLADO PARTE,1,2
02,02,07,042,020207042,AEROPUERTO DE RÍO HATO,2,POBLADO COMPLETO,2,2
02,02,07,043,020207043,AGROGANADERA COCLÉ,2,POBLADO COMPLETO,1,2
02,02,07,045,020207045,COSTA ARENA,2,POBLADO COMPLETO,1,2
02,02,07,046,020207046,DESARROLLO SANTA CLARA,2,POBLADO COMPLETO,1,2
02,02,07,047,020207047,EL JOBITO,2,POBLADO COMPLETO,1,2
02,02,07,048,020207048,ENTRADA DE PLAYA BLANCA,2,POBLADO COMPLETO,1,2
02,02,07,049,020207049,FINCA EL BAJO,2,POBLADO COMPLETO,2,2
02,02,07,050,020207050,FINCA BENDECIDA,2,POBLADO COMPLETO,1,2
02,02,07,051,020207051,FINCA LAS PALMERAS,2,POBLADO COMPLETO,1,2
02,02,07,053,020207053,HOTEL ROYAL DECAMERON,2,POBLADO COMPLETO,1,2
02,02,07,054,020207054,LAS BRUJAS,2,POBLADO COMPLETO,1,2
02,02,07,055,020207055,NUEVO FARALLÓN,2,POBLADO COMPLETO,1,2
02,02,07,056,020207056,COSTA BLANCA VILLAS,2,POBLADO COMPLETO,1,2
02,02,07,057,020207057,BARCELÓ PLAYA BLANCA,2,POBLADO COMPLETO,1,2
02,02,07,058,020207058,QUINTAS SOL Y MAR,2,POBLADO COMPLETO,1,2
02,02,07,059,020207059,BIJAO,2,POBLADO COMPLETO,1,1
02,02,07,060,020207060,SOL Y MAR,2,POBLADO COMPLETO,1,2
02,02,07,061,020207061,IBIZA RESIDENCES,2,POBLADO COMPLETO,1,2
02,02,07,062,020207062,IBIZA VILLAGE,2,POBLADO COMPLETO,1,2
02,02,07,063,020207063,BUENAVENTURA,3,POBLADO PARTE,1,1
02,02,07,064,020207064,LOS NARANJOS,2,POBLADO COMPLETO,1,2
02,02,07,065,020207065,URBANIZACIÓN BRISAS DE SEA CLIFF,2,POBLADO COMPLETO,1,2
02,02,08,001,020208001,ALTO DE LA ESTANCIA,3,POBLADO PARTE,1,2
02,02,08,005,020208005,BAJO GRANDE,2,POBLADO COMPLETO,1,2
02,02,08,014,020208014,CHUMICAL,2,POBLADO COMPLETO,1,2
02,02,08,016,020208016,ÁGUILA ABAJO O EL PALMAR,2,POBLADO COMPLETO,1,2
02,02,08,017,020208017,ENTRADERO,2,POBLADO COMPLETO,1,2
02,02,08,025,020208025,LA CHAPA,2,POBLADO COMPLETO,1,2
02,02,08,029,020208029,CHORRERITA No.1,2,POBLADO COMPLETO,1,2
02,02,08,030,020208030,CHORRERITA No.2,2,POBLADO COMPLETO,1,2
02,02,08,032,020208032,LA ESTANCIA,2,POBLADO COMPLETO,1,2
02,02,08,033,020208033,EL SALADO,2,POBLADO COMPLETO,1,2
02,02,08,035,020208035,LA SALINA,2,POBLADO COMPLETO,1,2
02,02,08,040,020208040,LOS MARTÍNEZ,2,POBLADO COMPLETO,1,2
02,02,08,041,020208041,LOS MENDOZAS,2,POBLADO COMPLETO,1,2
02,02,08,042,020208042,LOS MENESES,2,POBLADO COMPLETO,1,2
02,02,08,043,020208043,LOS MORÁN,2,POBLADO COMPLETO,1,2
02,02,08,045,020208045,LOS REYES,2,POBLADO COMPLETO,1,2
02,02,08,048,020208048,LOS VALDÉZ,2,POBLADO COMPLETO,1,2
02,02,08,055,020208055,SAN JUAN DE DIOS,1,CABECERA,1,2
02,02,08,056,020208056,SANTA ELENA O LAS CABUYAS,2,POBLADO COMPLETO,1,2
02,02,08,059,020208059,EL COCA,2,POBLADO COMPLETO,1,2
02,02,08,062,020208062,ALTO MÉXICO,2,POBLADO COMPLETO,1,2
02,02,08,063,020208063,NUEVO MÉXICO,2,POBLADO COMPLETO,1,2
02,02,08,064,020208064,LA INDIA,3,POBLADO PARTE,1,2
02,02,08,066,020208066,SAN JOSÉ,2,POBLADO COMPLETO,1,2
02,02,08,067,020208067,ALTOS DEL COCA,2,POBLADO COMPLETO,1,2
02,02,08,068,020208068,LAS PEÑITAS,2,POBLADO COMPLETO,1,2
02,02,09,001,020209001,BUENOS AIRES,2,POBLADO COMPLETO,1,2
02,02,09,004,020209004,LAS PEÑITAS,2,POBLADO COMPLETO,1,2
02,02,09,006,020209006,LOS GONZÁLEZ,2,POBLADO COMPLETO,1,2
02,02,09,007,020209007,LOS PÉREZ,2,POBLADO COMPLETO,1,2
02,02,09,008,020209008,LOS SÁNCHEZ,2,POBLADO COMPLETO,1,2
02,02,09,009,020209009,LLANO GRANDE,3,POBLADO PARTE,1,2
02,02,09,010,020209010,PUEBLO NUEVO,2,POBLADO COMPLETO,1,2
02,02,09,011,020209011,QUEBRADA GRANDE,2,POBLADO COMPLETO,1,2
02,02,09,013,020209013,SANTA RITA,1,CABECERA,1,2
02,02,09,014,020209014,SANTA RITA ABAJO,2,POBLADO COMPLETO,1,2
02,02,09,015,020209015,LOS REYES No.1,3,POBLADO PARTE,1,2
02,02,09,016,020209016,BELLA FLORIDA,2,POBLADO COMPLETO,1,2
02,02,09,017,020209017,LA GRANADILLA,2,POBLADO COMPLETO,1,2
02,02,09,018,020209018,LOS AGUILARES,3,POBLADO PARTE,1,2
02,02,09,019,020209019,LOS ALONSO,2,POBLADO COMPLETO,1,2
02,02,09,020,020209020,CABALLERITO,3,POBLADO PARTE,1,2
02,02,09,021,020209021,CERRO GORDO,2,POBLADO COMPLETO,1,2
02,02,09,022,020209022,SAN JOSÉ No.1,2,POBLADO COMPLETO,1,2
02,02,09,023,020209023,CABECERA DE RÍO CHICO,2,POBLADO COMPLETO,1,2
02,02,09,024,020209024,LLANO GRANDE No.1,2,POBLADO COMPLETO,1,2
02,02,09,025,020209025,PIEDRA AMARILLA,2,POBLADO COMPLETO,1,2
02,02,10,001,020210001,ALTO DE RÍO ANTÓN,2,POBLADO COMPLETO,1,2
02,02,10,002,020210002,ALTO DE RÍO DE JESÚS,2,POBLADO COMPLETO,1,2
02,02,10,003,020210003,BARNIZAL,2,POBLADO COMPLETO,1,2
02,02,10,004,020210004,BELLA VISTA,2,POBLADO COMPLETO,1,2
02,02,10,005,020210005,BOCA DE CABALLERO,2,POBLADO COMPLETO,1,2
02,02,10,006,020210006,CABALLERITO O LOS ALVEOS,2,POBLADO COMPLETO,1,2
02,02,10,007,020210007,CABALLERO,1,CABECERA,1,2
02,02,10,008,020210008,CERRO LINO,2,POBLADO COMPLETO,1,2
02,02,10,009,020210009,EL ÁGUILA O EL PALMAR,2,POBLADO COMPLETO,1,2
02,02,10,010,020210010,EL CIRUELO O LOMA LA PALMA,2,POBLADO COMPLETO,1,2
02,02,10,011,020210011,EL HARINO,2,POBLADO COMPLETO,1,2
02,02,10,012,020210012,EL LIMÓN,2,POBLADO COMPLETO,1,2
02,02,10,013,020210013,EL NANCE,2,POBLADO COMPLETO,1,2
02,02,10,014,020210014,EL NARANJO,2,POBLADO COMPLETO,1,2
02,02,10,015,020210015,EL NISPERAL,2,POBLADO COMPLETO,1,2
02,02,10,016,020210016,EL ROBLE,2,POBLADO COMPLETO,1,2
02,02,10,017,020210017,LA COCA,2,POBLADO COMPLETO,1,2
02,02,10,018,020210018,LA ESPERANZA,2,POBLADO COMPLETO,1,2
02,02,10,019,020210019,LA GLORIA,2,POBLADO COMPLETO,1,2
02,02,10,020,020210020,LA GUÁCHARA,2,POBLADO COMPLETO,1,2
02,02,10,021,020210021,LA MONTAÑUELA O LOS MARTÍNEZ,2,POBLADO COMPLETO,1,2
02,02,10,023,020210023,LOS CERRITOS,2,POBLADO COMPLETO,1,2
02,02,10,025,020210025,LOS POZOS,2,POBLADO COMPLETO,1,2
02,02,10,026,020210026,LOS SABINOS,2,POBLADO COMPLETO,1,2
02,02,10,027,020210027,LOS SEGUNDOS,2,POBLADO COMPLETO,1,2
02,02,10,028,020210028,LLANO BONITO,2,POBLADO COMPLETO,1,2
02,02,10,029,020210029,PUEBLO NUEVO,2,POBLADO COMPLETO,1,2
02,02,10,030,020210030,QUEBRADA GRANDE,2,POBLADO COMPLETO,1,2
02,02,10,031,020210031,RINCÓN CLARO,2,POBLADO COMPLETO,1,2
02,02,10,032,020210032,TEBUJO,2,POBLADO COMPLETO,1,2
02,02,10,033,020210033,TRANQUILLA,2,POBLADO COMPLETO,1,2
02,02,10,034,020210034,TRANQUILLA NORTE,2,POBLADO COMPLETO,1,2
02,02,10,035,020210035,PIEDRA HACHA,2,POBLADO COMPLETO,1,2
02,03,01,002,020301002,BOQUILLA O LA BOQUILLA,2,POBLADO COMPLETO,1,2
02,03,01,003,020301003,CHISNA,2,POBLADO COMPLETO,1,2
02,03,01,004,020301004,EL BACO,3,POBLADO PARTE,1,2
02,03,01,005,020301005,EL BARRERO,2,POBLADO COMPLETO,1,2
02,03,01,006,020301006,HATO DE LA VIRGEN,2,POBLADO COMPLETO,1,2
02,03,01,007,020301007,PICACHO,2,POBLADO COMPLETO,1,2
02,03,01,008,020301008,EL RODEO,3,POBLADO PARTE,1,2
02,03,01,009,020301009,FARALLÓN,2,POBLADO COMPLETO,1,2
02,03,01,010,020301010,GUARUMAL,2,POBLADO COMPLETO,1,2
02,03,01,011,020301011,LA ALBINA,2,POBLADO COMPLETO,1,2
02,03,01,012,020301012,LA HERRADA,2,POBLADO COMPLETO,1,2
02,03,01,013,020301013,EL PEDREGOSO,2,POBLADO COMPLETO,1,2
02,03,01,014,020301014,LA PINTADA,1,CABECERA,1,1
02,03,01,015,020301015,LAS GUABAS,2,POBLADO COMPLETO,1,2
02,03,01,016,020301016,LOS REYES,2,POBLADO COMPLETO,1,2
02,03,01,017,020301017,LLANO MORENO,2,POBLADO COMPLETO,1,2
02,03,01,018,020301018,MEMBRILLAL,3,POBLADO PARTE,1,2
02,03,01,019,020301019,ORARI,2,POBLADO COMPLETO,1,2
02,03,01,020,020301020,PALO VERDE,2,POBLADO COMPLETO,1,2
02,03,01,021,020301021,PERICO,2,POBLADO COMPLETO,1,2
02,03,01,022,020301022,PINTADA VIEJA,2,POBLADO COMPLETO,1,2
02,03,01,023,020301023,POTRERILLO,2,POBLADO COMPLETO,1,2
02,03,01,024,020301024,NUEVO PARAÍSO O RINCÓN SUCIO,2,POBLADO COMPLETO,1,2
02,03,01,025,020301025,SANTANA,2,POBLADO COMPLETO,1,2
02,03,01,026,020301026,SANTOS ORTÍZ,2,POBLADO COMPLETO,1,2
02,03,01,028,020301028,TORO BRAVO,3,POBLADO PARTE,1,2
02,03,01,029,020301029,VALLE ALEGRE,2,POBLADO COMPLETO,1,2
02,03,01,030,020301030,OJO DE AGUA,2,POBLADO COMPLETO,1,2
02,03,01,031,020301031,EL BAJITO,2,POBLADO COMPLETO,1,2
02,03,01,032,020301032,LA ALBINITA,2,POBLADO COMPLETO,1,2
02,03,01,033,020301033,PERECABE,2,POBLADO COMPLETO,1,2
02,03,01,036,020301036,EL PEÑONCITO,2,POBLADO COMPLETO,1,2
02,03,01,037,020301037,LLANO GRANDE,3,POBLADO PARTE,1,2
02,03,02,003,020302003,BARRIGÓN,2,POBLADO COMPLETO,1,2
02,03,02,005,020302005,BOCA DE LOS RÍOS,2,POBLADO COMPLETO,1,2
02,03,02,007,020302007,CAÑAVERAL,2,POBLADO COMPLETO,1,2
02,03,02,008,020302008,CAÑO SUCIO,2,POBLADO COMPLETO,1,2
02,03,02,016,020302016,EL COPÉ,1,CABECERA,1,2
02,03,02,017,020302017,EL ENTRADERO,2,POBLADO COMPLETO,1,2
02,03,02,019,020302019,FARALLÓN,2,POBLADO COMPLETO,1,2
02,03,02,021,020302021,GUABAL,2,POBLADO COMPLETO,1,2
02,03,02,023,020302023,EL HARINO,2,POBLADO COMPLETO,1,2
02,03,02,024,020302024,EL JOBO,3,POBLADO PARTE,1,2
02,03,02,025,020302025,LIMÓN,2,POBLADO COMPLETO,1,2
02,03,02,026,020302026,EL MACANO,2,POBLADO COMPLETO,1,2
02,03,02,031,020302031,PAPELILLO,2,POBLADO COMPLETO,1,2
02,03,02,033,020302033,EL POTROSO,2,POBLADO COMPLETO,1,2
02,03,02,034,020302034,QUEBRADA HONDURAS,2,POBLADO COMPLETO,1,2
02,03,02,037,020302037,EL FALDAR,2,POBLADO COMPLETO,1,2
02,03,02,039,020302039,EL TIGRE,2,POBLADO COMPLETO,1,2
02,03,02,041,020302041,LA CEIBA,2,POBLADO COMPLETO,1,2
02,03,02,042,020302042,LA COLORADA,2,POBLADO COMPLETO,1,2
02,03,02,043,020302043,LA CHAQUETA,2,POBLADO COMPLETO,1,2
02,03,02,044,020302044,LA CHATA O LOMA CHATA,2,POBLADO COMPLETO,1,2
02,03,02,045,020302045,LA CHICHICA,2,POBLADO COMPLETO,1,2
02,03,02,046,020302046,LA JUNTA O EL JAGÜITO,2,POBLADO COMPLETO,1,2
02,03,02,048,020302048,LA PALMA,2,POBLADO COMPLETO,1,2
02,03,02,049,020302049,LA RICA,2,POBLADO COMPLETO,1,2
02,03,02,050,020302050,LAS PEÑITAS,2,POBLADO COMPLETO,1,2
02,03,02,053,020302053,LAS TIBIAS,2,POBLADO COMPLETO,1,2
02,03,02,057,020302057,LOS PÁJAROS,2,POBLADO COMPLETO,1,2
02,03,02,058,020302058,LOS PICADORES,2,POBLADO COMPLETO,1,2
02,03,02,061,020302061,SANTA MARTA,2,POBLADO COMPLETO,1,2
02,03,02,063,020302063,PALMARAZO,2,POBLADO COMPLETO,1,2
02,03,02,066,020302066,RÍO BLANCO,2,POBLADO COMPLETO,1,2
02,03,02,067,020302067,RÍO BLANCO DEL NORTE,2,POBLADO COMPLETO,1,2
02,03,02,068,020302068,RÍO COLORADO,2,POBLADO COMPLETO,1,2
02,03,02,069,020302069,SAN JUAN CENTRO,2,POBLADO COMPLETO,1,2
02,03,02,070,020302070,SAN PABLO,2,POBLADO COMPLETO,1,2
02,03,02,071,020302071,SORIANO,2,POBLADO COMPLETO,1,2
02,03,02,073,020302073,VENTORRILLO,2,POBLADO COMPLETO,1,2
02,03,02,074,020302074,VILLALOBOS,2,POBLADO COMPLETO,1,2
02,03,02,081,020302081,LAS CUEVAS O SAN JUAN DEL MEDIO,2,POBLADO COMPLETO,1,2
02,03,02,083,020302083,LA GARNADERA,2,POBLADO COMPLETO,1,2
02,03,02,088,020302088,AGUAS BLANCAS,2,POBLADO COMPLETO,1,2
02,03,02,089,020302089,LA MINA No.2,2,POBLADO COMPLETO,1,2
02,03,02,090,020302090,LAS TABLAS,3,POBLADO PARTE,1,2
02,03,02,091,020302091,ALTO DEL GALLO,2,POBLADO COMPLETO,1,2
02,03,02,093,020302093,VILLA,2,POBLADO COMPLETO,1,2
02,03,02,094,020302094,BUENA VISTA,2,POBLADO COMPLETO,1,2
02,03,02,096,020302096,TRES BRAZOS DE TURBE,3,POBLADO PARTE,1,2
02,03,02,097,020302097,MOLEJÓN O LOS MOLEJONES,3,POBLADO PARTE,1,2
02,03,02,099,020302099,LOS BATEALES,2,POBLADO COMPLETO,1,2
02,03,02,100,020302100,LOS SALTILLOS,2,POBLADO COMPLETO,1,2
02,03,02,101,020302101,ACLOSA O LA ACLOSA,2,POBLADO COMPLETO,1,2
02,03,02,103,020302103,BATATA,2,POBLADO COMPLETO,1,2
02,03,02,105,020302105,CERRO LAS PEÑAS,2,POBLADO COMPLETO,2,2
02,03,02,106,020302106,EL PORVENIR,2,POBLADO COMPLETO,1,2
02,03,02,107,020302107,GUABALITO,2,POBLADO COMPLETO,1,2
02,03,02,108,020302108,JAMAICA,3,POBLADO PARTE,1,2
02,03,02,109,020302109,LA CONGA,2,POBLADO COMPLETO,1,2
02,03,02,110,020302110,LA GARNADERITA,2,POBLADO COMPLETO,1,2
02,03,02,111,020302111,LA TOLLOSA,2,POBLADO COMPLETO,1,2
02,03,02,112,020302112,LOS ANDES,2,POBLADO COMPLETO,1,2
02,03,02,113,020302113,LOS BATEOS No.1,2,POBLADO COMPLETO,1,2
02,03,02,114,020302114,LOS BATEOS No.2,2,POBLADO COMPLETO,1,2
02,03,02,115,020302115,LOS PALOS,2,POBLADO COMPLETO,1,2
02,03,02,117,020302117,PRIMER PASO,2,POBLADO COMPLETO,1,2
02,03,02,118,020302118,PRIMERA CORRIENTE,2,POBLADO COMPLETO,1,2
02,03,02,119,020302119,QUEBRADA PIEDRA AMARILLA,2,POBLADO COMPLETO,1,2
02,03,02,121,020302121,SALTILLO,2,POBLADO COMPLETO,1,2
02,03,02,123,020302123,ALTO DE VENTORRILLO,2,POBLADO COMPLETO,1,2
02,03,02,125,020302125,POZO REDONDO,2,POBLADO COMPLETO,1,2
02,03,02,126,020302126,ALTO DEL CALVARIO,2,POBLADO COMPLETO,1,2
02,03,02,127,020302127,JAGÜITO,2,POBLADO COMPLETO,1,2
02,03,02,128,020302128,PAN DE AZÚCAR,2,POBLADO COMPLETO,1,2
02,03,02,129,020302129,QUEBRADA LA MONA,2,POBLADO COMPLETO,1,2
02,03,02,130,020302130,QUEBRADA LA YEGUA,2,POBLADO COMPLETO,1,2
02,03,02,131,020302131,SALTILLO DEL MEDIO,2,POBLADO COMPLETO,1,2
02,03,03,001,020303001,AGUA BUENA,2,POBLADO COMPLETO,1,2
02,03,03,003,020303003,BERMEJA ABAJO,2,POBLADO COMPLETO,1,2
02,03,03,004,020303004,BERMEJA ARRIBA,2,POBLADO COMPLETO,1,2
02,03,03,006,020303006,BOCA DE LAS TABLAS,2,POBLADO COMPLETO,1,2
02,03,03,007,020303007,CERRO AGÚ,2,POBLADO COMPLETO,1,2
02,03,03,008,020303008,CERRO COLORADO,2,POBLADO COMPLETO,1,2
02,03,03,009,020303009,EL DUENDE,2,POBLADO COMPLETO,1,2
02,03,03,010,020303010,EL ESPINO,2,POBLADO COMPLETO,1,2
02,03,03,011,020303011,EL HUECO,2,POBLADO COMPLETO,1,2
02,03,03,012,020303012,EL MAGUE,2,POBLADO COMPLETO,1,2
02,03,03,013,020303013,EL PITAL,3,POBLADO PARTE,1,2
02,03,03,014,020303014,EL POTRERO,1,CABECERA,1,2
02,03,03,017,020303017,LA MADERA,2,POBLADO COMPLETO,1,2
02,03,03,018,020303018,LAS CUESTAS,2,POBLADO COMPLETO,1,2
02,03,03,019,020303019,LA PALMA,2,POBLADO COMPLETO,1,2
02,03,03,020,020303020,LAS TABLAS,3,POBLADO PARTE,1,2
02,03,03,021,020303021,LOMA COLORADA,2,POBLADO COMPLETO,1,2
02,03,03,022,020303022,LOMA LARGA,2,POBLADO COMPLETO,1,2
02,03,03,023,020303023,PIEDRA AMARILLA,2,POBLADO COMPLETO,1,2
02,03,03,024,020303024,PIEDRAS BLANCAS,2,POBLADO COMPLETO,1,2
02,03,03,025,020303025,POTRELLANO,2,POBLADO COMPLETO,1,2
02,03,03,026,020303026,MOLEJONAR O PUNTA FRESCA,2,POBLADO COMPLETO,1,2
02,03,03,027,020303027,EL VELADERO,2,POBLADO COMPLETO,1,2
02,03,03,028,020303028,ALTO DEL CHIRÚ,2,POBLADO COMPLETO,1,2
02,03,03,029,020303029,ALTO DE LAS CUESTAS,2,POBLADO COMPLETO,1,2
02,03,03,030,020303030,LA LOMA,2,POBLADO COMPLETO,1,2
02,03,03,031,020303031,TORO BRAVO,3,POBLADO PARTE,1,2
02,03,03,033,020303033,LA ISLETA DEL POTRERO,2,POBLADO COMPLETO,1,2
02,03,04,001,020304001,AGUA FRÍA,2,POBLADO COMPLETO,1,2
02,03,04,002,020304002,ALGARROBAL,2,POBLADO COMPLETO,1,2
02,03,04,003,020304003,ALMORZADERO,2,POBLADO COMPLETO,1,2
02,03,04,005,020304005,BAJO PERICO,2,POBLADO COMPLETO,1,2
02,03,04,023,020304023,EL CHUMICAL,2,POBLADO COMPLETO,1,2
02,03,04,027,020304027,CACIQUE,2,POBLADO COMPLETO,1,2
02,03,04,030,020304030,EL JAGÜITO,2,POBLADO COMPLETO,1,2
02,03,04,040,020304040,ENTRADERO,2,POBLADO COMPLETO,1,2
02,03,04,048,020304048,LA HONDA,2,POBLADO COMPLETO,1,2
02,03,04,050,020304050,MULA,2,POBLADO COMPLETO,1,2
02,03,04,058,020304058,LA VENTA,2,POBLADO COMPLETO,1,2
02,03,04,060,020304060,LOMA DE PAJA,2,POBLADO COMPLETO,1,2
02,03,04,064,020304064,LUISA,2,POBLADO COMPLETO,1,2
02,03,04,065,020304065,LLANO GRANDE,4,CABECERA PARTE (Mixto),1,2
02,03,04,067,020304067,MOHINO,2,POBLADO COMPLETO,1,2
02,03,04,070,020304070,ORERA O QUEBRADA ORERA,2,POBLADO COMPLETO,1,2
02,03,04,071,020304071,PAGUA,2,POBLADO COMPLETO,1,2
02,03,04,072,020304072,PAPAYAL,2,POBLADO COMPLETO,1,2
02,03,04,081,020304081,SABANETA ARRIBA,2,POBLADO COMPLETO,1,2
02,03,04,082,020304082,SABANETA DE LLANO GRANDE O SAN ANTONIO,2,POBLADO COMPLETO,1,2
02,03,04,084,020304084,SABENETA DEL PALMAR,2,POBLADO COMPLETO,1,2
02,03,04,086,020304086,SAN JUANITO,2,POBLADO COMPLETO,1,2
02,03,04,087,020304087,SANTA CRUZ,2,POBLADO COMPLETO,1,2
02,03,04,088,020304088,SANTA FE,2,POBLADO COMPLETO,1,2
02,03,04,089,020304089,SARDINA No.4,2,POBLADO COMPLETO,1,2
02,03,04,123,020304123,EL PALMAR ABAJO,2,POBLADO COMPLETO,1,2
02,03,04,145,020304145,LAS MINAS,3,POBLADO PARTE,1,2
02,03,04,156,020304156,CERRO PELADO,2,POBLADO COMPLETO,1,2
02,03,04,158,020304158,AGUAS BLANCAS,3,POBLADO PARTE,1,2
02,03,04,161,020304161,EL CHORRO,2,POBLADO COMPLETO,1,2
02,03,04,162,020304162,EL PALMAR ARRIBA,2,POBLADO COMPLETO,1,2
02,03,04,167,020304167,LOS POTRERILLOS,2,POBLADO COMPLETO,1,2
02,03,05,001,020305001,EL HIGO O EL HIGUITO,2,POBLADO COMPLETO,1,2
02,03,05,002,020305002,ALTO DEL JOBO,2,POBLADO COMPLETO,1,2
02,03,05,004,020305004,BERMEJO,2,POBLADO COMPLETO,1,2
02,03,05,006,020305006,BUENAVENTURA,2,POBLADO COMPLETO,1,2
02,03,05,007,020305007,CERRO CORRAL,2,POBLADO COMPLETO,1,2
02,03,05,008,020305008,CERRO DEL MEDIO,2,POBLADO COMPLETO,1,2
02,03,05,009,020305009,COROTÚ,2,POBLADO COMPLETO,1,2
02,03,05,010,020305010,EL CALABAZO,2,POBLADO COMPLETO,1,2
02,03,05,011,020305011,EL GUABO,2,POBLADO COMPLETO,1,2
02,03,05,013,020305013,EL JOBO,2,POBLADO COMPLETO,1,2
02,03,05,014,020305014,EL PALOMO,2,POBLADO COMPLETO,1,2
02,03,05,015,020305015,EL RODEO,3,POBLADO PARTE,1,2
02,03,05,016,020305016,LA VIEJA,2,POBLADO COMPLETO,1,2
02,03,05,017,020305017,JORONES,2,POBLADO COMPLETO,1,2
02,03,05,018,020305018,JUAN JULIO,2,POBLADO COMPLETO,1,2
02,03,05,019,020305019,LA CIDRA,2,POBLADO COMPLETO,1,2
02,03,05,020,020305020,LA CHAVELA,2,POBLADO COMPLETO,1,2
02,03,05,022,020305022,LA PICADURA,2,POBLADO COMPLETO,1,2
02,03,05,023,020305023,LAS DELICIAS,2,POBLADO COMPLETO,1,2
02,03,05,024,020305024,LAS LAJAS,2,POBLADO COMPLETO,1,2
02,03,05,027,020305027,LOS LIMONES,2,POBLADO COMPLETO,1,2
02,03,05,030,020305030,MACHUCA,2,POBLADO COMPLETO,1,2
02,03,05,031,020305031,MANGUESAL,2,POBLADO COMPLETO,1,2
02,03,05,032,020305032,OCUSITO,2,POBLADO COMPLETO,1,2
02,03,05,033,020305033,PACORA,2,POBLADO COMPLETO,1,2
02,03,05,034,020305034,EL PERÚ,2,POBLADO COMPLETO,1,2
02,03,05,035,020305035,PIEDRAS GORDAS,1,CABECERA,1,2
02,03,05,036,020305036,PLATANAL,2,POBLADO COMPLETO,1,2
02,03,05,039,020305039,SARDINA,2,POBLADO COMPLETO,1,2
02,03,05,040,020305040,EL BONGO,2,POBLADO COMPLETO,1,2
02,03,05,041,020305041,EL RAYADO,2,POBLADO COMPLETO,1,2
02,03,05,043,020305043,COROZAL,2,POBLADO COMPLETO,1,2
02,03,05,044,020305044,CERRO HACHA O EL HACHA,2,POBLADO COMPLETO,1,2
02,03,05,045,020305045,JUJUCAL,2,POBLADO COMPLETO,1,2
02,03,05,046,020305046,BATATAL,2,POBLADO COMPLETO,1,2
02,03,05,047,020305047,AGUA FRÍA,2,POBLADO COMPLETO,1,2
02,03,05,049,020305049,EL MAMEY,2,POBLADO COMPLETO,1,2
02,03,05,050,020305050,EL TEJAL,2,POBLADO COMPLETO,1,2
02,03,05,051,020305051,LA ARENOSA,2,POBLADO COMPLETO,1,2
02,03,05,052,020305052,EL TIBIAL,2,POBLADO COMPLETO,1,2
02,03,05,053,020305053,SAN LUCAS,2,POBLADO COMPLETO,1,2
02,03,05,054,020305054,JESÚS MARÍA,2,POBLADO COMPLETO,1,2
02,03,05,057,020305057,ZANCUDO,2,POBLADO COMPLETO,1,2
02,03,05,058,020305058,EL BATEAL,2,POBLADO COMPLETO,1,2
02,03,05,059,020305059,EL MESANO,2,POBLADO COMPLETO,1,2
02,03,05,060,020305060,CABECERA DE BUENAVENTURA,2,POBLADO COMPLETO,1,2
02,03,05,061,020305061,CEDRO HUECO,2,POBLADO COMPLETO,1,2
02,03,05,063,020305063,SARDINA ARRIBA,2,POBLADO COMPLETO,1,2
02,03,05,064,020305064,EL BACO,3,POBLADO PARTE,1,2
02,03,05,066,020305066,ALTO DE NARICES,2,POBLADO COMPLETO,1,2
02,03,06,002,020306002,ANA MARÍA,2,POBLADO COMPLETO,1,2
02,03,06,003,020306003,BAJO GRANDE,3,POBLADO PARTE,1,2
02,03,06,004,020306004,BELENCILLO No.1,2,POBLADO COMPLETO,1,2
02,03,06,005,020306005,BELLA VISTA,2,POBLADO COMPLETO,1,2
02,03,06,006,020306006,CALABACITO,2,POBLADO COMPLETO,1,2
02,03,06,007,020306007,CAÑA BLANCA,2,POBLADO COMPLETO,1,2
02,03,06,008,020306008,CAÑABLANCAL,2,POBLADO COMPLETO,1,2
02,03,06,009,020306009,CORTE DE PAJA,2,POBLADO COMPLETO,1,2
02,03,06,010,020306010,EL CALABAZO,2,POBLADO COMPLETO,1,2
02,03,06,011,020306011,EL CEDRO,2,POBLADO COMPLETO,1,2
02,03,06,012,020306012,EL CHEPANO,2,POBLADO COMPLETO,1,2
02,03,06,013,020306013,EL CIRUELITO,2,POBLADO COMPLETO,1,2
02,03,06,014,020306014,EL JOBO,3,POBLADO PARTE,1,2
02,03,06,015,020306015,EL MANGLAR,2,POBLADO COMPLETO,1,2
02,03,06,016,020306016,EL NÍSPERO,2,POBLADO COMPLETO,1,2
02,03,06,017,020306017,EL PEDREGOSO,2,POBLADO COMPLETO,1,2
02,03,06,018,020306018,EL SILENCIO,2,POBLADO COMPLETO,1,2
02,03,06,019,020306019,EL TIGRERO,2,POBLADO COMPLETO,1,2
02,03,06,020,020306020,FLAMENCO,2,POBLADO COMPLETO,1,2
02,03,06,021,020306021,LA CABUYA,2,POBLADO COMPLETO,1,2
02,03,06,022,020306022,LAS MINAS,2,POBLADO COMPLETO,1,2
02,03,06,023,020306023,LA TORONJA,2,POBLADO COMPLETO,1,2
02,03,06,024,020306024,LA TRINIDAD,1,CABECERA,1,2
02,03,06,025,020306025,LAS POTRERAS,2,POBLADO COMPLETO,1,2
02,03,06,026,020306026,LOMA BONITA,2,POBLADO COMPLETO,1,2
02,03,06,027,020306027,OJO DE AGUA,2,POBLADO COMPLETO,1,2
02,03,06,028,020306028,PERICO O CERRO PERICO,2,POBLADO COMPLETO,1,2
02,03,06,029,020306029,PIEDRAS BLANCAS,2,POBLADO COMPLETO,1,2
02,03,06,030,020306030,QUEBRADA GRANDE,2,POBLADO COMPLETO,1,2
02,03,06,031,020306031,QUEBRADA HONDA,2,POBLADO COMPLETO,1,2
02,03,06,032,020306032,VARILLAL,2,POBLADO COMPLETO,1,2
02,03,06,033,020306033,EL FRAILECITO,2,POBLADO COMPLETO,1,2
02,03,06,035,020306035,SAPILLÓN,2,POBLADO COMPLETO,1,2
02,03,06,036,020306036,ZAPILLITO,2,POBLADO COMPLETO,1,2
02,03,06,037,020306037,ALTO DEL ALSANAGUA,2,POBLADO COMPLETO,1,2
02,03,06,038,020306038,BAJO DE LA PITA,2,POBLADO COMPLETO,1,2
02,03,06,039,020306039,LAS LOMAS,2,POBLADO COMPLETO,1,2
02,03,06,040,020306040,CERRO CHILENO,2,POBLADO COMPLETO,1,2
02,03,07,001,020307001,AHOGADA DE LAS YUCAS,2,POBLADO COMPLETO,1,2
02,03,07,002,020307002,ARENAL GRANDE,2,POBLADO COMPLETO,1,2
02,03,07,003,020307003,BATATILLAL,2,POBLADO COMPLETO,1,2
02,03,07,005,020307005,BOCA DE TOABRÉ,3,POBLADO PARTE,1,2
02,03,07,007,020307007,CANOA,3,POBLADO PARTE,1,2
02,03,07,008,020307008,CAÑAVERAL,2,POBLADO COMPLETO,1,2
02,03,07,009,020307009,EL CASCAJAL,2,POBLADO COMPLETO,1,2
02,03,07,010,020307010,CERRO BEJUCO,2,POBLADO COMPLETO,1,2
02,03,07,011,020307011,CHIRIBITAL,2,POBLADO COMPLETO,1,2
02,03,07,012,020307012,COQUILLO O ALTOS DEL COQUILLO,2,POBLADO COMPLETO,1,2
02,03,07,013,020307013,CULEBRA,2,POBLADO COMPLETO,1,2
02,03,07,014,020307014,CUTEVA,2,POBLADO COMPLETO,1,2
02,03,07,015,020307015,CUTEVILLA,2,POBLADO COMPLETO,1,2
02,03,07,016,020307016,CUTEVILLA ARRIBA,2,POBLADO COMPLETO,1,2
02,03,07,017,020307017,CUTEVITA,2,POBLADO COMPLETO,1,2
02,03,07,019,020307019,EL BONGO No.1,2,POBLADO COMPLETO,1,2
02,03,07,021,020307021,EL CHISNA,2,POBLADO COMPLETO,2,2
02,03,07,022,020307022,EL CONEJO,2,POBLADO COMPLETO,1,2
02,03,07,023,020307023,EL ESPINO,2,POBLADO COMPLETO,1,2
02,03,07,025,020307025,EL MERO,2,POBLADO COMPLETO,1,2
02,03,07,026,020307026,EL PIFÁ,2,POBLADO COMPLETO,1,2
02,03,07,027,020307027,EL SANTÍSIMO,2,POBLADO COMPLETO,1,2
02,03,07,028,020307028,EL VALLE DE SANTA MARÍA,2,POBLADO COMPLETO,1,2
02,03,07,029,020307029,EMBARCADERO DEL CASCAJAL,2,POBLADO COMPLETO,1,2
02,03,07,030,020307030,FRAILE,2,POBLADO COMPLETO,1,2
02,03,07,031,020307031,HACHA,2,POBLADO COMPLETO,1,2
02,03,07,032,020307032,LA JURURÚA,3,POBLADO PARTE,1,2
02,03,07,033,020307033,LA BRUJA O QUEBRADA LA VIEJITA,3,POBLADO PARTE,1,2
02,03,07,034,020307034,LA COLONIA,2,POBLADO COMPLETO,1,2
02,03,07,035,020307035,LA CONGA,2,POBLADO COMPLETO,1,2
02,03,07,036,020307036,LA HUACA,2,POBLADO COMPLETO,1,2
02,03,07,037,020307037,LA PEDREGOSA,2,POBLADO COMPLETO,1,2
02,03,07,038,020307038,LA PELUDA,2,POBLADO COMPLETO,1,2
02,03,07,039,020307039,LA PERDÍZ,2,POBLADO COMPLETO,1,2
02,03,07,040,020307040,LA POCLORA,2,POBLADO COMPLETO,2,2
02,03,07,041,020307041,LA TIGRERA,2,POBLADO COMPLETO,1,2
02,03,07,042,020307042,LA TRAVIESA,2,POBLADO COMPLETO,1,2
02,03,07,043,020307043,LA TULÚA,3,POBLADO PARTE,1,2
02,03,07,044,020307044,LAGARTERITO,2,POBLADO COMPLETO,1,2
02,03,07,046,020307046,LOS GONZÁLEZ,2,POBLADO COMPLETO,1,2
02,03,07,047,020307047,LOS MACHOS,2,POBLADO COMPLETO,1,2
02,03,07,048,020307048,LOS TICOLES,3,POBLADO PARTE,1,2
02,03,07,051,020307051,MARTÍN DÍAZ,2,POBLADO COMPLETO,2,2
02,03,07,052,020307052,MOLEJÓN,1,CABECERA,1,2
02,03,07,053,020307053,MOLEJÓN ABAJO,2,POBLADO COMPLETO,1,2
02,03,07,054,020307054,MORENO,2,POBLADO COMPLETO,1,2
02,03,07,055,020307055,NARICES,2,POBLADO COMPLETO,1,2
02,03,07,056,020307056,PEDREGOSA,2,POBLADO COMPLETO,1,2
02,03,07,057,020307057,QUEBRADA DEL MEDIO,2,POBLADO COMPLETO,1,2
02,03,07,058,020307058,QUEBRADA EL PIFÁ,2,POBLADO COMPLETO,1,2
02,03,07,059,020307059,QUEBRADA EL TIGRERO,2,POBLADO COMPLETO,1,2
02,03,07,060,020307060,QUEBRADA TIBURÓN,2,POBLADO COMPLETO,1,2
02,03,07,061,020307061,QUEBRADA TIGRE,2,POBLADO COMPLETO,1,2
02,03,07,062,020307062,QUEBRADA ZAPOTE,2,POBLADO COMPLETO,1,2
02,03,07,063,020307063,RANCHERÍA,2,POBLADO COMPLETO,1,2
02,03,07,064,020307064,RÍO CLARO,2,POBLADO COMPLETO,1,2
02,03,07,065,020307065,SAN ANTONIO No.2,2,POBLADO COMPLETO,1,2
02,03,07,066,020307066,SANTA CECILIA,2,POBLADO COMPLETO,1,2
02,03,07,067,020307067,SANTA LUCÍA,3,POBLADO PARTE,1,2
02,03,07,068,020307068,SARDINA No.1,2,POBLADO COMPLETO,1,2
02,03,07,069,020307069,SARDINA No.3,2,POBLADO COMPLETO,1,2
02,03,07,070,020307070,VILLA DEL CARMEN,2,POBLADO COMPLETO,1,2
02,03,07,071,020307071,BOCA DE RÍO CUTEVA,2,POBLADO COMPLETO,1,2
02,03,07,072,020307072,EL SALTILLO,2,POBLADO COMPLETO,1,2
02,03,07,073,020307073,GALLINERO,3,POBLADO PARTE,1,2
02,03,07,074,020307074,LA LEGUA,2,POBLADO COMPLETO,1,2
02,03,07,076,020307076,JUANCHÓN,3,POBLADO PARTE,1,2
02,03,07,077,020307077,BARRIADA EL SANTÍSIMO,2,POBLADO COMPLETO,1,2
02,03,07,078,020307078,CERRO BODOQUILLAL,2,POBLADO COMPLETO,1,2
02,03,07,080,020307080,LA DUEÑA,2,POBLADO COMPLETO,1,2
02,03,07,081,020307081,LOMA GRANDE,2,POBLADO COMPLETO,1,2
02,03,07,082,020307082,MACHONSITO,2,POBLADO COMPLETO,1,2
02,03,07,083,020307083,MANATÍ,3,POBLADO PARTE,1,2
02,03,07,084,020307084,QUEBRADA MOLEJÓN,2,POBLADO COMPLETO,1,2
02,03,07,085,020307085,SABANITA VERDE,3,POBLADO PARTE,1,2
02,03,07,086,020307086,SAN JUANITO,2,POBLADO COMPLETO,1,2
02,04,01,002,020401002,SAN CRISTÓBAL,2,POBLADO COMPLETO,1,2
02,04,01,006,020401006,EL PASO REAL,2,POBLADO COMPLETO,1,2
02,04,01,008,020401008,LOS ALGARROBOS,2,POBLADO COMPLETO,1,2
02,04,01,011,020401011,MATA DE LOS REYES,2,POBLADO COMPLETO,1,1
02,04,01,012,020401012,MATA PALO,2,POBLADO COMPLETO,1,2
02,04,01,013,020401013,NATÁ,1,CABECERA,1,1
02,04,01,014,020401014,FINCA SÁENZ,2,POBLADO COMPLETO,2,2
02,04,01,015,020401015,LA MARGARIA O LAS MARGARITAS,2,POBLADO COMPLETO,1,2
02,04,01,016,020401016,"COMPAÑÍA AZUCARERA LA ESTRELLA, S.A.",3,POBLADO PARTE,1,2
02,04,01,017,020401017,FINCA CALESA,2,POBLADO COMPLETO,2,2
02,04,01,018,020401018,LAS LISAS,2,POBLADO COMPLETO,1,2
02,04,01,019,020401019,VÍA INTERAMERICANA,2,POBLADO COMPLETO,1,2
02,04,01,020,020401020,EL CORTEZO,3,POBLADO PARTE,2,2
02,04,01,021,020401021,CHUMUNGU,2,POBLADO COMPLETO,1,2
02,04,01,022,020401022,FINCA AGROPECUARIA DON ARCELIO,2,POBLADO COMPLETO,1,2
02,04,01,023,020401023,FINCA AGUA AZUL,2,POBLADO COMPLETO,1,2
02,04,01,024,020401024,INDUSTRIA CAMARONERA DE PANAMÁ,2,POBLADO COMPLETO,1,2
02,04,02,002,020402002,CAPELLANÍA O LAS GUABAS,4,CABECERA PARTE (Mixto),1,2
02,04,02,005,020402005,CIÉNAGA REDONDA O EL ESPINO,2,POBLADO COMPLETO,1,2
02,04,02,008,020402008,EL CERRO O EL CERRO CAPELLÁN,2,POBLADO COMPLETO,1,2
02,04,02,010,020402010,EL LIMÓN,2,POBLADO COMPLETO,1,2
02,04,02,013,020402013,"COMPAÑÍA AZUCARERA LA ESTRELLA, S.A.",3,POBLADO PARTE,1,2
02,04,02,023,020402023,EL ESPINO,2,POBLADO COMPLETO,1,2
02,04,02,025,020402025,GUARUMILLO,2,POBLADO COMPLETO,1,2
02,04,02,027,020402027,PEÑAS PRIETAS,2,POBLADO COMPLETO,1,2
02,04,03,002,020403002,CERRO CHATO,2,POBLADO COMPLETO,1,2
02,04,03,003,020403003,CHURUBÉ ABAJO,2,POBLADO COMPLETO,1,2
02,04,03,004,020403004,CHURUBÉ ARRIBA,2,POBLADO COMPLETO,1,2
02,04,03,005,020403005,EL CAÑO,1,CABECERA,1,2
02,04,03,006,020403006,EL OLIVO,2,POBLADO COMPLETO,1,2
02,04,03,007,020403007,EL PIÑAL,3,POBLADO PARTE,1,2
02,04,03,008,020403008,LA SALINETA,2,POBLADO COMPLETO,1,2
02,04,03,009,020403009,LOS VALLES,3,POBLADO PARTE,1,2
02,04,03,010,020403010,MEDIO DE LOS CERROS,2,POBLADO COMPLETO,1,2
02,04,03,011,020403011,CERRO MUELA,2,POBLADO COMPLETO,1,2
02,04,03,012,020403012,SAN MIGUEL,2,POBLADO COMPLETO,1,2
02,04,03,013,020403013,SANTA LUCÍA O BATATILLA,2,POBLADO COMPLETO,1,2
02,04,03,014,020403014,VIRULÍ,2,POBLADO COMPLETO,1,2
02,04,03,015,020403015,PEÑA PRIETA,2,POBLADO COMPLETO,1,2
02,04,04,001,020404001,CAIMITILLO,2,POBLADO COMPLETO,1,2
02,04,04,002,020404002,CHIRVA,2,POBLADO COMPLETO,1,2
02,04,04,003,020404003,EL ESPAVÉ,2,POBLADO COMPLETO,1,2
02,04,04,004,020404004,EL FRAILE O FLAIRE,2,POBLADO COMPLETO,1,2
02,04,04,005,020404005,EL OTOAL,2,POBLADO COMPLETO,1,2
02,04,04,006,020404006,EL PIRAL,2,POBLADO COMPLETO,2,2
02,04,04,007,020404007,EL VALLE,2,POBLADO COMPLETO,1,2
02,04,04,008,020404008,GARICÍN,2,POBLADO COMPLETO,1,2
02,04,04,009,020404009,GUZMÁN,1,CABECERA,1,2
02,04,04,010,020404010,LAS LAJAS,2,POBLADO COMPLETO,1,2
02,04,04,011,020404011,LA YEGUADA,2,POBLADO COMPLETO,1,2
02,04,04,012,020404012,LLANO EL FRAILE O LLANOS DEL FLAIRE,2,POBLADO COMPLETO,1,2
02,04,04,013,020404013,LOS PAULINOS,2,POBLADO COMPLETO,1,2
02,04,04,014,020404014,MATA HAMBRE,2,POBLADO COMPLETO,1,2
02,04,04,015,020404015,PIEDRAS BLANCAS,2,POBLADO COMPLETO,1,2
02,04,04,016,020404016,PIEDRAS GORDAS,2,POBLADO COMPLETO,1,2
02,04,04,017,020404017,SAPILLO ABAJO O MATA DE ARROZ,2,POBLADO COMPLETO,1,2
02,04,04,018,020404018,SAPILLO ARRIBA O CARACUCHA,2,POBLADO COMPLETO,1,2
02,04,04,019,020404019,EL PIÑAL,3,POBLADO PARTE,1,2
02,04,04,022,020404022,EL OREJITO,2,POBLADO COMPLETO,1,2
02,04,04,023,020404023,LA MATA,2,POBLADO COMPLETO,1,2
02,04,04,024,020404024,LOS VALLES,3,POBLADO PARTE,1,2
02,04,04,025,020404025,LLANO VERDE,2,POBLADO COMPLETO,1,2
02,04,04,026,020404026,HONDURAS No.2,2,POBLADO COMPLETO,1,2
02,04,04,027,020404027,PALENQUE,2,POBLADO COMPLETO,1,2
02,04,04,028,020404028,SALITRAL,2,POBLADO COMPLETO,1,2
02,04,04,029,020404029,EL GUANÁBANO,2,POBLADO COMPLETO,1,2
02,04,04,030,020404030,EL JOBO,2,POBLADO COMPLETO,1,2
02,04,04,031,020404031,ALTOS DEL FRAILE,2,POBLADO COMPLETO,1,2
02,04,05,001,020405001,BAJO AGUACATE,2,POBLADO COMPLETO,1,2
02,04,05,003,020405003,CAIMITILLO,2,POBLADO COMPLETO,1,2
02,04,05,004,020405004,CAMPANARIO,2,POBLADO COMPLETO,1,2
02,04,05,006,020405006,DON JUAN,2,POBLADO COMPLETO,1,2
02,04,05,007,020405007,EL CERRO O LOMA REDONDA,2,POBLADO COMPLETO,1,2
02,04,05,010,020405010,EL QUIJE,2,POBLADO COMPLETO,1,2
02,04,05,011,020405011,EL RINCÓN,2,POBLADO COMPLETO,1,2
02,04,05,014,020405014,LA CULEBRA,2,POBLADO COMPLETO,1,2
02,04,05,015,020405015,LAS HUACAS DEL QUIJE,1,CABECERA,1,2
02,04,05,016,020405016,LAS LAJAS,2,POBLADO COMPLETO,1,2
02,04,05,017,020405017,LA MARCELA,2,POBLADO COMPLETO,1,2
02,04,05,018,020405018,LA YEGUADA,2,POBLADO COMPLETO,1,2
02,04,05,020,020405020,LOS CERRITOS,2,POBLADO COMPLETO,1,2
02,04,05,023,020405023,LLANO CONCHO,3,POBLADO PARTE,1,2
02,04,05,026,020405026,RÍO CO,2,POBLADO COMPLETO,1,2
02,04,05,028,020405028,ROJITO,2,POBLADO COMPLETO,1,2
02,04,05,029,020405029,SABANETA,2,POBLADO COMPLETO,1,2
02,04,05,030,020405030,SALITRAL,2,POBLADO COMPLETO,1,2
02,04,05,031,020405031,COIBITA,2,POBLADO COMPLETO,1,2
02,04,05,032,020405032,COROTÚ,2,POBLADO COMPLETO,1,2
02,04,05,034,020405034,PASO CANOA,2,POBLADO COMPLETO,1,2
02,04,05,036,020405036,CORALILLO,2,POBLADO COMPLETO,1,2
02,04,05,037,020405037,EL HORCONCITO,3,POBLADO PARTE,1,2
02,04,05,038,020405038,LA SARDINOSA,2,POBLADO COMPLETO,1,2
02,04,05,039,020405039,LAS TRANQUILLAS,3,POBLADO PARTE,1,2
02,04,05,043,020405043,NUEVO CAMPANARIO,2,POBLADO COMPLETO,1,2
02,04,05,048,020405048,CERRO ALTO,2,POBLADO COMPLETO,1,2
02,04,05,049,020405049,EL ZANCUDO,2,POBLADO COMPLETO,1,2
02,04,05,051,020405051,PLAN DE COLÓN,2,POBLADO COMPLETO,1,2
02,04,05,053,020405053,LOMA LARGA,2,POBLADO COMPLETO,1,2
02,04,05,054,020405054,LOS TORRES,2,POBLADO COMPLETO,1,2
02,04,05,055,020405055,QUEBRADA GRANDE O CONEJO,2,POBLADO COMPLETO,1,2
02,04,05,056,020405056,BAJO LA PALMA,2,POBLADO COMPLETO,1,2
02,04,05,057,020405057,EL JONDO,2,POBLADO COMPLETO,1,2
02,04,05,058,020405058,LLANO BONITO,2,POBLADO COMPLETO,1,2
02,04,05,059,020405059,MORROS DE LAS OLLAS,2,POBLADO COMPLETO,2,2
02,04,05,060,020405060,MORROS DEL LIMONAL,2,POBLADO COMPLETO,2,2
02,04,05,061,020405061,EL BAJO DE LA COROCITA,2,POBLADO COMPLETO,1,2
02,04,05,062,020405062,LAGUNILLA,2,POBLADO COMPLETO,1,2
02,04,06,001,020406001,CERRO PELAO,2,POBLADO COMPLETO,1,2
02,04,06,002,020406002,EL HUECO O RINCÓN HONDO,2,POBLADO COMPLETO,1,2
02,04,06,004,020406004,CRUZ DE MACANO,2,POBLADO COMPLETO,1,2
02,04,06,005,020406005,LA MULA,2,POBLADO COMPLETO,1,2
02,04,06,006,020406006,GUAYABITAL O LAS PEÑAS,2,POBLADO COMPLETO,1,2
02,04,06,007,020406007,LOMA LARGA,2,POBLADO COMPLETO,1,2
02,04,06,009,020406009,LOS PICACHOS,2,POBLADO COMPLETO,1,2
02,04,06,010,020406010,LOS RINCONES,2,POBLADO COMPLETO,1,2
02,04,06,012,020406012,SAN ANTONIO,2,POBLADO COMPLETO,1,2
02,04,06,013,020406013,TIERRA BLANCA,2,POBLADO COMPLETO,1,2
02,04,06,014,020406014,TOZA,1,CABECERA,1,2
02,04,06,015,020406015,EL CORTEZO,3,POBLADO PARTE,1,2
02,04,06,016,020406016,EL CORZO,2,POBLADO COMPLETO,1,2
02,04,06,017,020406017,LA ENEA,2,POBLADO COMPLETO,1,2
02,04,06,018,020406018,LA TORTUGA,2,POBLADO COMPLETO,1,2
02,04,06,019,020406019,LLANITO LARGO,2,POBLADO COMPLETO,1,2
02,04,06,020,020406020,LAS TRANQUILLAS,3,POBLADO PARTE,1,2
02,04,06,021,020406021,LAS TOZITAS,3,POBLADO PARTE,2,2
02,04,06,022,020406022,LOS CORRALITOS,2,POBLADO COMPLETO,1,2
02,04,06,024,020406024,PIEDRA LA GALLOTA,2,POBLADO COMPLETO,1,2
02,04,06,025,020406025,SANTA BÁRBARA,2,POBLADO COMPLETO,1,2
02,04,06,026,020406026,LLANO DE GUAYABITAL,2,POBLADO COMPLETO,1,2
02,04,06,028,020406028,EL CAMARÓN,2,POBLADO COMPLETO,1,2
02,04,06,029,020406029,FINCA LA MESA,2,POBLADO COMPLETO,2,2
02,04,06,030,020406030,LOS PATIOS O LOS PATOS,2,POBLADO COMPLETO,1,2
02,04,06,031,020406031,HACIENDA ISABELA,2,POBLADO COMPLETO,2,2
02,04,06,061,020406061,EL BAJO DE LA COROCITA,2,POBLADO COMPLETO,1,2
02,04,07,001,020407001,ALTO DEL MARAÑÓN O EL CORTEZO,2,POBLADO COMPLETO,1,2
02,04,07,002,020407002,CAPELLANÍA O LAS GUABAS,3,POBLADO PARTE,1,2
02,04,07,003,020407003,CERRITO CASA,2,POBLADO COMPLETO,1,2
02,04,07,004,020407004,CHUMICOSA,2,POBLADO COMPLETO,1,2
02,04,07,005,020407005,CIÉNAGA LARGA,2,POBLADO COMPLETO,1,2
02,04,07,006,020407006,COCOBO,2,POBLADO COMPLETO,1,2
02,04,07,007,020407007,EL ESPAVÉ,2,POBLADO COMPLETO,1,2
02,04,07,008,020407008,EL JOBO,2,POBLADO COMPLETO,1,2
02,04,07,009,020407009,EL ROBLITO,2,POBLADO COMPLETO,1,2
02,04,07,010,020407010,FLAMENCO,2,POBLADO COMPLETO,1,2
02,04,07,011,020407011,LLANO BONITO,2,POBLADO COMPLETO,1,2
02,04,07,012,020407012,LLANO DE LA PALMA,2,POBLADO COMPLETO,1,2
02,04,07,014,020407014,LLANO LÁZARO,2,POBLADO COMPLETO,1,2
02,04,07,015,020407015,LOS CERRITOS,2,POBLADO COMPLETO,1,2
02,04,07,016,020407016,LOS LIMPIOS,3,POBLADO PARTE,1,2
02,04,07,017,020407017,RÍO AÑO,2,POBLADO COMPLETO,1,2
02,04,07,018,020407018,RÍO CHICO,2,POBLADO COMPLETO,1,2
02,04,07,019,020407019,VILLARREAL,1,CABECERA,1,2
02,04,07,020,020407020,LA LOMA DE LOS GONZÁLEZ,3,POBLADO PARTE,1,2
02,05,01,001,020501001,AGUAS BLANCAS,2,POBLADO COMPLETO,1,2
02,05,01,002,020501002,ANDARIEL,2,POBLADO COMPLETO,1,2
02,05,01,003,020501003,BUENA VISTA,2,POBLADO COMPLETO,1,2
02,05,01,004,020501004,BURRICA,2,POBLADO COMPLETO,1,2
02,05,01,009,020501009,LA CIGARRA,2,POBLADO COMPLETO,1,2
02,05,01,012,020501012,EL BARNIZ,2,POBLADO COMPLETO,1,2
02,05,01,013,020501013,EL BARÓN,2,POBLADO COMPLETO,1,2
02,05,01,015,020501015,EL COROZO,2,POBLADO COMPLETO,1,2
02,05,01,019,020501019,EL BANCO,2,POBLADO COMPLETO,1,2
02,05,01,022,020501022,EL PEDREGOSO,2,POBLADO COMPLETO,1,2
02,05,01,023,020501023,LLANO BONITO O HATO BONITO,2,POBLADO COMPLETO,1,2
02,05,01,024,020501024,LA CIÉNEGA O ROSARIO,3,POBLADO PARTE,1,2
02,05,01,025,020501025,EL HATO O HATO NUEVO,2,POBLADO COMPLETO,1,2
02,05,01,026,020501026,LA CABUYA,2,POBLADO COMPLETO,1,2
02,05,01,030,020501030,LAS LAJITAS,2,POBLADO COMPLETO,1,2
02,05,01,032,020501032,LA YEGUADA,2,POBLADO COMPLETO,1,2
02,05,01,033,020501033,LA ZOTA,2,POBLADO COMPLETO,1,2
02,05,01,034,020501034,LOS CABRITOS,3,POBLADO PARTE,1,2
02,05,01,036,020501036,EL PICACHO,3,POBLADO PARTE,1,2
02,05,01,038,020501038,MARAÑÓN,2,POBLADO COMPLETO,1,2
02,05,01,039,020501039,OLÁ,1,CABECERA,1,2
02,05,01,040,020501040,PIEDRAS GORDAS,2,POBLADO COMPLETO,1,2
02,05,01,041,020501041,QUEBRADA GRANDE,3,POBLADO PARTE,1,2
02,05,01,042,020501042,RODEITO,2,POBLADO COMPLETO,1,2
02,05,01,043,020501043,SAN JUAN,2,POBLADO COMPLETO,1,2
02,05,01,045,020501045,SURUBA,2,POBLADO COMPLETO,1,2
02,05,01,047,020501047,LA MESITA,2,POBLADO COMPLETO,1,2
02,05,01,049,020501049,EL PAJOSO,2,POBLADO COMPLETO,1,2
02,05,01,050,020501050,EL CRUCE,2,POBLADO COMPLETO,1,2
02,05,01,053,020501053,GUIRÍ,3,POBLADO PARTE,1,2
02,05,01,054,020501054,PALO PARADO,3,POBLADO PARTE,1,2
02,05,01,055,020501055,LOMA CHATA,3,POBLADO PARTE,1,2
02,05,01,056,020501056,CERRO GORDO,2,POBLADO COMPLETO,1,2
02,05,01,058,020501058,EL PEÑÓN,2,POBLADO COMPLETO,1,2
02,05,02,001,020502001,EL AJICO,2,POBLADO COMPLETO,1,2
02,05,02,002,020502002,BARAÑA,2,POBLADO COMPLETO,1,2
02,05,02,005,020502005,CERRO AGÚ O ESPAVECITO,2,POBLADO COMPLETO,1,2
02,05,02,006,020502006,CERRO ALTO,2,POBLADO COMPLETO,1,2
02,05,02,009,020502009,CERRO PELADO,2,POBLADO COMPLETO,1,2
02,05,02,010,020502010,CHUMICOSA,2,POBLADO COMPLETO,1,2
02,05,02,011,020502011,LLANO LAS MULAS,2,POBLADO COMPLETO,1,2
02,05,02,012,020502012,LA CABIMA,2,POBLADO COMPLETO,1,2
02,05,02,013,020502013,EL COPÉ,1,CABECERA,1,2
02,05,02,014,020502014,EL CRISTO,2,POBLADO COMPLETO,1,2
02,05,02,015,020502015,LA TRINA,2,POBLADO COMPLETO,1,2
02,05,02,018,020502018,MACANO O MACANITO,2,POBLADO COMPLETO,1,2
02,05,02,019,020502019,EL RATÓN,2,POBLADO COMPLETO,1,2
02,05,02,020,020502020,HATO VIEJO,2,POBLADO COMPLETO,1,2
02,05,02,021,020502021,HIJO DE DIOS No.1,2,POBLADO COMPLETO,1,2
02,05,02,022,020502022,HIJO DE DIOS No.2,2,POBLADO COMPLETO,1,2
02,05,02,023,020502023,GAITA,2,POBLADO COMPLETO,1,2
02,05,02,024,020502024,LA MATA,2,POBLADO COMPLETO,1,2
02,05,02,025,020502025,LA MESA,2,POBLADO COMPLETO,1,2
02,05,02,026,020502026,LOS CABRITOS,3,POBLADO PARTE,1,2
02,05,02,027,020502027,LOS CARACOLES,2,POBLADO COMPLETO,1,2
02,05,02,028,020502028,LOMA BLANCA O CHUMICOSA,2,POBLADO COMPLETO,1,2
02,05,02,029,020502029,QUEBRADA MARCELA,2,POBLADO COMPLETO,1,2
02,05,02,031,020502031,LLANO CONCHO,3,POBLADO PARTE,1,2
02,05,02,033,020502033,LAS TIBIAS,2,POBLADO COMPLETO,1,2
02,05,02,034,020502034,PALO PARADO,3,POBLADO PARTE,1,2
02,05,02,036,020502036,PERUCHO,2,POBLADO COMPLETO,2,2
02,05,02,037,020502037,LA RODA,2,POBLADO COMPLETO,1,2
02,05,02,039,020502039,SAN ROQUITO,2,POBLADO COMPLETO,1,2
02,05,02,041,020502041,LUISA,2,POBLADO COMPLETO,1,2
02,05,02,042,020502042,EL GUAYABO,2,POBLADO COMPLETO,1,2
02,05,02,043,020502043,EL PICHÓN,2,POBLADO COMPLETO,1,2
02,05,02,046,020502046,LOMA DEL GUÁSIMO,2,POBLADO COMPLETO,1,2
02,05,02,049,020502049,PONTÓN,2,POBLADO COMPLETO,1,2
02,05,02,050,020502050,QUEBRADA TRANQUILLA,2,POBLADO COMPLETO,1,2
02,05,02,051,020502051,LA MINA,2,POBLADO COMPLETO,1,2
02,05,02,052,020502052,QUEBRADA GRANDE,3,POBLADO PARTE,1,2
02,05,02,053,020502053,EL HORCONCITO,3,POBLADO PARTE,1,2
02,05,03,001,020503001,BOCA DE BEJUCO,2,POBLADO COMPLETO,1,2
02,05,03,002,020503002,BAJO GRANDE,3,POBLADO PARTE,1,2
02,05,03,003,020503003,EL CALABACITO,2,POBLADO COMPLETO,1,2
02,05,03,005,020503005,CERRO DE PAJA,2,POBLADO COMPLETO,1,2
02,05,03,006,020503006,CHICHICAL,2,POBLADO COMPLETO,1,2
02,05,03,007,020503007,CHILIBRE,2,POBLADO COMPLETO,1,2
02,05,03,009,020503009,EL BRUJO,2,POBLADO COMPLETO,1,2
02,05,03,010,020503010,EL CACAO,2,POBLADO COMPLETO,1,2
02,05,03,011,020503011,EL GUARUMAL,2,POBLADO COMPLETO,1,2
02,05,03,012,020503012,EL CENIZO,2,POBLADO COMPLETO,1,2
02,05,03,013,020503013,EL GUAYACÁN,2,POBLADO COMPLETO,1,2
02,05,03,014,020503014,EL PALMAR,2,POBLADO COMPLETO,1,2
02,05,03,016,020503016,EL ZAPATO,2,POBLADO COMPLETO,1,2
02,05,03,019,020503019,GETULIO,2,POBLADO COMPLETO,1,2
02,05,03,020,020503020,EL HELECHAL,2,POBLADO COMPLETO,1,2
02,05,03,021,020503021,HONDURAS,2,POBLADO COMPLETO,1,2
02,05,03,024,020503024,LA ANTONIA,2,POBLADO COMPLETO,1,2
02,05,03,025,020503025,LA ARENOSA,2,POBLADO COMPLETO,2,2
02,05,03,026,020503026,LA MESA,2,POBLADO COMPLETO,1,2
02,05,03,027,020503027,LA MINA,2,POBLADO COMPLETO,1,2
02,05,03,028,020503028,PEÑA BLANCA,2,POBLADO COMPLETO,1,2
02,05,03,029,020503029,LA PUENTE,2,POBLADO COMPLETO,1,2
02,05,03,030,020503030,LAS BARRETAS,2,POBLADO COMPLETO,1,2
02,05,03,031,020503031,LAS SABANAS,1,CABECERA,1,2
02,05,03,032,020503032,LOS BARRIOS,2,POBLADO COMPLETO,1,2
02,05,03,034,020503034,LOS MOLEJONES O MOLEJÓN,2,POBLADO COMPLETO,1,2
02,05,03,035,020503035,LOS MACHOS,2,POBLADO COMPLETO,1,2
02,05,03,036,020503036,EL NARANJAL O NARANJAL,2,POBLADO COMPLETO,1,2
02,05,03,037,020503037,NOMBRE DE DIOS,2,POBLADO COMPLETO,1,2
02,05,03,039,020503039,EL PEDREGOSO,2,POBLADO COMPLETO,1,2
02,05,03,040,020503040,PENTECOSTÉS,2,POBLADO COMPLETO,1,2
02,05,03,041,020503041,RODEO VICENTE,2,POBLADO COMPLETO,1,2
02,05,03,043,020503043,VISTA ALEGRE,2,POBLADO COMPLETO,1,2
02,05,03,044,020503044,VOLCA,2,POBLADO COMPLETO,1,2
02,05,03,045,020503045,LA ZANCONA,2,POBLADO COMPLETO,1,2
02,05,03,046,020503046,EL CONEJITO,2,POBLADO COMPLETO,1,2
02,05,03,047,020503047,PACORAL,2,POBLADO COMPLETO,1,2
02,05,03,048,020503048,CAÑA BLANCA,2,POBLADO COMPLETO,1,2
02,05,03,049,020503049,CAUCHAL O EL CAUCHAL,2,POBLADO COMPLETO,1,2
02,05,03,050,020503050,CERRO PAJA ABAJO,2,POBLADO COMPLETO,1,2
02,05,03,051,020503051,EL BONGO,2,POBLADO COMPLETO,1,2
02,05,03,052,020503052,EL FRIJOL,2,POBLADO COMPLETO,1,2
02,05,03,053,020503053,LA TIVIEJA,2,POBLADO COMPLETO,1,2
02,05,03,054,020503054,EL CENIZO No.1,2,POBLADO COMPLETO,1,2
02,05,04,002,020504002,BARRANCO COLORADO,1,CABECERA,1,2
02,05,04,003,020504003,CERRO GORDO,2,POBLADO COMPLETO,1,2
02,05,04,004,020504004,ALTO DEL CASTILLO,2,POBLADO COMPLETO,1,2
02,05,04,006,020504006,EL GUAYABITO,2,POBLADO COMPLETO,1,2
02,05,04,007,020504007,EL INSTANTE,2,POBLADO COMPLETO,1,2
02,05,04,009,020504009,EL PICACHO,3,POBLADO PARTE,1,2
02,05,04,010,020504010,EL PILÓN,2,POBLADO COMPLETO,1,2
02,05,04,011,020504011,EL RODEITO,2,POBLADO COMPLETO,1,2
02,05,04,014,020504014,LA HINCADA,2,POBLADO COMPLETO,1,2
02,05,04,015,020504015,LA NEGRITA,2,POBLADO COMPLETO,1,2
02,05,04,016,020504016,EL CICUARO,2,POBLADO COMPLETO,1,2
02,05,04,017,020504017,LOMA CHATA,3,POBLADO PARTE,1,2
02,05,04,020,020504020,PEÑA PRIETA,2,POBLADO COMPLETO,1,2
02,05,04,021,020504021,QUEBRADA EL CALABAZO,2,POBLADO COMPLETO,1,2
02,05,04,022,020504022,QUEBRADA UVERO,2,POBLADO COMPLETO,1,2
02,05,04,023,020504023,EL APOSENTO,2,POBLADO COMPLETO,2,2
02,05,04,025,020504025,LAS TOZITAS,3,POBLADO PARTE,2,2
02,05,04,026,020504026,PARQUE AGROTURÍSTICO VISIÓN VERDE,2,POBLADO COMPLETO,1,2
02,05,05,001,020505001,BOQUERÓN,2,POBLADO COMPLETO,1,2
02,05,05,002,020505002,CERRO AGÚ,2,POBLADO COMPLETO,1,2
02,05,05,003,020505003,CERRO PELADO,2,POBLADO COMPLETO,1,2
02,05,05,004,020505004,CUMBIRILLA,2,POBLADO COMPLETO,1,2
02,05,05,008,020505008,EL CIRUELO,2,POBLADO COMPLETO,1,2
02,05,05,010,020505010,EL VACA,2,POBLADO COMPLETO,1,2
02,05,05,011,020505011,GUIRÍ,3,POBLADO PARTE,1,2
02,05,05,013,020505013,LA HINCADA,2,POBLADO COMPLETO,1,2
02,05,05,015,020505015,LA PAVA,2,POBLADO COMPLETO,1,2
02,05,05,016,020505016,LA PEDREGOSA,2,POBLADO COMPLETO,1,2
02,05,05,017,020505017,ZUMBADOR,2,POBLADO COMPLETO,1,2
02,05,05,018,020505018,EL BARRERO DE GUZMÁN,2,POBLADO COMPLETO,1,2
02,05,05,019,020505019,LA SOLEDAD,2,POBLADO COMPLETO,1,2
02,05,05,021,020505021,LOS CHORROS,2,POBLADO COMPLETO,1,2
02,05,05,023,020505023,LOS LLANOS,2,POBLADO COMPLETO,1,2
02,05,05,025,020505025,LOS VALLES,3,POBLADO PARTE,1,2
02,05,05,026,020505026,NUESTRO AMO,1,CABECERA,1,2
02,05,05,027,020505027,PALENQUE,2,POBLADO COMPLETO,1,2
02,05,05,028,020505028,PALO VERDE,2,POBLADO COMPLETO,1,2
02,05,05,031,020505031,LOS COROTÚ O EL COROTÚ,2,POBLADO COMPLETO,1,2
02,05,05,033,020505033,LAS PUNTAS,2,POBLADO COMPLETO,1,2
02,06,01,002,020601002,CHIGORÉ,2,POBLADO COMPLETO,1,1
02,06,01,004,020601004,LAS DELICIAS,2,POBLADO COMPLETO,1,2
02,06,01,005,020601005,LAS LOMAS,2,POBLADO COMPLETO,1,2
02,06,01,006,020601006,LAS PEÑITAS,2,POBLADO COMPLETO,1,2
02,06,01,008,020601008,PENONOMÉ,1,CABECERA,1,1
02,06,01,011,020601011,SARDINA,2,POBLADO COMPLETO,1,2
02,06,01,012,020601012,VÍA HERNÁNDEZ O INTERAMERICANA,2,POBLADO COMPLETO,1,2
02,06,01,014,020601014,CERRO EL ENCANTO,3,POBLADO PARTE,1,2
02,06,01,015,020601015,EL ENCANTO ARRIBA,2,POBLADO COMPLETO,1,2
02,06,01,016,020601016,SANTA CRUZ,3,POBLADO PARTE,1,2
02,06,01,017,020601017,RESIDENCIAL PUEBLO HERMOSO,2,POBLADO COMPLETO,1,2
02,06,01,018,020601018,RESIDENCIAL LAS DELICIAS,2,POBLADO COMPLETO,1,2
02,06,01,019,020601019,RESIDENCIAL SANTA ROSA,2,POBLADO COMPLETO,1,2
02,06,02,001,020602001,CERMEÑO,2,POBLADO COMPLETO,1,2
02,06,02,002,020602002,CAÑAVERAL,1,CABECERA,1,2
02,06,02,003,020602003,CERRO GORDO,2,POBLADO COMPLETO,1,2
02,06,02,004,020602004,EL SILENCIO,2,POBLADO COMPLETO,1,2
02,06,02,005,020602005,LA AGUSTINA,2,POBLADO COMPLETO,1,2
02,06,02,006,020602006,PEÑITA DE LOS UVEROS O LA ANGOSTURA,2,POBLADO COMPLETO,1,2
02,06,02,007,020602007,LOS UVEROS,2,POBLADO COMPLETO,1,2
02,06,02,008,020602008,BELLA VISTA,2,POBLADO COMPLETO,1,2
02,06,02,009,020602009,MEMBRILLAL,3,POBLADO PARTE,1,2
02,06,02,011,020602011,SANTA MARÍA,2,POBLADO COMPLETO,1,2
02,06,02,012,020602012,VISTA HERMOSA,2,POBLADO COMPLETO,1,1
02,06,02,013,020602013,NUEVO SANTA MARÍA,2,POBLADO COMPLETO,1,2
02,06,02,014,020602014,RESIDENCIAL ALTOS DE CAÑAVERAL,2,POBLADO COMPLETO,1,2
02,06,02,015,020602015,RESIDENCIAL ALTOS DEL ZARATÍ,2,POBLADO COMPLETO,1,2
02,06,02,016,020602016,VILLAS DEL SILENCIO,2,POBLADO COMPLETO,1,2
02,06,02,017,020602017,VILLAS DE SANTA MARÍA,2,POBLADO COMPLETO,1,2
02,06,03,001,020603001,BUENA VISTA,2,POBLADO COMPLETO,1,2
02,06,03,002,020603002,CERREZUELA,2,POBLADO COMPLETO,1,2
02,06,03,003,020603003,COCLÉ,1,CABECERA,1,1
02,06,03,005,020603005,EL GAGO O PUERTO EL GAGO,2,POBLADO COMPLETO,1,2
02,06,03,006,020603006,LAS GUABAS,2,POBLADO COMPLETO,1,2
02,06,03,007,020603007,LAS LAJAS,2,POBLADO COMPLETO,1,2
02,06,03,009,020603009,PAN DE AZÚCAR,2,POBLADO COMPLETO,1,2
02,06,03,010,020603010,PUERTO POSADA,2,POBLADO COMPLETO,1,2
02,06,03,011,020603011,MIRAFLORES,2,POBLADO COMPLETO,1,2
02,06,03,012,020603012,RESIDENCIAL WYNN 100,2,POBLADO COMPLETO,1,2
02,06,03,013,020603013,RESIDENCIAL PALO ALTO,2,POBLADO COMPLETO,1,2
02,06,04,002,020604002,BOCA DE LAS MINAS,3,POBLADO PARTE,1,2
02,06,04,003,020604003,BOCA DE VAQUILLA,2,POBLADO COMPLETO,1,2
02,06,04,009,020604009,CHIGUIRÍ ARRIBA,1,CABECERA,1,2
02,06,04,010,020604010,CHIGUIRÍ CENTRO,3,POBLADO PARTE,1,2
02,06,04,011,020604011,LARGUILLO ABAJO,3,POBLADO PARTE,1,2
02,06,04,012,020604012,LARGUILLO ARRIBA,2,POBLADO COMPLETO,1,2
02,06,04,013,020604013,LA VIEJA,2,POBLADO COMPLETO,1,2
02,06,04,016,020604016,PALMILLA,2,POBLADO COMPLETO,1,2
02,06,04,018,020604018,RÍO INDIO ARRIBA,2,POBLADO COMPLETO,1,2
02,06,04,021,020604021,SAN MIGUEL ARRIBA,2,POBLADO COMPLETO,1,2
02,06,04,027,020604027,TAVIDAL ABAJO,2,POBLADO COMPLETO,1,2
02,06,04,028,020604028,TAVIDAL ARRIBA,2,POBLADO COMPLETO,1,2
02,06,04,030,020604030,LA VAQUILLA,3,POBLADO PARTE,1,2
02,06,04,032,020604032,COCOBARI,3,POBLADO PARTE,1,2
02,06,04,035,020604035,LARGUILLO CENTRO,2,POBLADO COMPLETO,1,2
02,06,04,036,020604036,LOMA GRANDE,2,POBLADO COMPLETO,1,2
02,06,04,038,020604038,OAJACA,2,POBLADO COMPLETO,1,2
02,06,04,039,020604039,POZO AZUL,3,POBLADO PARTE,1,2
02,06,04,041,020604041,CABECERA DE ZARATÍ,2,POBLADO COMPLETO,1,2
02,06,04,042,020604042,EL CONGAL,2,POBLADO COMPLETO,1,2
02,06,04,043,020604043,EL LIMÓN,2,POBLADO COMPLETO,1,2
02,06,04,045,020604045,LA SUBIDA DEL COQUILLO,2,POBLADO COMPLETO,1,2
02,06,04,046,020604046,PEÑA BLANCA,2,POBLADO COMPLETO,1,2
02,06,05,001,020605001,AGUAS FRÍAS,2,POBLADO COMPLETO,1,2
02,06,05,002,020605002,AGUAS BLANCAS,2,POBLADO COMPLETO,1,2
02,06,05,003,020605003,CERRO EL ENCANTO,3,POBLADO PARTE,1,2
02,06,05,004,020605004,CHORRERITA O MONTE LIRIO,2,POBLADO COMPLETO,1,2
02,06,05,005,020605005,EL COCO,1,CABECERA,1,2
02,06,05,006,020605006,EL CRISTO,2,POBLADO COMPLETO,1,2
02,06,05,007,020605007,EL ROSARIO,2,POBLADO COMPLETO,1,2
02,06,05,010,020605010,LA ORTIGA,2,POBLADO COMPLETO,1,2
02,06,05,011,020605011,LAS LAJAS,2,POBLADO COMPLETO,2,2
02,06,05,013,020605013,LLANO MARÍN,2,POBLADO COMPLETO,1,1
02,06,05,014,020605014,RÍO HONDO,2,POBLADO COMPLETO,1,2
02,06,05,015,020605015,SANTA CRUZ,3,POBLADO PARTE,1,2
02,06,05,016,020605016,BAJO DE RÍO HONDO,2,POBLADO COMPLETO,1,2
02,06,05,018,020605018,LA PACORA,2,POBLADO COMPLETO,1,2
02,06,05,019,020605019,MARCIAGA,2,POBLADO COMPLETO,1,2
02,06,05,023,020605023,RESIDENCIAL QUINTAS DE PENONOMÉ,2,POBLADO COMPLETO,1,2
02,06,05,024,020605024,RESIDENCIAL PASEO DEL BOSQUE,2,POBLADO COMPLETO,1,2
02,06,05,025,020605025,RESIDENCIAL MONTE LIRIO,2,POBLADO COMPLETO,1,2
02,06,05,026,020605026,GUACAMAYA GARDENS,2,POBLADO COMPLETO,1,2
02,06,06,001,020606001,ALTO DE LA ESTANCIA,3,POBLADO PARTE,1,2
02,06,06,002,020606002,BOQUERÓN,2,POBLADO COMPLETO,1,2
02,06,06,003,020606003,CAIMITO,3,POBLADO PARTE,1,2
02,06,06,005,020606005,CERRO COLORADO,2,POBLADO COMPLETO,1,2
02,06,06,016,020606016,ATRÉ No.1,3,POBLADO PARTE,1,2
02,06,06,018,020606018,MEMBRILLO,2,POBLADO COMPLETO,1,2
02,06,06,022,020606022,PAJONAL ABAJO,3,POBLADO PARTE,1,2
02,06,06,023,020606023,PAJONAL ARRIBA,2,POBLADO COMPLETO,1,2
02,06,06,026,020606026,SOFRE,2,POBLADO COMPLETO,1,2
02,06,06,028,020606028,TUREGA,2,POBLADO COMPLETO,1,2
02,06,06,029,020606029,ATRÉ ARRIBA,2,POBLADO COMPLETO,1,2
02,06,06,033,020606033,LARGUILLO ABAJO,3,POBLADO PARTE,1,2
02,06,06,034,020606034,PAJONAL CENTRO,1,CABECERA,1,2
02,06,06,035,020606035,POZO AZUL,3,POBLADO PARTE,1,2
02,06,06,036,020606036,ÁGUILA ABAJO,2,POBLADO COMPLETO,1,2
02,06,06,037,020606037,ÁGUILA ARRIBA,2,POBLADO COMPLETO,1,2
02,06,06,038,020606038,CHORRERITA,2,POBLADO COMPLETO,1,2
02,06,06,039,020606039,MEMBRILLO ARRIBA,2,POBLADO COMPLETO,1,2
02,06,06,040,020606040,MEMBRILLO CENTRO,2,POBLADO COMPLETO,1,2
02,06,06,041,020606041,RÍO VIEJO,2,POBLADO COMPLETO,1,2
02,06,06,042,020606042,SALADO,2,POBLADO COMPLETO,1,2
02,06,06,043,020606043,SERÉN,2,POBLADO COMPLETO,1,2
02,06,06,044,020606044,CABECERA DE ATRÉ,2,POBLADO COMPLETO,1,2
02,06,07,002,020607002,CIRUELITO,2,POBLADO COMPLETO,1,2
02,06,07,005,020607005,GARICÍN,2,POBLADO COMPLETO,1,2
02,06,07,006,020607006,LA CANDELARIA,2,POBLADO COMPLETO,1,2
02,06,07,008,020607008,LLANO EL APÓSTOL,2,POBLADO COMPLETO,1,2
02,06,07,009,020607009,LOS SALDAÑAS,2,POBLADO COMPLETO,1,2
02,06,07,011,020607011,RÍO GRANDE,1,CABECERA,1,2
02,06,07,012,020607012,SANTA MARÍA,2,POBLADO COMPLETO,1,2
02,06,07,013,020607013,EL GUACAMAYO,2,POBLADO COMPLETO,1,2
02,06,07,014,020607014,EL PITAL,3,POBLADO PARTE,1,2
02,06,07,015,020607015,VILLAS LAS PERLAS,2,POBLADO COMPLETO,1,2
02,06,08,001,020608001,ALTO DE BUENA VISTA,2,POBLADO COMPLETO,1,2
02,06,08,003,020608003,ALTO DEL MORA,2,POBLADO COMPLETO,1,2
02,06,08,005,020608005,BARNIZAL,2,POBLADO COMPLETO,1,2
02,06,08,007,020608007,EL JOBO,2,POBLADO COMPLETO,1,2
02,06,08,008,020608008,BOCA DE URACILLO,2,POBLADO COMPLETO,1,2
02,06,08,009,020608009,BOCA DEL SILENCIO,2,POBLADO COMPLETO,1,2
02,06,08,012,020608012,ALTO DE URACILLO,2,POBLADO COMPLETO,1,2
02,06,08,015,020608015,EL LADRILLAL DE SAN CRISTÓBAL,2,POBLADO COMPLETO,1,2
02,06,08,016,020608016,EL DOMINICAL,3,POBLADO PARTE,1,2
02,06,08,017,020608017,EL AGUACATE,2,POBLADO COMPLETO,1,2
02,06,08,018,020608018,EL ÁGUILA,2,POBLADO COMPLETO,1,2
02,06,08,020,020608020,EL AJÍ,2,POBLADO COMPLETO,1,2
02,06,08,021,020608021,BAJO PIFÁ,2,POBLADO COMPLETO,1,2
02,06,08,022,020608022,EL BARRERO,2,POBLADO COMPLETO,1,2
02,06,08,025,020608025,LA CALABAZA,2,POBLADO COMPLETO,1,2
02,06,08,026,020608026,EL CAMPANO,2,POBLADO COMPLETO,1,2
02,06,08,028,020608028,COQUILLO CENTRO,2,POBLADO COMPLETO,1,2
02,06,08,032,020608032,EL ESPAVELAR,2,POBLADO COMPLETO,1,2
02,06,08,033,020608033,EL FALDAR,2,POBLADO COMPLETO,1,2
02,06,08,034,020608034,BOQUILLA DE LAS POSTRERAS,2,POBLADO COMPLETO,1,2
02,06,08,035,020608035,LA ARENOSA,2,POBLADO COMPLETO,1,2
02,06,08,036,020608036,EL JOBO ARRIBA,2,POBLADO COMPLETO,1,2
02,06,08,038,020608038,EL LIMÓN No.1,3,POBLADO PARTE,1,2
02,06,08,041,020608041,EL PAPAYO,3,POBLADO PARTE,1,2
02,06,08,042,020608042,PON LA OLLA,2,POBLADO COMPLETO,1,2
02,06,08,043,020608043,EL SILENCIO No.1,2,POBLADO COMPLETO,1,2
02,06,08,044,020608044,CERRO MIGUEL,2,POBLADO COMPLETO,1,2
02,06,08,045,020608045,EL SILENCIO CHICO,2,POBLADO COMPLETO,1,2
02,06,08,048,020608048,LA HORMIGUERA,2,POBLADO COMPLETO,1,2
02,06,08,050,020608050,LA MONA,2,POBLADO COMPLETO,1,2
02,06,08,051,020608051,LA PAILA,2,POBLADO COMPLETO,1,2
02,06,08,052,020608052,LA PEDREGOSA,2,POBLADO COMPLETO,1,2
02,06,08,053,020608053,PIGÜILA,2,POBLADO COMPLETO,1,2
02,06,08,055,020608055,"SABANETA DE ""U""",3,POBLADO PARTE,1,2
02,06,08,056,020608056,LA SARDINA,2,POBLADO COMPLETO,1,2
02,06,08,057,020608057,LAS CANOAS,2,POBLADO COMPLETO,1,2
02,06,08,058,020608058,LAS MARÍAS,1,CABECERA,1,2
02,06,08,059,020608059,LAS MARÍAS ARRIBA,2,POBLADO COMPLETO,1,2
02,06,08,060,020608060,LAS MINAS,3,POBLADO PARTE,1,2
02,06,08,061,020608061,CAMPO ALEGRE,2,POBLADO COMPLETO,1,2
02,06,08,062,020608062,LAS POSTRERAS,2,POBLADO COMPLETO,1,2
02,06,08,063,020608063,LAS QUEBRADAS DE URACILLO,2,POBLADO COMPLETO,1,2
02,06,08,064,020608064,LA TIGRITA,2,POBLADO COMPLETO,1,2
02,06,08,065,020608065,LA TOLLOSA,2,POBLADO COMPLETO,1,2
02,06,08,066,020608066,LOMA ALTA,3,POBLADO PARTE,1,2
02,06,08,067,020608067,LOMA DE LA CIGARRA,2,POBLADO COMPLETO,1,2
02,06,08,069,020608069,LOS MOLEJONES,2,POBLADO COMPLETO,1,2
02,06,08,071,020608071,MANGUESAL,2,POBLADO COMPLETO,1,2
02,06,08,072,020608072,PALMA REAL,2,POBLADO COMPLETO,1,2
02,06,08,073,020608073,URACILLO No.2,2,POBLADO COMPLETO,1,2
02,06,08,074,020608074,PASO CARNAL,2,POBLADO COMPLETO,1,2
02,06,08,075,020608075,PIEDRA AMARILLA,2,POBLADO COMPLETO,1,2
02,06,08,077,020608077,QUEBRADA EL MACHO,2,POBLADO COMPLETO,1,2
02,06,08,078,020608078,QUEBRADA JACUMILLA,2,POBLADO COMPLETO,1,2
02,06,08,079,020608079,QUEBRADA LA CONGA,2,POBLADO COMPLETO,1,2
02,06,08,080,020608080,QUEBRADA LA PALMA,2,POBLADO COMPLETO,1,2
02,06,08,085,020608085,COQUILLO DE URACILLO,2,POBLADO COMPLETO,1,2
02,06,08,087,020608087,RÍO INDIO,2,POBLADO COMPLETO,1,2
02,06,08,088,020608088,SAN CRISTÓBAL,2,POBLADO COMPLETO,1,2
02,06,08,089,020608089,SILENCITO,2,POBLADO COMPLETO,1,2
02,06,08,090,020608090,TIERRA BUENA,2,POBLADO COMPLETO,1,2
02,06,08,091,020608091,TRES HERMANAS,3,POBLADO PARTE,1,2
02,06,08,094,020608094,"""U"" CENTRO",3,POBLADO PARTE,1,2
02,06,08,095,020608095,CERRO VENADO,2,POBLADO COMPLETO,1,2
02,06,08,096,020608096,ALTO SILENCIO,2,POBLADO COMPLETO,1,2
02,06,08,097,020608097,LA CECILIA,2,POBLADO COMPLETO,1,2
02,06,08,099,020608099,LOS RODEOS,2,POBLADO COMPLETO,1,2
02,06,08,102,020608102,EL LÍMITE,2,POBLADO COMPLETO,1,2
02,06,08,103,020608103,EL VALLECITO,3,POBLADO PARTE,1,2
02,06,08,106,020608106,LA GUINEA,2,POBLADO COMPLETO,1,2
02,06,08,107,020608107,LA MINA,2,POBLADO COMPLETO,1,2
02,06,08,108,020608108,LA NEGRITA,2,POBLADO COMPLETO,1,2
02,06,08,109,020608109,LA TOLLOSITA,2,POBLADO COMPLETO,1,2
02,06,08,112,020608112,LAS VEGAS,2,POBLADO COMPLETO,1,2
02,06,08,114,020608114,LOS NARANJITOS,2,POBLADO COMPLETO,1,2
02,06,08,115,020608115,LOS RASTROJOS,2,POBLADO COMPLETO,1,2
02,06,08,117,020608117,LA PUENTE,2,POBLADO COMPLETO,1,2
02,06,08,119,020608119,BOQUILLA DE LA MINA,2,POBLADO COMPLETO,1,2
02,06,08,121,020608121,CIGÜA,2,POBLADO COMPLETO,1,2
02,06,08,123,020608123,EL GUABO,2,POBLADO COMPLETO,1,2
02,06,08,124,020608124,EL HARINO,2,POBLADO COMPLETO,1,2
02,06,08,125,020608125,EL SILENCIO,2,POBLADO COMPLETO,1,2
02,06,08,126,020608126,EL SILENCIO ARRIBA,2,POBLADO COMPLETO,1,2
02,06,08,127,020608127,LA IGUANA,2,POBLADO COMPLETO,1,2
02,06,08,128,020608128,LA JEJENA,3,POBLADO PARTE,1,2
02,06,08,129,020608129,LA TIGRA,2,POBLADO COMPLETO,1,2
02,06,08,131,020608131,LAS MERCEDES,2,POBLADO COMPLETO,1,2
02,06,08,132,020608132,LOS CEDROS,3,POBLADO PARTE,1,2
02,06,08,134,020608134,PUEBLO NUEVO,2,POBLADO COMPLETO,1,2
02,06,08,137,020608137,URACILLO CENTRO,2,POBLADO COMPLETO,1,2
02,06,08,138,020608138,URACILLO DE LAS MARÍAS,2,POBLADO COMPLETO,1,2
02,06,08,139,020608139,BARNIZAL No.1,2,POBLADO COMPLETO,1,2
02,06,08,142,020608142,LA CABINA,2,POBLADO COMPLETO,1,2
02,06,08,143,020608143,LAS MARÍAS CENTRO,2,POBLADO COMPLETO,1,2
02,06,08,145,020608145,CABECERA DE QUEBRADA EL COCA,2,POBLADO COMPLETO,1,2
02,06,08,146,020608146,EL ARENOSO,2,POBLADO COMPLETO,1,2
02,06,08,147,020608147,EL HIGUERONAL,2,POBLADO COMPLETO,1,2
02,06,08,148,020608148,IGUANA QUEMÁ,2,POBLADO COMPLETO,1,2
02,06,08,149,020608149,LOMA ALTA ABAJO,3,POBLADO PARTE,1,2
02,06,08,151,020608151,CERRO MIGUEL DE DONOSO,3,POBLADO PARTE,1,2
02,06,09,003,020609003,ATRÉ No.1,3,POBLADO PARTE,1,2
02,06,09,009,020609009,BITO,3,POBLADO PARTE,1,2
02,06,09,011,020609011,BOCA DE CHIGUIRÍ,2,POBLADO COMPLETO,1,2
02,06,09,019,020609019,CACACO,2,POBLADO COMPLETO,1,2
02,06,09,020,020609020,CAÑAZAS No.2,2,POBLADO COMPLETO,1,2
02,06,09,025,020609025,ALTOS DEL COCO,2,POBLADO COMPLETO,1,2
02,06,09,026,020609026,EL CUCHARO,2,POBLADO COMPLETO,1,2
02,06,09,028,020609028,EL JAGUA,2,POBLADO COMPLETO,1,2
02,06,09,035,020609035,LA CANDELARIA,2,POBLADO COMPLETO,1,2
02,06,09,037,020609037,LAS CUESTAS DE MARICA,2,POBLADO COMPLETO,1,2
02,06,09,038,020609038,LA MARTILLADA,2,POBLADO COMPLETO,1,2
02,06,09,042,020609042,LAS VARITAS,2,POBLADO COMPLETO,1,2
02,06,09,044,020609044,"BRAZO DE ""U""",3,POBLADO PARTE,1,2
02,06,09,045,020609045,LOS MOLEJONES,3,POBLADO PARTE,1,2
02,06,09,047,020609047,MIRAFLORES,2,POBLADO COMPLETO,1,2
02,06,09,048,020609048,EL NARANJAL,2,POBLADO COMPLETO,1,2
02,06,09,050,020609050,SANTA ANA ARRIBA,3,POBLADO PARTE,1,2
02,06,09,051,020609051,OJO DE AGUA,2,POBLADO COMPLETO,1,2
02,06,09,059,020609059,SABANA LARGA,2,POBLADO COMPLETO,1,2
02,06,09,060,020609060,"SABANETA DE ""U""",3,POBLADO PARTE,1,2
02,06,09,061,020609061,SAGREJÁ,2,POBLADO COMPLETO,1,2
02,06,09,063,020609063,SAN MIGUEL,3,POBLADO PARTE,1,2
02,06,09,064,020609064,TAMBO,2,POBLADO COMPLETO,1,2
02,06,09,066,020609066,TOABRÉ,1,CABECERA,1,2
02,06,09,068,020609068,TUCUÉ,3,POBLADO PARTE,1,2
02,06,09,070,020609070,TUCUECITO,3,POBLADO PARTE,1,2
02,06,09,072,020609072,"""U"" CENTRO",3,POBLADO PARTE,1,2
02,06,09,074,020609074,CHIGUIRÍ ABAJO,2,POBLADO COMPLETO,1,2
02,06,09,076,020609076,BEJUCO,2,POBLADO COMPLETO,1,2
02,06,09,078,020609078,EL CAÑO DE SAN MIGUEL,3,POBLADO PARTE,1,2
02,06,09,081,020609081,CHORRERITA,3,POBLADO PARTE,1,2
02,06,09,082,020609082,SAN PEDRO ABAJO,3,POBLADO PARTE,1,2
02,06,09,083,020609083,SAN JOSÉ,2,POBLADO COMPLETO,1,2
02,06,09,084,020609084,SAN PABLO,2,POBLADO COMPLETO,1,2
02,06,09,086,020609086,ATRÉ No.2,2,POBLADO COMPLETO,1,2
02,06,09,088,020609088,BOCA DE LARGUILLO,2,POBLADO COMPLETO,1,2
02,06,09,091,020609091,CABECERA DE RÍO BITO,2,POBLADO COMPLETO,1,2
02,06,09,095,020609095,GUABAL ARRIBA,2,POBLADO COMPLETO,1,2
02,06,09,097,020609097,LAS MARÍAS,2,POBLADO COMPLETO,1,2
02,06,09,098,020609098,LOS PILARES,3,POBLADO PARTE,1,2
02,06,09,107,020609107,QUEBRADA LOS SULES,2,POBLADO COMPLETO,1,2
02,06,09,108,020609108,QUEBRADA SARDINOSA,2,POBLADO COMPLETO,1,2
02,06,09,111,020609111,SAN PABLO ABAJO,2,POBLADO COMPLETO,1,2
02,06,09,112,020609112,SAN PABLO ARRIBA,2,POBLADO COMPLETO,1,2
02,06,09,115,020609115,QUEBRADA ARENAL,2,POBLADO COMPLETO,1,2
02,06,09,120,020609120,PERECABECITO O SANTA CRUZ,3,POBLADO PARTE,1,2
02,06,09,121,020609121,ALTO DE LA MONA,2,POBLADO COMPLETO,1,2
02,06,09,122,020609122,VALLE SOLITARIO,2,POBLADO COMPLETO,1,2
02,06,09,124,020609124,CHIGUIRÍ CENTRO,3,POBLADO PARTE,1,2
02,06,09,125,020609125,LARGUILLO ABAJO,3,POBLADO PARTE,1,2
02,06,09,126,020609126,SAN PEDRO,3,POBLADO PARTE,1,2
02,06,09,127,020609127,VALLE MIRAFLORES,2,POBLADO COMPLETO,1,2
02,06,10,002,020610002,BOCA DE CUIRIA,2,POBLADO COMPLETO,1,2
02,06,10,004,020610004,BUENA VISTA,2,POBLADO COMPLETO,1,2
02,06,10,011,020610011,LAS MARINAS,3,POBLADO PARTE,1,2
02,06,10,015,020610015,LA TULÚA,3,POBLADO PARTE,1,2
02,06,10,016,020610016,LUBRÉ,2,POBLADO COMPLETO,1,2
02,06,10,017,020610017,LURÁ CENTRO,3,POBLADO PARTE,1,2
02,06,10,018,020610018,LURACITO ARRIBA,3,POBLADO PARTE,1,2
02,06,10,025,020610025,TULÚ ABAJO,2,POBLADO COMPLETO,1,2
02,06,10,026,020610026,TULÚ ARRIBA,2,POBLADO COMPLETO,1,2
02,06,10,030,020610030,CHICAGÜA,2,POBLADO COMPLETO,1,2
02,06,10,031,020610031,GATO ESPINO,2,POBLADO COMPLETO,1,2
02,06,10,032,020610032,NUEVO SAN PABLO,2,POBLADO COMPLETO,1,2
02,06,10,033,020610033,SAN ISIDRO,2,POBLADO COMPLETO,1,2
02,06,10,034,020610034,SAN VICENTE,2,POBLADO COMPLETO,1,2
02,06,10,035,020610035,TULÚ CENTRO,2,POBLADO COMPLETO,1,2
02,06,10,036,020610036,UNIÓN SANTEÑA,2,POBLADO COMPLETO,1,2
02,06,10,037,020610037,CUTEVA ARRIBA,2,POBLADO COMPLETO,1,2
02,06,10,038,020610038,LA BOCA DE TULÚ,3,POBLADO PARTE,1,2
02,06,10,040,020610040,NUEVO ROSARIO,2,POBLADO COMPLETO,1,2
02,06,10,041,020610041,NUEVO SAN ANTONIO,2,POBLADO COMPLETO,1,2
02,06,10,042,020610042,PIEDRA AMARILLA,2,POBLADO COMPLETO,1,2
02,06,10,043,020610043,TACUMA,2,POBLADO COMPLETO,1,2
02,06,10,045,020610045,CERRO TULÚ,2,POBLADO COMPLETO,1,2
02,06,10,047,020610047,CABA CORRIENTE,2,POBLADO COMPLETO,1,2
02,06,11,001,020611001,ALTOS DE SAN MIGUEL,3,POBLADO PARTE,1,2
02,06,11,002,020611002,BANACITO,2,POBLADO COMPLETO,1,2
02,06,11,003,020611003,BOCA DE GUAYABO,2,POBLADO COMPLETO,1,2
02,06,11,004,020611004,BOCA DE LURÁ,2,POBLADO COMPLETO,1,2
02,06,11,005,020611005,BOCA DE SAN MIGUEL,2,POBLADO COMPLETO,1,2
02,06,11,006,020611006,BOCA DE TUCUÉ,1,CABECERA,1,2
02,06,11,007,020611007,BOQUILLA DE DOMINICA,2,POBLADO COMPLETO,1,2
02,06,11,008,020611008,CAÑAZAS No.1,2,POBLADO COMPLETO,1,2
02,06,11,009,020611009,CHORRERITA,3,POBLADO PARTE,1,2
02,06,11,010,020611010,CUIRIA O SAN FRANCISCO,2,POBLADO COMPLETO,1,2
02,06,11,011,020611011,DOMINICA,2,POBLADO COMPLETO,1,2
02,06,11,012,020611012,EL GUAYABO,2,POBLADO COMPLETO,1,2
02,06,11,013,020611013,EL PERNAL,2,POBLADO COMPLETO,1,2
02,06,11,014,020611014,HIGUERONAL,2,POBLADO COMPLETO,1,2
02,06,11,015,020611015,LA BOCA DE TULÚ,3,POBLADO PARTE,1,2
02,06,11,016,020611016,LA SEMILLA,3,POBLADO PARTE,1,2
02,06,11,017,020611017,LAS MARINAS,3,POBLADO PARTE,1,2
02,06,11,018,020611018,LOURDES,2,POBLADO COMPLETO,1,2
02,06,11,019,020611019,LURÁ CENTRO,3,POBLADO PARTE,1,2
02,06,11,020,020611020,LURACITO ARRIBA,3,POBLADO PARTE,1,2
02,06,11,021,020611021,MONTE BUENA,2,POBLADO COMPLETO,1,2
02,06,11,022,020611022,NUEVO BANACITO,2,POBLADO COMPLETO,1,2
02,06,11,023,020611023,PASO ANCHO,2,POBLADO COMPLETO,1,2
02,06,11,024,020611024,PASO REAL,3,POBLADO PARTE,1,2
02,06,11,025,020611025,QUEBRADA LA TABILA,2,POBLADO COMPLETO,1,2
02,06,11,026,020611026,TIERRA BUENA,2,POBLADO COMPLETO,1,2
02,06,11,027,020611027,TUCUÉ,3,POBLADO PARTE,1,2
02,06,11,028,020611028,TUCUECITO,3,POBLADO PARTE,1,2
02,06,12,001,020612001,"""U"" ARRIBA",2,POBLADO COMPLETO,1,2
02,06,12,002,020612002,BARRIO UNIDO,2,POBLADO COMPLETO,1,2
02,06,12,003,020612003,BOCA DE LAS MINAS,3,POBLADO PARTE,1,2
02,06,12,004,020612004,BRAZO CHICO,2,POBLADO COMPLETO,1,2
02,06,12,005,020612005,"BRAZO DE ""U""",3,POBLADO PARTE,1,2
02,06,12,006,020612006,CERRO CHICA,2,POBLADO COMPLETO,1,2
02,06,12,007,020612007,CERRO CONGOSO,2,POBLADO COMPLETO,1,2
02,06,12,008,020612008,COCOBARI,3,POBLADO PARTE,1,2
02,06,12,009,020612009,EL VALLECITO,3,POBLADO PARTE,1,2
02,06,12,010,020612010,LA VAQUILLA,3,POBLADO PARTE,1,2
02,06,12,011,020612011,LOS PILARES,3,POBLADO PARTE,1,2
02,06,12,012,020612012,QUEBRADA GRANDE,2,POBLADO COMPLETO,1,2
02,06,12,013,020612013,RENACIMIENTO DE U,2,POBLADO COMPLETO,1,2
02,06,12,014,020612014,SACRAMENTO,2,POBLADO COMPLETO,1,2
02,06,12,015,020612015,SAN MIGUEL,3,POBLADO PARTE,1,2
02,06,12,016,020612016,SAN MIGUEL CENTRO,1,CABECERA,1,2
02,06,12,017,020612017,SAN MIGUELITO,2,POBLADO COMPLETO,1,2
02,06,12,018,020612018,SAN PEDRO,3,POBLADO PARTE,1,2
02,06,12,019,020612019,SAN PEDRO ABAJO,3,POBLADO PARTE,1,2
02,06,12,020,020612020,SAN PEDRO ARRIBA,2,POBLADO COMPLETO,1,2
02,06,12,021,020612021,SANTA ANA ARRIBA,3,POBLADO PARTE,1,2
02,06,12,022,020612022,ZAPOTAL,2,POBLADO COMPLETO,1,2
02,06,13,001,020613001,ATRÉ No.1,3,POBLADO PARTE,1,2
02,06,13,002,020613002,CAIMITO,3,POBLADO PARTE,1,2
02,06,13,003,020613003,CHURUQUITA CHIQUITA,1,CABECERA,1,2
02,06,13,004,020613004,CHURUQUITA GRANDE,2,POBLADO COMPLETO,1,2
02,06,13,005,020613005,EL BARRERO O BARRERO,2,POBLADO COMPLETO,1,2
02,06,13,006,020613006,EL COCAL,2,POBLADO COMPLETO,1,2
02,06,13,007,020613007,EL NANZAL,2,POBLADO COMPLETO,1,2
02,06,13,008,020613008,EL PIRAL,2,POBLADO COMPLETO,1,2
02,06,13,009,020613009,EL POTRERO,2,POBLADO COMPLETO,1,2
02,06,13,010,020613010,GUABAL,2,POBLADO COMPLETO,1,2
02,06,13,011,020613011,LA NEGRITA,2,POBLADO COMPLETO,1,2
02,06,13,012,020613012,MONTE GRANDE,2,POBLADO COMPLETO,1,2
02,06,13,013,020613013,MOSQUITERO,2,POBLADO COMPLETO,1,2
02,06,13,014,020613014,PAJONAL ABAJO,3,POBLADO PARTE,1,2
02,06,13,015,020613015,RINCÓN DE LAS PALMAS,2,POBLADO COMPLETO,1,2
02,06,13,016,020613016,SANTA CRUZ,3,POBLADO PARTE,1,2
02,06,13,017,020613017,SONADORA,2,POBLADO COMPLETO,1,2
02,06,13,018,020613018,TUÉ,2,POBLADO COMPLETO,1,2
02,06,14,001,020614001,AGUAS BLANCAS,3,POBLADO PARTE,1,2
02,06,14,002,020614002,AGUAS CLARAS,2,POBLADO COMPLETO,1,2
02,06,14,003,020614003,ALTO DE LOS REYES,2,POBLADO COMPLETO,1,2
02,06,14,004,020614004,CAIMITAL,2,POBLADO COMPLETO,1,2
02,06,14,005,020614005,EL ESCOBAL,2,POBLADO COMPLETO,1,2
02,06,14,006,020614006,EL HATILLO,2,POBLADO COMPLETO,1,2
02,06,14,007,020614007,EL LIMÓN,2,POBLADO COMPLETO,1,2
02,06,14,008,020614008,LA PEDREGOSA,2,POBLADO COMPLETO,1,2
02,06,14,009,020614009,LAS MINAS,3,POBLADO PARTE,1,2
02,06,14,010,020614010,LAS POZAS,2,POBLADO COMPLETO,1,2
02,06,14,011,020614011,LAS TRANQUILLAS,2,POBLADO COMPLETO,1,2
02,06,14,012,020614012,MANO DE PIEDRA,2,POBLADO COMPLETO,1,2
02,06,14,013,020614013,PERECABÉ,1,CABECERA,1,2
02,06,14,014,020614014,PERECABECITO O SANTA CRUZ,3,POBLADO PARTE,1,2
02,06,14,015,020614015,ZUMBADOR,2,POBLADO COMPLETO,1,2
02,06,15,001,020615001,"""U"" ABAJO",2,POBLADO COMPLETO,1,2
02,06,15,002,020615002,ALTO DE RIECITO,2,POBLADO COMPLETO,1,2
02,06,15,003,020615003,ALTO LIMÓN,2,POBLADO COMPLETO,1,2
02,06,15,004,020615004,BOCA DE LA ENCANTADA,3,POBLADO PARTE,1,2
02,06,15,005,020615005,BOQUILLA DE QUEBRAÓN,2,POBLADO COMPLETO,1,2
02,06,15,006,020615006,CABECERA DE RIECITO,2,POBLADO COMPLETO,1,2
02,06,15,007,020615007,CACIQUE,2,POBLADO COMPLETO,1,2
02,06,15,008,020615008,CAÑO SUCIO,2,POBLADO COMPLETO,1,2
02,06,15,009,020615009,EL PANTANO,2,POBLADO COMPLETO,1,2
02,06,15,010,020615010,EL QUEBRAÓN,2,POBLADO COMPLETO,1,2
02,06,15,011,020615011,EL VALLE DE RIECITO,2,POBLADO COMPLETO,1,2
02,06,15,012,020615012,GURBE,2,POBLADO COMPLETO,1,2
02,06,15,013,020615013,LA PITA,2,POBLADO COMPLETO,1,2
02,06,15,014,020615014,LAS MARAVILLAS,3,POBLADO PARTE,1,2
02,06,15,015,020615015,LAS PALMAS,1,CABECERA,1,2
02,06,15,016,020615016,LOMA ALTA,3,POBLADO PARTE,1,2
02,06,15,017,020615017,LOMA ALTA ABAJO,3,POBLADO PARTE,1,2
02,06,15,018,020615018,LOS CEDROS,3,POBLADO PARTE,1,2
02,06,15,019,020615019,LOS CERRITOS,2,POBLADO COMPLETO,1,2
02,06,15,020,020615020,LOS CERRITOS No.1,2,POBLADO COMPLETO,1,2
02,06,15,021,020615021,LOS ELEGIDOS,3,POBLADO PARTE,1,2
02,06,15,022,020615022,LOS ZULES,2,POBLADO COMPLETO,1,2
02,06,15,023,020615023,PIEDRAS LARGAS,2,POBLADO COMPLETO,1,2
02,06,15,024,020615024,"SABANETA DE ""U""",3,POBLADO PARTE,1,2
02,06,15,025,020615025,SAMARIA,2,POBLADO COMPLETO,1,2
02,06,15,026,020615026,SANTA MARÍA,2,POBLADO COMPLETO,2,2
02,06,15,027,020615027,VALLE DEL PLATANAL,2,POBLADO COMPLETO,1,2
02,06,15,028,020615028,LAS CRUCES,3,POBLADO PARTE,1,2
02,06,16,001,020616001,ALTOS DE LOS DARIELES,2,POBLADO COMPLETO,1,2
02,06,16,002,020616002,ALTOS DE SAN MIGUEL,3,POBLADO PARTE,1,2
02,06,16,003,020616003,BAJITO DE SAN MIGUEL,1,CABECERA,1,2
02,06,16,004,020616004,BANAZO ARRIBA,2,POBLADO COMPLETO,1,2
02,06,16,005,020616005,BANAZO CENTRO,2,POBLADO COMPLETO,1,2
02,06,16,006,020616006,BITO,3,POBLADO PARTE,1,2
02,06,16,007,020616007,EL CAÑO DE SAN MIGUEL,3,POBLADO PARTE,1,2
02,06,16,008,020616008,LA SEMILLA,3,POBLADO PARTE,1,2
02,06,16,009,020616009,"LAS QUEBRADAS DE ""U""",2,POBLADO COMPLETO,1,2
02,06,16,010,020616010,LOS MOLEJONES,3,POBLADO PARTE,1,2
02,06,16,011,020616011,PASO REAL,3,POBLADO PARTE,1,2
02,06,16,012,020616012,QUEBRADA CULEBRA,2,POBLADO COMPLETO,1,2
02,06,16,013,020616013,QUEBRADA EL CLAVO,2,POBLADO COMPLETO,1,2
02,06,16,014,020616014,QUEBRADA EL COROTÚ O QUEBRADA LA MINGA,2,POBLADO COMPLETO,1,2
02,06,16,015,020616015,QUEBRADA EL TIGRE,2,POBLADO COMPLETO,1,2
02,06,16,016,020616016,QUEBRADA LA CHISPA,2,POBLADO COMPLETO,1,2
02,06,16,017,020616017,QUEBRADA LA LAJOSA,2,POBLADO COMPLETO,1,2
02,06,16,018,020616018,QUEBRADA LA TIGRA,2,POBLADO COMPLETO,1,2
02,06,16,019,020616019,"SABANETA DE ""U""",3,POBLADO PARTE,1,2
02,06,16,020,020616020,SAN MIGUEL No.2,2,POBLADO COMPLETO,1,2
02,06,16,021,020616021,SAN MIGUELITO,2,POBLADO COMPLETO,1,2
02,06,16,022,020616022,SANTA ANA ABAJO,2,POBLADO COMPLETO,1,2
02,06,16,023,020616023,VALLE DE SAN MIGUEL,2,POBLADO COMPLETO,1,2
03,01,01,001,030101001,BARRIO NORTE,2,POBLADO COMPLETO,1,1
03,01,02,001,030102001,BARRIO SUR,2,POBLADO COMPLETO,1,1
03,01,03,001,030103001,ALTAMIRA,3,POBLADO PARTE,2,2
03,01,03,004,030103004,BUENA VISTA,1,CABECERA,1,1
03,01,03,010,030103010,NUEVO VERAGUAS O LA ESCANDALOSA,2,POBLADO COMPLETO,1,2
03,01,03,013,030103013,LOS PLAYONES,2,POBLADO COMPLETO,1,2
03,01,03,015,030103015,PEÑAS BLANCAS,2,POBLADO COMPLETO,1,2
03,01,03,018,030103018,QUEBRADA BONITA,2,POBLADO COMPLETO,1,1
03,01,03,020,030103020,RÍO DUQUE,2,POBLADO COMPLETO,1,1
03,01,03,023,030103023,LA LOMA DE LA GLORIA,2,POBLADO COMPLETO,1,2
03,01,03,024,030103024,FRIJOLITO O FRIJOLITO ABAJO,3,POBLADO PARTE,1,2
03,01,03,027,030103027,ALTOS DE DIVISA,2,POBLADO COMPLETO,1,2
03,01,03,030,030103030,RINCÓN CALIENTE,2,POBLADO COMPLETO,1,2
03,01,03,033,030103033,RÍO GATÚN,2,POBLADO COMPLETO,1,2
03,01,03,034,030103034,SARDINILLA,3,POBLADO PARTE,1,2
03,01,03,035,030103035,QUEBRADA ANCHA,3,POBLADO PARTE,1,2
03,01,03,036,030103036,QUEBRADA BONITA ARRIBA,2,POBLADO COMPLETO,1,2
03,01,03,041,030103041,LA BONGA,2,POBLADO COMPLETO,1,2
03,01,04,002,030104002,CATIVÁ,4,CABECERA PARTE (Mixto),1,1
03,01,04,004,030104004,LA REPRESA,3,POBLADO PARTE,1,2
03,01,04,029,030104029,COSTA DE ORO,2,POBLADO COMPLETO,1,2
03,01,04,042,030104042,LAS COLINAS,2,POBLADO COMPLETO,1,2
03,01,04,043,030104043,SAMBA BONITA,2,POBLADO COMPLETO,2,2
03,01,05,001,030105001,ARAÑAGATAL,3,POBLADO PARTE,1,2
03,01,05,002,030105002,ARRECIFAL,2,POBLADO COMPLETO,1,2
03,01,05,003,030105003,CAÑA BRAVA,3,POBLADO PARTE,1,2
03,01,05,004,030105004,CAÑO DE CIRICITO,2,POBLADO COMPLETO,1,2
03,01,05,005,030105005,CAÑO DE VIVIANO,3,POBLADO PARTE,1,2
03,01,05,006,030105006,CAÑA BRAVA No.1,2,POBLADO COMPLETO,1,2
03,01,05,007,030105007,CIRICITO,2,POBLADO COMPLETO,1,2
03,01,05,008,030105008,LOS CHORROS DE CIRÍ GRANDE,3,POBLADO PARTE,1,2
03,01,05,009,030105009,CUIPO,4,CABECERA PARTE (Mixto),1,2
03,01,05,010,030105010,CHORRILLO,3,POBLADO PARTE,1,2
03,01,05,011,030105011,EL CONGAL,3,POBLADO PARTE,1,2
03,01,05,013,030105013,FRENTE DE CIRICITO,3,POBLADO PARTE,1,2
03,01,05,014,030105014,LA CAUCHERA,2,POBLADO COMPLETO,1,2
03,01,05,015,030105015,LA HUMILDAD,3,POBLADO PARTE,1,2
03,01,05,017,030105017,LOS CEDROS DEL LAGO,3,POBLADO PARTE,1,2
03,01,05,019,030105019,MARAÑONCITO,2,POBLADO COMPLETO,1,2
03,01,05,020,030105020,NUEVA AMÉRICA,2,POBLADO COMPLETO,1,2
03,01,05,021,030105021,PABLÓN,3,POBLADO PARTE,1,2
03,01,05,022,030105022,PALMIRA,3,POBLADO PARTE,1,2
03,01,05,024,030105024,EL PEPINO,3,POBLADO PARTE,1,2
03,01,05,025,030105025,NUEVO PORVENIR,2,POBLADO COMPLETO,1,2
03,01,05,026,030105026,TRINIDAD DE LOS LAGOS,3,POBLADO PARTE,1,2
03,01,05,027,030105027,CAÑO QUEBRADO ARRIBA,3,POBLADO PARTE,1,2
03,01,05,030,030105030,LOS LAGUITOS,3,POBLADO PARTE,1,2
03,01,05,031,030105031,NUEVO CIRICITO,2,POBLADO COMPLETO,1,2
03,01,05,032,030105032,PUNTA LA MORA,3,POBLADO PARTE,2,2
03,01,06,003,030106003,GATÚN O RÍO GATÚN,3,POBLADO PARTE,1,2
03,01,06,004,030106004,MARGARITA,3,POBLADO PARTE,1,1
03,01,06,005,030106005,GAMBOA,3,POBLADO PARTE,1,1
03,01,06,006,030106006,CIUDAD ARCO IRIS,1,CABECERA,1,1
03,01,06,015,030106015,LOMA FLORES,2,POBLADO COMPLETO,1,2
03,01,06,016,030106016,LA TREINTAICINCO O BATERÍA 35,2,POBLADO COMPLETO,1,2
03,01,06,024,030106024,CRISTÓBAL,2,POBLADO COMPLETO,1,1
03,01,06,025,030106025,BARRIADA SAN ANDRÉS,3,POBLADO PARTE,1,2
03,01,06,026,030106026,BARRIADA SAN JOSÉ,3,POBLADO PARTE,1,2
03,01,06,028,030106028,NUEVA ITALIA,3,POBLADO PARTE,1,2
03,01,06,029,030106029,QUEBRADA PATO,2,POBLADO COMPLETO,1,2
03,01,06,030,030106030,AGUA SUCIA,3,POBLADO PARTE,1,2
03,01,06,032,030106032,ESCOBAL,3,POBLADO PARTE,1,2
03,01,06,038,030106038,LA ULLAMA,3,POBLADO PARTE,1,2
03,01,06,039,030106039,LA HUMILDAD,3,POBLADO PARTE,1,2
03,01,06,040,030106040,CAÑO VICTORIO,3,POBLADO PARTE,1,2
03,01,06,041,030106041,CAMPO ALEGRE,3,POBLADO PARTE,1,2
03,01,06,042,030106042,CHORRILLO,3,POBLADO PARTE,1,2
03,01,06,043,030106043,CUIPO,3,POBLADO PARTE,1,2
03,01,06,044,030106044,CAÑA BRAVA,3,POBLADO PARTE,1,2
03,01,06,045,030106045,PUNTA LA MORA,3,POBLADO PARTE,1,2
03,01,06,048,030106048,PABLÓN,3,POBLADO PARTE,1,2
03,01,06,050,030106050,ARAÑAGATAL,3,POBLADO PARTE,1,2
03,01,06,051,030106051,EL CONGAL,3,POBLADO PARTE,1,2
03,01,06,052,030106052,FRENTE DE CIRICITO,3,POBLADO PARTE,1,2
03,01,06,054,030106054,LOS CHORROS DE CIRÍ GRANDE,3,POBLADO PARTE,1,2
03,01,06,056,030106056,NUEVA PROVIDENCIA,3,POBLADO PARTE,1,2
03,01,06,058,030106058,EL LIMÓN,3,POBLADO PARTE,1,2
03,01,06,059,030106059,GUAYABALITO,3,POBLADO PARTE,1,2
03,01,06,060,030106060,SANTA ROSA,3,POBLADO PARTE,1,2
03,01,06,061,030106061,CARTAGENITA,3,POBLADO PARTE,1,2
03,01,06,062,030106062,ISLA VERDE,3,POBLADO PARTE,1,2
03,01,06,063,030106063,EL VALLE DE SANTA CRUZ,3,POBLADO PARTE,1,2
03,01,06,064,030106064,TRAPICHITO,3,POBLADO PARTE,1,2
03,01,06,066,030106066,SALAMANCA,3,POBLADO PARTE,1,2
03,01,06,068,030106068,NUEVO VIGÍA,3,POBLADO PARTE,1,1
03,01,06,069,030106069,PUEBLO VIEJO,3,POBLADO PARTE,1,2
03,01,06,074,030106074,FUERTE SHERMAN,2,POBLADO COMPLETO,1,2
03,01,06,075,030106075,ISLA CRISTÓBAL,2,POBLADO COMPLETO,2,2
03,01,06,080,030106080,ISLA TRES PERROS,2,POBLADO COMPLETO,2,2
03,01,06,083,030106083,PIÑA,3,POBLADO PARTE,1,2
03,01,06,084,030106084,RESIDENCIAL JOSÉ DOMINADOR BAZÁN,3,POBLADO PARTE,1,1
03,01,06,085,030106085,SALAMANQUITA,3,POBLADO PARTE,1,2
03,01,06,088,030106088,VINO TINTO,3,POBLADO PARTE,1,2
03,01,06,089,030106089,SAN ANTONIO,2,POBLADO COMPLETO,1,3
03,01,06,090,030106090,GATÚN HIGH,2,POBLADO COMPLETO,2,2
03,01,06,091,030106091,AGUAS CLARAS,3,POBLADO PARTE,1,2
03,01,06,092,030106092,ALFAGIA,3,POBLADO PARTE,1,2
03,01,06,094,030106094,QUEBRADA DOMINGO,3,POBLADO PARTE,1,2
03,01,06,096,030106096,BARRIADA JUAN DEMÓSTENES AROSEMENA O EL VEINTE,3,POBLADO PARTE,1,1
03,01,06,097,030106097,CAMPANA,3,POBLADO PARTE,1,2
03,01,06,098,030106098,EMBERÁ QUERÁ,3,POBLADO PARTE,2,2
03,01,06,099,030106099,FUERTE SAN LORENZO,2,POBLADO COMPLETO,2,2
03,01,06,100,030106100,LOMA BRACHO,2,POBLADO COMPLETO,1,2
03,01,06,101,030106101,MADROÑAL,3,POBLADO PARTE,1,2
03,01,06,102,030106102,QUEBRADA PLATA No.2,3,POBLADO PARTE,1,2
03,01,06,108,030106108,ISLA PALOMA,2,POBLADO COMPLETO,2,2
03,01,06,109,030106109,LOS LAGUITOS,3,POBLADO PARTE,1,2
03,01,06,110,030106110,CAÑO DE VIVIANO,3,POBLADO PARTE,1,2
03,01,06,111,030106111,ISLA CALVO,2,POBLADO COMPLETO,1,2
03,01,06,112,030106112,LA ESTRELLA,3,POBLADO PARTE,1,2
03,01,06,113,030106113,LA GALLINITA,2,POBLADO COMPLETO,1,2
03,01,06,114,030106114,LOS CEDROS DEL LAGO,3,POBLADO PARTE,1,2
03,01,06,115,030106115,BOQUERÓN ABAJO,3,POBLADO PARTE,1,2
03,01,06,116,030106116,ELLA PURÚ EMBERÁ,2,POBLADO COMPLETO,1,3
03,01,06,117,030106117,ISLA MARAÑÓN,2,POBLADO COMPLETO,1,2
03,01,06,118,030106118,NEPONO PURÚ EMBERÁ,2,POBLADO COMPLETO,1,3
03,01,06,119,030106119,RÍO PIÑA,3,POBLADO PARTE,1,2
03,01,06,120,030106120,TANQUE NEGRO,2,POBLADO COMPLETO,1,2
03,01,06,121,030106121,FLOR DEL CAFÉ,2,POBLADO COMPLETO,1,2
03,01,06,122,030106122,GRANJA NUEVA JERUSALÉN,2,POBLADO COMPLETO,1,2
03,01,06,123,030106123,EMBERÁ CIMARRÓN PARAÍSO,3,POBLADO PARTE,1,2
03,01,06,124,030106124,ISLA DOS HUEVOS,2,POBLADO COMPLETO,1,2
03,01,07,002,030107002,CAÑO QUEBRADO,3,POBLADO PARTE,1,2
03,01,07,003,030107003,CAÑO VICTORIO,3,POBLADO PARTE,2,2
03,01,07,005,030107005,EL PORTACHUELO,2,POBLADO COMPLETO,1,2
03,01,07,006,030107006,ESCOBAL,4,CABECERA PARTE (Mixto),1,2
03,01,07,008,030107008,LA ESCOBA,3,POBLADO PARTE,1,2
03,01,07,009,030107009,LA ESTRELLA,3,POBLADO PARTE,1,2
03,01,07,011,030107011,LA HUMILDAD,3,POBLADO PARTE,1,2
03,01,07,013,030107013,LA ULLAMA,3,POBLADO PARTE,1,2
03,01,07,014,030107014,LAS CRUCES,2,POBLADO COMPLETO,1,2
03,01,07,016,030107016,LOS NEGROS,2,POBLADO COMPLETO,1,2
03,01,07,017,030107017,QUEBRAÓN,2,POBLADO COMPLETO,1,2
03,01,07,018,030107018,VINO TINTO,3,POBLADO PARTE,1,2
03,01,07,021,030107021,EL BRACITO,2,POBLADO COMPLETO,1,2
03,01,07,022,030107022,CAMPO ALEGRE,3,POBLADO PARTE,1,2
03,01,07,023,030107023,EL ARRIERO,2,POBLADO COMPLETO,1,2
03,01,07,024,030107024,LA FLORIDAS,2,POBLADO COMPLETO,1,2
03,01,07,025,030107025,LA VALEROSA,2,POBLADO COMPLETO,1,2
03,01,07,026,030107026,TRINIDAD DE LOS LAGOS,3,POBLADO PARTE,1,2
03,01,08,001,030108001,AGUAS CLARAS,2,POBLADO COMPLETO,1,2
03,01,08,002,030108002,AGUA SUCIA,3,POBLADO PARTE,1,2
03,01,08,003,030108003,ALFAGIA,3,POBLADO PARTE,1,2
03,01,08,008,030108008,VILLA LIMÓN,3,POBLADO PARTE,1,2
03,01,08,009,030108009,CARTAGENITA,3,POBLADO PARTE,1,2
03,01,08,010,030108010,EL LIMÓN,3,POBLADO PARTE,1,2
03,01,08,012,030108012,QUEBRADA ANCHA,2,POBLADO COMPLETO,1,2
03,01,08,013,030108013,QUEBRADA DEL MEDIO,2,POBLADO COMPLETO,1,2
03,01,08,016,030108016,QUEBRADA GRANDE,2,POBLADO COMPLETO,1,2
03,01,08,019,030108019,QUEBRADA NORBERTO,2,POBLADO COMPLETO,1,2
03,01,08,020,030108020,QUEBRADA PLATA No.1,2,POBLADO COMPLETO,1,2
03,01,08,021,030108021,GATÚN O RÍO GATÚN,4,CABECERA PARTE (Mixto),1,2
03,01,08,022,030108022,SALUD,2,POBLADO COMPLETO,1,2
03,01,08,031,030108031,QUEBRADA ANCHA ARRIBA,2,POBLADO COMPLETO,1,2
03,01,08,032,030108032,CERRO AZUL,2,POBLADO COMPLETO,1,2
03,01,08,034,030108034,EL VALLE DE QUEBRADA ANCHA,2,POBLADO COMPLETO,1,2
03,01,08,035,030108035,QUEBRADA DOMINGO,3,POBLADO PARTE,1,2
03,01,08,036,030108036,QUEBRADA PLATA No.2,3,POBLADO PARTE,1,2
03,01,08,038,030108038,BELLA VISTA,2,POBLADO COMPLETO,1,2
03,01,08,039,030108039,CABECERA DE QUEBRADA PATO,2,POBLADO COMPLETO,1,2
03,01,08,040,030108040,ALTAMIRA,3,POBLADO PARTE,2,2
03,01,08,041,030108041,TRES QUEBRADAS O EL SILENCIO,2,POBLADO COMPLETO,1,2
03,01,08,042,030108042,QUEBRADA MAMEY,2,POBLADO COMPLETO,1,2
03,01,08,043,030108043,EMBERÁ QUERÁ,3,POBLADO PARTE,1,2
03,01,08,044,030108044,RÍO DEL JOBO,2,POBLADO COMPLETO,1,2
03,01,08,045,030108045,GUSANILLO,2,POBLADO COMPLETO,1,2
03,01,08,046,030108046,ALTOS DE LA BANDERA,2,POBLADO COMPLETO,1,2
03,01,08,047,030108047,ESTACIÓN CIENTO,2,POBLADO COMPLETO,1,2
03,01,08,048,030108048,EMBERÁ CIMARRÓN PARAISO,3,POBLADO PARTE,1,2
03,01,09,004,030109004,NUEVA PROVIDENCIA,4,CABECERA PARTE (Mixto),1,2
03,01,09,006,030109006,RÍO RITA O RÍO RITA SUR,3,POBLADO PARTE,1,1
03,01,09,007,030109007,NUEVA ITALIA,3,POBLADO PARTE,1,1
03,01,09,015,030109015,VILLA LIMÓN,3,POBLADO PARTE,2,2
03,01,09,016,030109016,LAS ACACIAS,2,POBLADO COMPLETO,1,2
03,01,10,002,030110002,AGUAS CLARAS No.2 O AGUAS CLARAS ARRIBA,2,POBLADO COMPLETO,1,2
03,01,10,005,030110005,ALTO EL CHORRO O ELLA DRUE EMBERÁ,2,POBLADO COMPLETO,1,2
03,01,10,008,030110008,PUERTO PILÓN,1,CABECERA,1,1
03,01,10,013,030110013,RÍO GATÚN GRANDE,2,POBLADO COMPLETO,1,2
03,01,10,015,030110015,SANTA RITA ARRIBA,2,POBLADO COMPLETO,1,2
03,01,10,022,030110022,VILLA CATALINA,3,POBLADO PARTE,1,1
03,01,10,026,030110026,SIERRA LLORONA,3,POBLADO PARTE,1,2
03,01,10,029,030110029,RÍO ALEJANDRO,2,POBLADO COMPLETO,1,1
03,01,10,030,030110030,URBANIZACIÓN LAS PERLAS DE PILÓN,2,POBLADO COMPLETO,1,1
03,01,10,031,030110031,GATÚN O RÍO GATÚN,3,POBLADO PARTE,1,2
03,01,10,032,030110032,QUEBRADA MOCHO O QUEBRADA LA PAVA,2,POBLADO COMPLETO,1,2
03,01,10,033,030110033,RÍO GATÚN SECTOR No.1,2,POBLADO COMPLETO,1,2
03,01,11,005,030111005,PUERTO EL CAÑO,2,POBLADO COMPLETO,1,1
03,01,11,008,030111008,SABANITAS,1,CABECERA,1,1
03,01,11,017,030111017,BARRIADA SAN ANDRÉS,3,POBLADO PARTE,1,2
03,01,11,018,030111018,BARRIADA SAN JOSÉ,3,POBLADO PARTE,1,2
03,01,11,019,030111019,LA PLANTA DE AGUA,2,POBLADO COMPLETO,1,2
03,01,11,023,030111023,VILLA CATALINA,3,POBLADO PARTE,1,2
03,01,11,025,030111025,RÍO RITA O RÍO RITA SUR,3,POBLADO PARTE,1,1
03,01,12,004,030112004,EL VALLE DE SANTA CRUZ,3,POBLADO PARTE,1,2
03,01,12,005,030112005,GATUNCILLO ARRIBA,2,POBLADO COMPLETO,1,2
03,01,12,006,030112006,NUEVO PARAÍSO,3,POBLADO PARTE,1,2
03,01,12,014,030112014,SALAMANCA,3,POBLADO PARTE,1,2
03,01,12,015,030112015,SARDINILLA,4,CABECERA PARTE (Mixto),1,2
03,01,12,016,030112016,TRAPICHITO,3,POBLADO PARTE,1,2
03,01,12,017,030112017,BOQUERÓN ABAJO,3,POBLADO PARTE,1,2
03,01,12,018,030112018,SALAMANQUITA,3,POBLADO PARTE,1,2
03,01,12,019,030112019,NUEVO OCÚ,2,POBLADO COMPLETO,1,2
03,01,12,020,030112020,NUEVO SAN JOSÉ,2,POBLADO COMPLETO,1,2
03,01,12,021,030112021,COROZAL,2,POBLADO COMPLETO,1,2
03,01,12,022,030112022,BOQUERÓN ARRIBA,2,POBLADO COMPLETO,1,2
03,01,12,023,030112023,LA LLANA,2,POBLADO COMPLETO,1,2
03,01,12,024,030112024,PUEBLO VIEJO,3,POBLADO PARTE,1,2
03,01,12,025,030112025,SANTA LIBRADA,3,POBLADO PARTE,1,2
03,01,12,026,030112026,SANTO DOMINGO,2,POBLADO COMPLETO,1,2
03,01,12,027,030112027,CABECERA DE GATUNCILLO,2,POBLADO COMPLETO,1,2
03,01,12,028,030112028,EL BAJO,2,POBLADO COMPLETO,1,2
03,01,12,029,030112029,EL PELIGRO,2,POBLADO COMPLETO,1,2
03,01,12,030,030112030,ENTRADA A LA BANDERA,2,POBLADO COMPLETO,1,2
03,01,12,031,030112031,LA BANDERA,2,POBLADO COMPLETO,1,2
03,01,12,032,030112032,SANTO DOMINGO ABAJO,2,POBLADO COMPLETO,1,2
03,01,12,033,030112033,CORRE GENTE,2,POBLADO COMPLETO,1,2
03,01,12,034,030112034,LOS PLANES,2,POBLADO COMPLETO,1,2
03,01,12,035,030112035,RÍO GATÚN O BONGA,2,POBLADO COMPLETO,1,2
03,01,13,001,030113001,BARRIADA JUAN DEMÓSTENES AROSEMENA O EL VEINTE,3,POBLADO PARTE,1,1
03,01,13,003,030113003,CAMPANA,3,POBLADO PARTE,1,2
03,01,13,008,030113008,GATUNCILLO,2,POBLADO COMPLETO,1,1
03,01,13,010,030113010,MADROÑAL,3,POBLADO PARTE,1,2
03,01,13,011,030113011,NUEVO SAN JUAN,1,CABECERA,1,2
03,01,13,012,030113012,NUEVO VIGÍA,3,POBLADO PARTE,1,1
03,01,13,015,030113015,ISLA VERDE,3,POBLADO PARTE,1,2
03,01,13,017,030113017,NUEVO PARAÍSO,3,POBLADO PARTE,1,2
03,01,13,019,030113019,QUEBRADA ANCHA,3,POBLADO PARTE,1,2
03,01,13,022,030113022,SARDINILLA,3,POBLADO PARTE,1,2
03,01,13,024,030113024,NUEVO VIGÍA No.2,2,POBLADO COMPLETO,1,2
03,01,14,001,030114001,AGUAS CLARAS,3,POBLADO PARTE,1,2
03,01,14,003,030114003,FRIJOLITO O FRIJOLITO ABAJO,3,POBLADO PARTE,1,2
03,01,14,004,030114004,GUAYABALITO,3,POBLADO PARTE,1,2
03,01,14,006,030114006,PALENQUE,1,CABECERA,1,2
03,01,14,007,030114007,SANTA ROSA,3,POBLADO PARTE,1,2
03,01,14,009,030114009,LOMA DEL MACHO,2,POBLADO COMPLETO,1,2
03,01,14,010,030114010,EL GIRAL,3,POBLADO PARTE,1,2
03,01,15,001,030115001,BARRIADA VILLA DEL CARMEN,2,POBLADO COMPLETO,1,1
03,01,15,002,030115002,CATIVÁ,3,POBLADO PARTE,1,1
03,01,15,003,030115003,LA REPRESA,3,POBLADO PARTE,1,2
03,01,15,004,030115004,MARGARITA,3,POBLADO PARTE,1,1
03,01,15,005,030115005,PUERTO ESCONDIDO O URBANIZACIÓN EL ESFUERZO,2,POBLADO COMPLETO,1,1
03,01,15,006,030115006,PUNTA GALETA,2,POBLADO COMPLETO,1,2
03,01,15,007,030115007,RESIDENCIAL JOSÉ DOMINADOR BAZÁN,3,POBLADO PARTE,1,1
03,01,15,008,030115008,URBANIZACIÓN EL LAGO O LA FERIA,1,CABECERA,1,1
03,01,15,009,030115009,URBANIZACIÓN VILLA DEL CARIBE,2,POBLADO COMPLETO,1,1
03,01,15,010,030115010,ALTOS DE LOS LAGOS,2,POBLADO COMPLETO,1,1
03,01,15,011,030115011,CIELO AZUL O BRISAS DEL CARIBE,2,POBLADO COMPLETO,1,2
03,02,01,001,030201001,NUEVO CHAGRES,1,CABECERA,1,2
03,02,01,003,030201003,PUNTA GRANDE O PUNTA DEL MEDIO,2,POBLADO COMPLETO,1,2
03,02,02,001,030202001,ACHIOTE,1,CABECERA,1,2
03,02,02,002,030202002,LA PROVIDENCIA,2,POBLADO COMPLETO,1,2
03,02,02,003,030202003,CAÑO QUEBRADO,3,POBLADO PARTE,1,2
03,02,02,004,030202004,DOS HERMANAS,2,POBLADO COMPLETO,1,2
03,02,02,005,030202005,EL GALLO,2,POBLADO COMPLETO,1,2
03,02,02,006,030202006,FRIJOLITO,2,POBLADO COMPLETO,1,2
03,02,02,011,030202011,LA PAJOSA,2,POBLADO COMPLETO,1,2
03,02,02,012,030202012,LAS TABLITAS,2,POBLADO COMPLETO,1,2
03,02,02,013,030202013,PAULINO,2,POBLADO COMPLETO,1,2
03,02,02,014,030202014,LAS CUARENTA Y CINCO,2,POBLADO COMPLETO,1,2
03,02,02,015,030202015,MONO MACHO,2,POBLADO COMPLETO,1,2
03,02,02,016,030202016,LLANO BONITO,2,POBLADO COMPLETO,1,2
03,02,02,019,030202019,LA TAGUA,2,POBLADO COMPLETO,1,2
03,02,02,020,030202020,TAGUALITO,3,POBLADO PARTE,1,2
03,02,02,021,030202021,LA CHUNGA,2,POBLADO COMPLETO,1,2
03,02,02,023,030202023,ALTO DEL CONGAL,2,POBLADO COMPLETO,1,2
03,02,02,026,030202026,TAGUA ARRIBA,2,POBLADO COMPLETO,1,2
03,02,02,027,030202027,LA MARAÑONA,2,POBLADO COMPLETO,2,2
03,02,02,028,030202028,EL CAMPAMENTO,2,POBLADO COMPLETO,1,2
03,02,02,031,030202031,LA GLORIA,3,POBLADO PARTE,1,2
03,02,02,032,030202032,LA ESCOBA,3,POBLADO PARTE,1,2
03,02,03,002,030203002,CAÑA BLANCA,2,POBLADO COMPLETO,1,2
03,02,03,003,030203003,CAÑO QUEBRADO ABAJO,2,POBLADO COMPLETO,1,2
03,02,03,004,030203004,LAS ESCOBAS,2,POBLADO COMPLETO,1,2
03,02,03,005,030203005,CARDENILLO,2,POBLADO COMPLETO,1,2
03,02,03,006,030203006,EL CONGAL,2,POBLADO COMPLETO,1,2
03,02,03,007,030203007,EL GUABO,1,CABECERA,1,2
03,02,03,009,030203009,EL PEPINO,3,POBLADO PARTE,1,2
03,02,03,010,030203010,LA PRIMITIVA,2,POBLADO COMPLETO,1,2
03,02,03,011,030203011,EL PLÁTANO,2,POBLADO COMPLETO,1,2
03,02,03,014,030203014,LIMÓN,3,POBLADO PARTE,1,2
03,02,03,015,030203015,LOS FARDALES,2,POBLADO COMPLETO,1,2
03,02,03,018,030203018,RÍO LAGARTO,2,POBLADO COMPLETO,1,2
03,02,03,020,030203020,TAGUALITO,3,POBLADO PARTE,1,2
03,02,03,021,030203021,SANTA FE ARRIBA,2,POBLADO COMPLETO,1,2
03,02,03,022,030203022,SANTA FE ABAJO O No.1,3,POBLADO PARTE,1,2
03,02,03,024,030203024,CAÑO QUEBRADO ARRIBA,3,POBLADO PARTE,1,2
03,02,03,025,030203025,PIEDRA CANDELA O LAS PALMITAS,2,POBLADO COMPLETO,1,2
03,02,03,032,030203032,CERRO COLINA,2,POBLADO COMPLETO,1,2
03,02,03,033,030203033,HÉCTOR GALLEGOS,3,POBLADO PARTE,1,2
03,02,03,034,030203034,LOMA DEL GASPARILLAL,2,POBLADO COMPLETO,1,2
03,02,03,035,030203035,REQUENEZ,3,POBLADO PARTE,1,2
03,02,03,036,030203036,LA GLORIA,3,POBLADO PARTE,1,2
03,02,03,037,030203037,CHORRILLO,3,POBLADO PARTE,1,2
03,02,04,001,030204001,ALCARRETO,2,POBLADO COMPLETO,1,2
03,02,04,004,030204004,CERRO PELAO,3,POBLADO PARTE,1,2
03,02,04,005,030204005,EL DOMINICAL,3,POBLADO PARTE,1,2
03,02,04,006,030204006,EL ÁRBOL,2,POBLADO COMPLETO,1,2
03,02,04,007,030204007,EL BERRACO,2,POBLADO COMPLETO,1,2
03,02,04,008,030204008,EL CABIMO,2,POBLADO COMPLETO,1,2
03,02,04,010,030204010,EL CAJÓN,2,POBLADO COMPLETO,1,2
03,02,04,011,030204011,EL CONGO,2,POBLADO COMPLETO,1,2
03,02,04,013,030204013,CHARCÓN O EL CHARCÓN,3,POBLADO PARTE,1,2
03,02,04,014,030204014,CHILAR,3,POBLADO PARTE,1,2
03,02,04,018,030204018,EL JOBITO,3,POBLADO PARTE,1,2
03,02,04,019,030204019,EL LIMÓN No.1,3,POBLADO PARTE,1,2
03,02,04,020,030204020,TORNO ABAJO,2,POBLADO COMPLETO,1,2
03,02,04,023,030204023,EL JORDAN,2,POBLADO COMPLETO,1,2
03,02,04,024,030204024,LA JOTA,2,POBLADO COMPLETO,1,2
03,02,04,026,030204026,LA CANDILERA,2,POBLADO COMPLETO,1,2
03,02,04,030,030204030,LA CONGA,2,POBLADO COMPLETO,1,2
03,02,04,032,030204032,LA ENCANTADA,1,CABECERA,1,2
03,02,04,036,030204036,LA ENCANTADITA,3,POBLADO PARTE,1,2
03,02,04,037,030204037,EL CASTILLO O QUEBRADA GUARAPO,2,POBLADO COMPLETO,1,2
03,02,04,040,030204040,LA PÓLVORA,3,POBLADO PARTE,1,2
03,02,04,041,030204041,LA PUERCA,2,POBLADO COMPLETO,1,2
03,02,04,044,030204044,LAS CRUCES,2,POBLADO COMPLETO,1,2
03,02,04,045,030204045,LAS DELICIAS,2,POBLADO COMPLETO,1,2
03,02,04,046,030204046,LAS VIGAS,2,POBLADO COMPLETO,1,2
03,02,04,047,030204047,LOS CEDROS,2,POBLADO COMPLETO,1,2
03,02,04,048,030204048,LOS FRAILES,2,POBLADO COMPLETO,1,2
03,02,04,049,030204049,LOS ÓRGANOS,2,POBLADO COMPLETO,1,2
03,02,04,050,030204050,LOS UVEROS,3,POBLADO PARTE,1,2
03,02,04,052,030204052,PALMIRA,3,POBLADO PARTE,1,2
03,02,04,053,030204053,PIEDRA AMARILLA,2,POBLADO COMPLETO,1,2
03,02,04,054,030204054,PIEDROTA,2,POBLADO COMPLETO,1,2
03,02,04,057,030204057,QUEBRADA BONITA,2,POBLADO COMPLETO,1,2
03,02,04,058,030204058,RANGUILLERO,2,POBLADO COMPLETO,1,2
03,02,04,060,030204060,SANTA ROSA,2,POBLADO COMPLETO,1,2
03,02,04,061,030204061,EL TIGRE,2,POBLADO COMPLETO,1,2
03,02,04,062,030204062,EL TORNITO,2,POBLADO COMPLETO,1,2
03,02,04,063,030204063,EL LIMÓN No.2,2,POBLADO COMPLETO,1,2
03,02,04,064,030204064,TORNO ROTO,2,POBLADO COMPLETO,2,2
03,02,04,065,030204065,EL MICHO,2,POBLADO COMPLETO,1,2
03,02,04,066,030204066,TRES HERMANAS,3,POBLADO PARTE,1,2
03,02,04,067,030204067,VENTURA,3,POBLADO PARTE,1,2
03,02,04,068,030204068,QUEBRADA CRUZ,2,POBLADO COMPLETO,1,2
03,02,04,069,030204069,NUEVA UNIÓN,2,POBLADO COMPLETO,1,2
03,02,04,070,030204070,NUEVA ARENOSA,2,POBLADO COMPLETO,1,2
03,02,04,071,030204071,EL NANCITO,2,POBLADO COMPLETO,1,2
03,02,04,072,030204072,LOS SANTOS,2,POBLADO COMPLETO,1,2
03,02,04,074,030204074,MEMBRILLAR,2,POBLADO COMPLETO,1,2
03,02,04,076,030204076,ALTO MEMBRILLAR,3,POBLADO PARTE,1,2
03,02,04,080,030204080,LAGARTERO O EL LAGARTERO,2,POBLADO COMPLETO,1,2
03,02,04,081,030204081,LA TIGRA,2,POBLADO COMPLETO,1,2
03,02,04,083,030204083,EL ESTILLERO,2,POBLADO COMPLETO,1,2
03,02,04,084,030204084,ENCANTADITA ARRIBA,2,POBLADO COMPLETO,1,2
03,02,04,085,030204085,BOCA CHICA O NUEVA ESPERANZA,2,POBLADO COMPLETO,1,2
03,02,04,086,030204086,BATATILLA,2,POBLADO COMPLETO,1,2
03,02,04,088,030204088,EL TORNO,2,POBLADO COMPLETO,1,2
03,02,04,089,030204089,QUEBRADA LOS CEDROS,2,POBLADO COMPLETO,1,2
03,02,04,091,030204091,CERRO BENITO,2,POBLADO COMPLETO,1,2
03,02,04,092,030204092,LOS OLIVOS,2,POBLADO COMPLETO,1,2
03,02,04,093,030204093,LA TORTUGA,2,POBLADO COMPLETO,1,2
03,02,04,094,030204094,CABECERA DEL JOBITO,2,POBLADO COMPLETO,1,2
03,02,04,099,030204099,QUEBRADA BEJUCO,2,POBLADO COMPLETO,1,2
03,02,04,100,030204100,EL HINOJAL,2,POBLADO COMPLETO,1,2
03,02,04,101,030204101,LA TUSA,2,POBLADO COMPLETO,1,2
03,02,04,102,030204102,BATEAL,2,POBLADO COMPLETO,1,2
03,02,04,103,030204103,LOMA CUCUA,2,POBLADO COMPLETO,1,2
03,02,04,104,030204104,QUEBRADA EL PEPITO,2,POBLADO COMPLETO,1,2
03,02,04,105,030204105,TORNA GUINEA,2,POBLADO COMPLETO,1,2
03,02,05,001,030205001,LOS ALGARROBOS,2,POBLADO COMPLETO,1,2
03,02,05,002,030205002,GUAFE,2,POBLADO COMPLETO,1,2
03,02,05,004,030205004,BRILLANTE,2,POBLADO COMPLETO,1,2
03,02,05,010,030205010,LA LOMA EL PANAMÁ,2,POBLADO COMPLETO,1,2
03,02,05,011,030205011,JIMÉNEZ,3,POBLADO PARTE,1,2
03,02,05,012,030205012,NUEVO PARAÍSO,2,POBLADO COMPLETO,1,2
03,02,05,013,030205013,JIMENITO,2,POBLADO COMPLETO,1,2
03,02,05,015,030205015,LA CUCHARA,2,POBLADO COMPLETO,1,2
03,02,05,016,030205016,LAS MARGARITAS,2,POBLADO COMPLETO,1,2
03,02,05,021,030205021,MATA DE GUINEO O VALLEJO,2,POBLADO COMPLETO,1,2
03,02,05,022,030205022,MATEO,2,POBLADO COMPLETO,1,2
03,02,05,023,030205023,MATEO ARRIBA,2,POBLADO COMPLETO,1,2
03,02,05,025,030205025,PALMAS BELLAS,1,CABECERA,1,2
03,02,05,029,030205029,RESBALÓN,2,POBLADO COMPLETO,1,2
03,02,05,036,030205036,PUERTO ESCONDIDO,2,POBLADO COMPLETO,1,2
03,02,05,038,030205038,LA GLORIA,3,POBLADO PARTE,1,2
03,02,05,039,030205039,LIMÓN,3,POBLADO PARTE,1,2
03,02,05,040,030205040,PAULINO,2,POBLADO COMPLETO,1,2
03,02,05,042,030205042,CACAO,2,POBLADO COMPLETO,1,2
03,02,05,044,030205044,CLEMENCIA,2,POBLADO COMPLETO,1,2
03,02,05,045,030205045,DOS HERMANAS,2,POBLADO COMPLETO,1,2
03,02,05,046,030205046,FINCA AYA TULE,2,POBLADO COMPLETO,2,2
03,02,05,049,030205049,REQUENEZ,3,POBLADO PARTE,1,2
03,02,05,050,030205050,CARDENILLO,2,POBLADO COMPLETO,1,2
03,02,05,051,030205051,SANTA FE ABAJO O No.1,3,POBLADO PARTE,2,2
03,02,05,052,030205052,CERRO TUTE,2,POBLADO COMPLETO,1,2
03,02,05,053,030205053,DOS HERMANAS No.1,2,POBLADO COMPLETO,1,2
03,02,05,054,030205054,LA LOMA,2,POBLADO COMPLETO,1,2
03,02,06,003,030206003,LA UNIÓN O UNIÓN DE PIÑA,2,POBLADO COMPLETO,1,2
03,02,06,004,030206004,LAS NUBES,2,POBLADO COMPLETO,1,2
03,02,06,006,030206006,PIÑA,4,CABECERA PARTE (Mixto),1,2
03,02,06,008,030206008,PUEBLO NUEVO,2,POBLADO COMPLETO,1,2
03,02,06,009,030206009,PUNTA DEL MEDIO,2,POBLADO COMPLETO,1,2
03,02,06,012,030206012,TARASCÓN,2,POBLADO COMPLETO,1,2
03,02,06,014,030206014,RÍO PIÑA,3,POBLADO PARTE,1,2
03,02,06,015,030206015,EL ENCANTO,2,POBLADO COMPLETO,1,2
03,02,06,016,030206016,RÍO DEL MEDIO,2,POBLADO COMPLETO,2,2
03,02,07,005,030207005,LOS CAMARONES,2,POBLADO COMPLETO,1,2
03,02,07,006,030207006,BAILA MONOS,2,POBLADO COMPLETO,1,2
03,02,07,007,030207007,CAÑO CLARO,2,POBLADO COMPLETO,1,2
03,02,07,012,030207012,EL ESTILLERO,2,POBLADO COMPLETO,1,2
03,02,07,013,030207013,BARNIZAL,2,POBLADO COMPLETO,1,2
03,02,07,014,030207014,VEN ACÁ,2,POBLADO COMPLETO,1,2
03,02,07,015,030207015,EL COQUILLO,2,POBLADO COMPLETO,1,2
03,02,07,016,030207016,EL ESPAVÉ,2,POBLADO COMPLETO,1,2
03,02,07,017,030207017,QUEBRADA LEÓN,2,POBLADO COMPLETO,1,2
03,02,07,018,030207018,PIXVAE O EL PIXVAE,2,POBLADO COMPLETO,1,2
03,02,07,022,030207022,GANDONA,2,POBLADO COMPLETO,1,2
03,02,07,023,030207023,LA LECHONA,2,POBLADO COMPLETO,1,2
03,02,07,024,030207024,ICACAL,2,POBLADO COMPLETO,1,2
03,02,07,026,030207026,JIMENITO,2,POBLADO COMPLETO,1,2
03,02,07,027,030207027,CERRO BARBACOA,2,POBLADO COMPLETO,1,2
03,02,07,029,030207029,LA HICOTEA,2,POBLADO COMPLETO,1,2
03,02,07,031,030207031,ESCOBALITO,2,POBLADO COMPLETO,1,2
03,02,07,032,030207032,PIXVAE ARRIBA,2,POBLADO COMPLETO,1,2
03,02,07,033,030207033,EL BRILLANTE,2,POBLADO COMPLETO,1,2
03,02,07,034,030207034,LOS PUERCOS,2,POBLADO COMPLETO,1,2
03,02,07,036,030207036,PUNTA MARGARITA,2,POBLADO COMPLETO,1,2
03,02,07,039,030207039,NUEVA SEVILLA,2,POBLADO COMPLETO,1,2
03,02,07,041,030207041,PUEBLO VIEJO,2,POBLADO COMPLETO,1,2
03,02,07,042,030207042,EL CONGAL,2,POBLADO COMPLETO,1,2
03,02,07,045,030207045,RANCHO MALO,2,POBLADO COMPLETO,1,2
03,02,07,046,030207046,SALSIPUEDES,2,POBLADO COMPLETO,1,2
03,02,07,047,030207047,SALUD,1,CABECERA,1,2
03,02,07,049,030207049,JIMÉNEZ,3,POBLADO PARTE,1,2
03,02,07,053,030207053,BAJO BONITO,2,POBLADO COMPLETO,1,2
03,02,07,054,030207054,BARNIZAL ARRIBA,2,POBLADO COMPLETO,1,2
03,02,07,055,030207055,SALUD ARRIBA,2,POBLADO COMPLETO,1,2
03,02,07,056,030207056,ALTO MEMBRILLAR,3,POBLADO PARTE,1,2
03,02,07,057,030207057,CAÑO CLARO ARRIBA,2,POBLADO COMPLETO,1,2
03,02,07,058,030207058,CERRO PELADO,2,POBLADO COMPLETO,1,2
03,02,07,059,030207059,DOS HERMANAS,2,POBLADO COMPLETO,1,2
03,02,07,060,030207060,ICACAL ARRIBA,2,POBLADO COMPLETO,1,2
03,02,07,061,030207061,LA ENCANTADITA,3,POBLADO PARTE,1,2
03,02,07,063,030207063,LAS PALMITAS,2,POBLADO COMPLETO,1,2
03,02,07,064,030207064,ESCOBAL ABAJO,2,POBLADO COMPLETO,1,2
03,02,07,065,030207065,LAS PALMITAS DE ICACAL O LAS PALMERAS,2,POBLADO COMPLETO,1,2
03,02,07,066,030207066,ENTRADA DE GANDONA,2,POBLADO COMPLETO,1,2
03,02,07,067,030207067,EL GUAYACÁN,2,POBLADO COMPLETO,1,2
03,02,07,068,030207068,HÉCTOR GALLEGOS,3,POBLADO PARTE,2,2
03,03,01,001,030301001,AGUACATE,2,POBLADO COMPLETO,1,2
03,03,01,004,030301004,BOCA DE PIXVAE,2,POBLADO COMPLETO,1,2
03,03,01,007,030301007,CAMPO ALEGRE,2,POBLADO COMPLETO,1,2
03,03,01,008,030301008,CAÑO REY ARRIBA,2,POBLADO COMPLETO,1,2
03,03,01,009,030301009,CERRO PELADO,2,POBLADO COMPLETO,1,2
03,03,01,010,030301010,CIRÍ,2,POBLADO COMPLETO,1,2
03,03,01,011,030301011,EL CHUMICO,2,POBLADO COMPLETO,1,2
03,03,01,012,030301012,DIEGO,2,POBLADO COMPLETO,1,2
03,03,01,015,030301015,EL NAZARET O EL CALABAZO,2,POBLADO COMPLETO,1,2
03,03,01,017,030301017,EL CEDRO No.1,2,POBLADO COMPLETO,1,2
03,03,01,018,030301018,EL CONEJO O BOCA DEL CONEJO,2,POBLADO COMPLETO,1,2
03,03,01,019,030301019,EL COPÉ,2,POBLADO COMPLETO,1,2
03,03,01,020,030301020,EL GRANADINO,2,POBLADO COMPLETO,1,2
03,03,01,021,030301021,IGUANERITO,2,POBLADO COMPLETO,1,2
03,03,01,022,030301022,EL MANGO,2,POBLADO COMPLETO,1,2
03,03,01,024,030301024,MANSUETO,2,POBLADO COMPLETO,1,2
03,03,01,028,030301028,EL TALLO,2,POBLADO COMPLETO,1,2
03,03,01,029,030301029,ICACO,2,POBLADO COMPLETO,1,2
03,03,01,032,030301032,LA HICOTEA,2,POBLADO COMPLETO,1,2
03,03,01,033,030301033,LA PALMA,2,POBLADO COMPLETO,1,2
03,03,01,035,030301035,LAS LAJAS,2,POBLADO COMPLETO,1,2
03,03,01,039,030301039,LA ZARAGOZA,2,POBLADO COMPLETO,1,2
03,03,01,040,030301040,LIMÓN,2,POBLADO COMPLETO,1,2
03,03,01,044,030301044,MIGUEL DE LA BORDA,1,CABECERA,1,2
03,03,01,045,030301045,MÓNICA O QUEBRADA MÓNICA,2,POBLADO COMPLETO,1,2
03,03,01,046,030301046,NUEVO CRISTÓBAL,2,POBLADO COMPLETO,1,2
03,03,01,047,030301047,ÑAÑO,2,POBLADO COMPLETO,1,2
03,03,01,049,030301049,PLATANAL,2,POBLADO COMPLETO,1,2
03,03,01,053,030301053,QUEBRADA GRANDE,2,POBLADO COMPLETO,1,2
03,03,01,054,030301054,QUEBRADA GUARAPO,2,POBLADO COMPLETO,2,2
03,03,01,056,030301056,EL QUEBRAÓN O CAÑO DEL REY,2,POBLADO COMPLETO,1,2
03,03,01,062,030301062,LA NEGRITA,2,POBLADO COMPLETO,1,2
03,03,01,063,030301063,CALETA TANQUE,2,POBLADO COMPLETO,1,2
03,03,01,065,030301065,PONTÓN,2,POBLADO COMPLETO,1,2
03,03,01,066,030301066,PONTONCITO,2,POBLADO COMPLETO,1,2
03,03,01,069,030301069,EL CHORRO No.1,2,POBLADO COMPLETO,1,2
03,03,01,072,030301072,CAÑO DEL MEDIO,2,POBLADO COMPLETO,1,2
03,03,01,076,030301076,EL VALLECITO,2,POBLADO COMPLETO,1,2
03,03,01,077,030301077,EL MONO,2,POBLADO COMPLETO,1,2
03,03,01,078,030301078,LOS LAURELES No.1,2,POBLADO COMPLETO,1,2
03,03,01,081,030301081,EL CRUCE O LOMA DEL SAÍNO,2,POBLADO COMPLETO,1,2
03,03,01,083,030301083,LA TOLLOSA,2,POBLADO COMPLETO,2,2
03,03,01,084,030301084,QUEBRADA VENAO,2,POBLADO COMPLETO,1,2
03,03,01,085,030301085,EL MANGUITO,2,POBLADO COMPLETO,1,2
03,03,01,086,030301086,EL BONGO DEL CRUCE,2,POBLADO COMPLETO,1,2
03,03,01,087,030301087,NUEVO SAN JUAN,2,POBLADO COMPLETO,1,2
03,03,01,088,030301088,NUEVO VERAGUAS,2,POBLADO COMPLETO,1,2
03,03,01,090,030301090,IGUANERITO ARRIBA,2,POBLADO COMPLETO,1,2
03,03,01,093,030301093,QUEBRADA LA COCA,3,POBLADO PARTE,1,2
03,03,01,095,030301095,EL CERILLO O QUEBRADA EL CERILLO,2,POBLADO COMPLETO,1,2
03,03,01,096,030301096,CABECERA DEL CACAO,2,POBLADO COMPLETO,1,2
03,03,01,098,030301098,NUEVA VICTORIA,2,POBLADO COMPLETO,1,2
03,03,01,099,030301099,LAS TRES PALMITAS,2,POBLADO COMPLETO,1,2
03,03,01,104,030301104,NUEVO COPÉ,2,POBLADO COMPLETO,1,2
03,03,01,105,030301105,QUEBRADITA,2,POBLADO COMPLETO,1,2
03,03,01,106,030301106,SHALÓN O LLANO VERDE,2,POBLADO COMPLETO,1,2
03,03,01,108,030301108,CERRO MONO No.2,2,POBLADO COMPLETO,1,2
03,03,01,110,030301110,CIRÍ ARRIBA,2,POBLADO COMPLETO,1,2
03,03,01,111,030301111,MADRE VIEJA,2,POBLADO COMPLETO,1,2
03,03,01,112,030301112,MOJA POLLO,2,POBLADO COMPLETO,1,2
03,03,01,113,030301113,SARDINOSA,2,POBLADO COMPLETO,1,2
03,03,01,114,030301114,CABECERA DE MAJAGUAL,2,POBLADO COMPLETO,1,2
03,03,01,116,030301116,QUEBRADA LOS TALLOS,2,POBLADO COMPLETO,1,2
03,03,01,119,030301119,LOS DOS BRAZOS DE PLATANAL,2,POBLADO COMPLETO,1,2
03,03,01,121,030301121,PUNTA PLATANAL,2,POBLADO COMPLETO,1,2
03,03,01,123,030301123,GAONITA,2,POBLADO COMPLETO,2,2
03,03,01,126,030301126,CERRO MONO,2,POBLADO COMPLETO,1,2
03,03,01,128,030301128,CABECERA DE AGUACATE,2,POBLADO COMPLETO,1,2
03,03,01,129,030301129,CABECERA DEL CAÑO DEL MEDIO,2,POBLADO COMPLETO,1,2
03,03,01,130,030301130,CABECERA DE IGUANERO,2,POBLADO COMPLETO,1,2
03,03,01,131,030301131,EL CHORRO No.2,2,POBLADO COMPLETO,1,2
03,03,01,132,030301132,EL ESCOBALITO,2,POBLADO COMPLETO,1,2
03,03,01,133,030301133,EL IGUANERITO,2,POBLADO COMPLETO,1,2
03,03,01,137,030301137,LA PEDREGOSA,2,POBLADO COMPLETO,1,2
03,03,01,138,030301138,LA TAGÜITA,3,POBLADO PARTE,1,2
03,03,01,140,030301140,LAS MINAS,2,POBLADO COMPLETO,1,2
03,03,01,141,030301141,LAS NEGRITAS,2,POBLADO COMPLETO,1,2
03,03,01,142,030301142,LOS FARALLONES,2,POBLADO COMPLETO,1,2
03,03,01,143,030301143,LOS LAURELES No.2,2,POBLADO COMPLETO,1,2
03,03,01,145,030301145,QUEBRADA LA TAGUA,2,POBLADO COMPLETO,1,2
03,03,01,146,030301146,SAN JOSÉ,2,POBLADO COMPLETO,1,2
03,03,01,148,030301148,DIEGO ARRIBA,2,POBLADO COMPLETO,1,2
03,03,01,149,030301149,CIÉNEGA,2,POBLADO COMPLETO,1,2
03,03,01,150,030301150,ARRIBA DEL CHORRO,2,POBLADO COMPLETO,1,2
03,03,01,151,030301151,CABECERA DEL RÍO DIEGO,2,POBLADO COMPLETO,1,2
03,03,01,152,030301152,CABECERA DE RÍO SAN LUCAS,2,POBLADO COMPLETO,2,2
03,03,01,153,030301153,SAN LUCAS,2,POBLADO COMPLETO,2,2
03,03,01,154,030301154,CAMACHO,2,POBLADO COMPLETO,1,2
03,03,01,155,030301155,LA IGLESIA,2,POBLADO COMPLETO,1,2
03,03,01,156,030301156,LA BOCA DE BONGO,2,POBLADO COMPLETO,1,2
03,03,01,157,030301157,RÍO CAÑO,2,POBLADO COMPLETO,1,2
03,03,01,158,030301158,LA CANDILERA,2,POBLADO COMPLETO,1,2
03,03,01,160,030301160,BUENOS AIRES,2,POBLADO COMPLETO,1,2
03,03,01,161,030301161,CAMARÓN O QUEBRADA CAMARÓN,3,POBLADO PARTE,1,2
03,03,01,162,030301162,CABECERA DE IGUANERITO,2,POBLADO COMPLETO,1,2
03,03,01,163,030301163,LOS NARANJALES DE IGUANERITO,2,POBLADO COMPLETO,1,2
03,03,01,165,030301165,MOLEJÓN,2,POBLADO COMPLETO,1,2
03,03,01,166,030301166,BOQUILLA DEL MANGO,2,POBLADO COMPLETO,1,2
03,03,01,167,030301167,EL CEDRO No.2 O EL IGUANERO,2,POBLADO COMPLETO,1,2
03,03,01,169,030301169,EL CHORRO DE CAÑO DEL REY,3,POBLADO PARTE,1,2
03,03,01,170,030301170,LA FORTALEZA,2,POBLADO COMPLETO,1,2
03,03,01,172,030301172,LA COMPUERTA,2,POBLADO COMPLETO,1,2
03,03,01,174,030301174,MOLEJÓN No.2,2,POBLADO COMPLETO,2,2
03,03,01,175,030301175,QUEBRADITA ARRIBA,2,POBLADO COMPLETO,1,2
03,03,02,001,030302001,ALTO DE YANGÜEZ,2,POBLADO COMPLETO,1,2
03,03,02,003,030302003,BELÉN,2,POBLADO COMPLETO,1,2
03,03,02,007,030302007,SABANITA VERDE,3,POBLADO PARTE,1,2
03,03,02,008,030302008,BOCA DE ESCRIBANO,2,POBLADO COMPLETO,1,2
03,03,02,010,030302010,BOCA DE TOABRÉ,3,POBLADO PARTE,1,2
03,03,02,011,030302011,"BOCA DE ""U""",2,POBLADO COMPLETO,1,2
03,03,02,013,030302013,CALLE LARGA,2,POBLADO COMPLETO,1,2
03,03,02,017,030302017,CAÑO DEL REY,2,POBLADO COMPLETO,1,2
03,03,02,019,030302019,COCLÉ DEL NORTE,1,CABECERA,1,2
03,03,02,020,030302020,PALENQUE,2,POBLADO COMPLETO,1,2
03,03,02,021,030302021,CUATRO CALLES,2,POBLADO COMPLETO,1,2
03,03,02,022,030302022,CUATRO CALLECITAS,2,POBLADO COMPLETO,1,2
03,03,02,023,030302023,EL PONTÓN,2,POBLADO COMPLETO,1,2
03,03,02,024,030302024,CERRO VERDE,2,POBLADO COMPLETO,1,2
03,03,02,027,030302027,EL PAPAYO,2,POBLADO COMPLETO,1,2
03,03,02,030,030302030,EL TIGRE O QUEBRADA TIGRE,2,POBLADO COMPLETO,1,2
03,03,02,031,030302031,SANTA ELENA,2,POBLADO COMPLETO,1,2
03,03,02,033,030302033,PUEBLO VIEJO,2,POBLADO COMPLETO,1,2
03,03,02,034,030302034,LA BRUJA O QUEBRADA LA VIEJITA,3,POBLADO PARTE,1,2
03,03,02,042,030302042,SAN ROQUE,2,POBLADO COMPLETO,1,2
03,03,02,043,030302043,SAN ROQUITO,2,POBLADO COMPLETO,2,2
03,03,02,045,030302045,LOS TARROS,2,POBLADO COMPLETO,1,2
03,03,02,046,030302046,LOS TICOCLES,3,POBLADO PARTE,1,2
03,03,02,047,030302047,MANATÍ,3,POBLADO PARTE,1,2
03,03,02,052,030302052,PETAQUILLA,2,POBLADO COMPLETO,1,2
03,03,02,054,030302054,QUEBRADA LAS NICARAGUA,2,POBLADO COMPLETO,1,2
03,03,02,055,030302055,QUEBRADA TORTUGA,2,POBLADO COMPLETO,1,2
03,03,02,060,030302060,SAN LUCAS,2,POBLADO COMPLETO,1,2
03,03,02,071,030302071,CERRO PELADO,2,POBLADO COMPLETO,1,2
03,03,02,073,030302073,LA SARGENTA,2,POBLADO COMPLETO,1,2
03,03,02,075,030302075,SAN LUIS,2,POBLADO COMPLETO,1,2
03,03,02,077,030302077,LA TOMASA,2,POBLADO COMPLETO,1,2
03,03,02,079,030302079,CAMARONCITO,2,POBLADO COMPLETO,1,2
03,03,02,080,030302080,CAMARÓN,2,POBLADO COMPLETO,1,2
03,03,02,081,030302081,BARRANCO,2,POBLADO COMPLETO,1,2
03,03,02,082,030302082,BOCA DEL CAÑO,2,POBLADO COMPLETO,1,2
03,03,02,083,030302083,RÍO CAIMITO O CAIMITO,2,POBLADO COMPLETO,1,2
03,03,02,084,030302084,CAIMITILLO,2,POBLADO COMPLETO,2,2
03,03,02,086,030302086,BOCA DEL RÍO CALZONEZ,2,POBLADO COMPLETO,1,2
03,03,02,088,030302088,BERRACO,2,POBLADO COMPLETO,1,2
03,03,02,090,030302090,LA PEÑA,2,POBLADO COMPLETO,1,2
03,03,02,093,030302093,BELORIZAR No.1,3,POBLADO PARTE,1,2
03,03,02,097,030302097,TRES BRAZOS DE TURBE,3,POBLADO PARTE,1,2
03,03,02,099,030302099,LA CARRERA,2,POBLADO COMPLETO,1,2
03,03,02,100,030302100,RÍO SANTIAGUITO,2,POBLADO COMPLETO,1,2
03,03,02,103,030302103,EL MADRIL,3,POBLADO PARTE,1,2
03,03,02,104,030302104,EL CHORRILLO,2,POBLADO COMPLETO,1,2
03,03,02,105,030302105,QUEBRADA LOS INDIOS,2,POBLADO COMPLETO,1,2
03,03,02,108,030302108,ALTO DEL COROCILLO,2,POBLADO COMPLETO,1,2
03,03,02,110,030302110,BOCA DE LA ENCANTADA,3,POBLADO PARTE,1,2
03,03,02,113,030302113,EL COLLAO,2,POBLADO COMPLETO,1,2
03,03,02,114,030302114,EL DESFILADERO,2,POBLADO COMPLETO,1,2
03,03,02,115,030302115,EL GUABO,2,POBLADO COMPLETO,1,2
03,03,02,117,030302117,EL MOGOLLÓN,2,POBLADO COMPLETO,1,2
03,03,02,120,030302120,LA ENGOSTURA,2,POBLADO COMPLETO,1,2
03,03,02,121,030302121,LA GLORIA,2,POBLADO COMPLETO,1,2
03,03,02,122,030302122,LA MACHA,2,POBLADO COMPLETO,1,2
03,03,02,124,030302124,LOS ALMENDROS,2,POBLADO COMPLETO,1,2
03,03,02,126,030302126,LOS TRES CAÑOS,2,POBLADO COMPLETO,1,2
03,03,02,127,030302127,MEDIA PLAYA,2,POBLADO COMPLETO,1,2
03,03,02,128,030302128,PALMILLA,2,POBLADO COMPLETO,1,2
03,03,02,129,030302129,QUEBRADA CACIQUE,2,POBLADO COMPLETO,1,2
03,03,02,130,030302130,QUEBRADA DE LOS NIETOS,2,POBLADO COMPLETO,1,2
03,03,02,131,030302131,QUEBRADA MOSQUITO,2,POBLADO COMPLETO,2,2
03,03,02,133,030302133,SAN PABLO,2,POBLADO COMPLETO,1,2
03,03,02,134,030302134,SAN PEDRO,2,POBLADO COMPLETO,1,2
03,03,02,135,030302135,UVERITO O EL PORTETE,2,POBLADO COMPLETO,1,2
03,03,02,136,030302136,VISTA ALEGRE,2,POBLADO COMPLETO,1,2
03,03,02,137,030302137,ARENAL,2,POBLADO COMPLETO,1,2
03,03,02,138,030302138,CALETÓN,2,POBLADO COMPLETO,1,2
03,03,02,139,030302139,CALETÓN ARRIBA,2,POBLADO COMPLETO,1,2
03,03,02,140,030302140,ISLETA RINCONCITO,2,POBLADO COMPLETO,1,2
03,03,02,141,030302141,LOS BAJITOS DE RÍO DEL MEDIO,2,POBLADO COMPLETO,2,2
03,03,02,142,030302142,RÍO HOJA,2,POBLADO COMPLETO,1,2
03,03,02,143,030302143,BATEAL,2,POBLADO COMPLETO,1,2
03,03,02,144,030302144,BELENCILLO,3,POBLADO PARTE,1,2
03,03,02,145,030302145,BOCA CHICA,2,POBLADO COMPLETO,1,2
03,03,02,146,030302146,LA NEGRITA,2,POBLADO COMPLETO,1,2
03,03,02,147,030302147,MIGUELITO,3,POBLADO PARTE,1,2
03,03,02,148,030302148,NUEVO SINAÍ,3,POBLADO PARTE,1,2
03,03,02,149,030302149,QUEBRADA EL JENJIBRE,2,POBLADO COMPLETO,1,2
03,03,02,150,030302150,PETAQUILLA NUEVA LUCHA,2,POBLADO COMPLETO,1,2
03,03,02,156,030302156,AGUACATE,2,POBLADO COMPLETO,2,2
03,03,02,157,030302157,BELENCITO,2,POBLADO COMPLETO,1,2
03,03,02,158,030302158,BOCA DE LOS RÍOS,2,POBLADO COMPLETO,2,2
03,03,02,159,030302159,BOCA DE MOGOLLÓN,2,POBLADO COMPLETO,1,2
03,03,02,160,030302160,LA BOCA DE TULÚ,3,POBLADO PARTE,1,2
03,03,02,161,030302161,CAÑÓN,2,POBLADO COMPLETO,1,2
03,03,02,162,030302162,CUERNITO,2,POBLADO COMPLETO,1,2
03,03,02,163,030302163,EL CEDRO,2,POBLADO COMPLETO,1,2
03,03,02,164,030302164,EL CHACHO,2,POBLADO COMPLETO,2,2
03,03,02,165,030302165,EL ORTIGAL,2,POBLADO COMPLETO,1,2
03,03,02,166,030302166,GALLINA,2,POBLADO COMPLETO,1,2
03,03,02,167,030302167,GUABAL,2,POBLADO COMPLETO,2,2
03,03,02,168,030302168,ISLETA,2,POBLADO COMPLETO,1,2
03,03,02,169,030302169,LA ANGUILLA,2,POBLADO COMPLETO,1,2
03,03,02,170,030302170,LA BOCA DE RÍO CLARO,2,POBLADO COMPLETO,1,2
03,03,02,171,030302171,LA CONGA,2,POBLADO COMPLETO,1,2
03,03,02,172,030302172,LA CONGA No.1,2,POBLADO COMPLETO,1,2
03,03,02,173,030302173,LA ENCANTADA ARRIBA,3,POBLADO PARTE,1,2
03,03,02,174,030302174,LA SARDINOSA,2,POBLADO COMPLETO,1,2
03,03,02,175,030302175,LA TABIDA,2,POBLADO COMPLETO,1,2
03,03,02,176,030302176,LA TOLLOSA,2,POBLADO COMPLETO,2,2
03,03,02,177,030302177,LOS CASTILLOS,2,POBLADO COMPLETO,1,2
03,03,02,178,030302178,LOS CEDROS,2,POBLADO COMPLETO,1,2
03,03,02,179,030302179,LOS COCOS,2,POBLADO COMPLETO,1,2
03,03,02,180,030302180,LOS OROS DE CUATRO CALLES,2,POBLADO COMPLETO,1,2
03,03,02,181,030302181,MANGUESAL,2,POBLADO COMPLETO,1,2
03,03,02,182,030302182,MINERA PANAMÁ,3,POBLADO PARTE,2,2
03,03,02,183,030302183,MONTE VIRGEN,2,POBLADO COMPLETO,1,2
03,03,02,184,030302184,NUEVO EDÉN,2,POBLADO COMPLETO,1,2
03,03,02,185,030302185,PINTA MOSO,2,POBLADO COMPLETO,1,2
03,03,02,186,030302186,RÍO CLARO,2,POBLADO COMPLETO,1,2
03,03,02,187,030302187,SAN LUIS CUATRO CALLES,2,POBLADO COMPLETO,1,2
03,03,02,188,030302188,TUCUESITO,2,POBLADO COMPLETO,1,2
03,03,02,189,030302189,CABECERA DE RÍO HOJA,2,POBLADO COMPLETO,1,2
03,03,03,002,030303002,BOCA DEL CAÑO SUCIO,2,POBLADO COMPLETO,1,2
03,03,03,004,030303004,BOCA DEL CONGAL,2,POBLADO COMPLETO,1,2
03,03,03,006,030303006,BOQUILLA DE ESCOBAL,2,POBLADO COMPLETO,1,2
03,03,03,007,030303007,EL BONGO,2,POBLADO COMPLETO,1,2
03,03,03,008,030303008,CACIQUE,2,POBLADO COMPLETO,1,2
03,03,03,013,030303013,EL PONCHOSO,2,POBLADO COMPLETO,1,2
03,03,03,015,030303015,EL BATEAL,2,POBLADO COMPLETO,1,2
03,03,03,019,030303019,SAN JOSÉ O EL CEDRO,2,POBLADO COMPLETO,1,2
03,03,03,020,030303020,EL CAIMITO,2,POBLADO COMPLETO,1,2
03,03,03,021,030303021,LA CHASLA,2,POBLADO COMPLETO,1,2
03,03,03,023,030303023,EL TORNO DEL JOBO,2,POBLADO COMPLETO,1,2
03,03,03,024,030303024,EL RONDÓN,2,POBLADO COMPLETO,1,2
03,03,03,025,030303025,JOBO CENTRO,2,POBLADO COMPLETO,1,2
03,03,03,028,030303028,LA BOCA DEL GUÁSIMO,1,CABECERA,1,2
03,03,03,031,030303031,LA COCA,2,POBLADO COMPLETO,1,2
03,03,03,032,030303032,LA HONDURA,2,POBLADO COMPLETO,1,2
03,03,03,037,030303037,LA PALIZADA,2,POBLADO COMPLETO,1,2
03,03,03,038,030303038,EL PATRIOTA,2,POBLADO COMPLETO,1,2
03,03,03,040,030303040,LA SARDINOSA,2,POBLADO COMPLETO,1,2
03,03,03,041,030303041,CERRO MIGUEL DE DONOSO,3,POBLADO PARTE,1,2
03,03,03,046,030303046,LAS MARAVILLAS,3,POBLADO PARTE,1,2
03,03,03,056,030303056,MIGUELITO,3,POBLADO PARTE,1,2
03,03,03,058,030303058,LOS CHORRITOS,2,POBLADO COMPLETO,1,2
03,03,03,063,030303063,NOMBRE DE DIOS,2,POBLADO COMPLETO,1,2
03,03,03,064,030303064,ROBALERO,2,POBLADO COMPLETO,1,2
03,03,03,068,030303068,ORTIGAL,2,POBLADO COMPLETO,1,2
03,03,03,071,030303071,QUEBRADA GERMÁN,2,POBLADO COMPLETO,1,2
03,03,03,072,030303072,HINOJAL,2,POBLADO COMPLETO,1,2
03,03,03,073,030303073,VILLA DEL CARMEN,2,POBLADO COMPLETO,1,2
03,03,03,077,030303077,NUEVA CONCEPCIÓN,2,POBLADO COMPLETO,1,2
03,03,03,078,030303078,LA FELICIDAD,2,POBLADO COMPLETO,1,2
03,03,03,084,030303084,EL GUANÁBANO,2,POBLADO COMPLETO,1,2
03,03,03,089,030303089,GUAYACÁN,2,POBLADO COMPLETO,1,2
03,03,03,090,030303090,LA TAGÜITA,3,POBLADO PARTE,1,2
03,03,03,091,030303091,AGUA FRESCA,2,POBLADO COMPLETO,1,2
03,03,03,093,030303093,LOS BAJITOS,2,POBLADO COMPLETO,1,2
03,03,03,094,030303094,RÍO CLARO,2,POBLADO COMPLETO,1,2
03,03,03,095,030303095,LAS MAÑANITAS,2,POBLADO COMPLETO,1,2
03,03,03,096,030303096,EL ALTO DE SANTA CRUZ,2,POBLADO COMPLETO,1,2
03,03,03,097,030303097,BELORIZAR No.1,3,POBLADO PARTE,1,2
03,03,03,098,030303098,PASO CARNAL,2,POBLADO COMPLETO,1,2
03,03,03,099,030303099,CHORRERITA,2,POBLADO COMPLETO,1,2
03,03,03,100,030303100,EL AJÍ,2,POBLADO COMPLETO,1,2
03,03,03,101,030303101,LOMA VILLA DEL CARMEN,2,POBLADO COMPLETO,1,2
03,03,03,103,030303103,LA TEJA,2,POBLADO COMPLETO,1,2
03,03,03,104,030303104,EL MORENO,2,POBLADO COMPLETO,1,2
03,03,03,106,030303106,CAMARÓN,2,POBLADO COMPLETO,1,2
03,03,03,107,030303107,LAS MINAS,2,POBLADO COMPLETO,1,2
03,03,03,109,030303109,LOS BLANCOS,2,POBLADO COMPLETO,1,2
03,03,03,110,030303110,BELORIZAR No.2,2,POBLADO COMPLETO,1,2
03,03,03,111,030303111,CERRO DE LA ULLAMA,2,POBLADO COMPLETO,1,2
03,03,03,112,030303112,VALLE ESCOBAL,2,POBLADO COMPLETO,1,2
03,03,03,113,030303113,MIGUELITO ARRIBA,2,POBLADO COMPLETO,1,2
03,03,03,114,030303114,ESCOBAL ARRIBA,2,POBLADO COMPLETO,1,2
03,03,03,116,030303116,LAS CRUCES,3,POBLADO PARTE,1,2
03,03,03,117,030303117,LOS CHORRITOS DE SANTA MARÍA,2,POBLADO COMPLETO,1,2
03,03,03,118,030303118,LA PALMITA DE DONOSO,2,POBLADO COMPLETO,1,2
03,03,03,119,030303119,NUEVO HORIZONTE,2,POBLADO COMPLETO,1,2
03,03,03,122,030303122,EL RESUMIDERO,2,POBLADO COMPLETO,1,2
03,03,03,123,030303123,PATRIOTA ARRIBA,2,POBLADO COMPLETO,1,2
03,03,03,124,030303124,EL CASTILLO O SANTA LUCÍA,2,POBLADO COMPLETO,1,2
03,03,03,125,030303125,AGUA BUENA,2,POBLADO COMPLETO,1,2
03,03,03,126,030303126,ALTO DE LA CHASLA,2,POBLADO COMPLETO,1,2
03,03,03,127,030303127,ALTO EL PANAMÁ,2,POBLADO COMPLETO,1,2
03,03,03,129,030303129,LA ENCANTADA ARRIBA,3,POBLADO PARTE,1,2
03,03,03,130,030303130,CABECERA CONGAL,2,POBLADO COMPLETO,1,2
03,03,03,133,030303133,CABECERA DEL JOBO,2,POBLADO COMPLETO,1,2
03,03,03,135,030303135,CERRO VIEJO,2,POBLADO COMPLETO,1,2
03,03,03,136,030303136,CHIRIBATAL O EL CHIVIRITAL,2,POBLADO COMPLETO,1,2
03,03,03,138,030303138,EL CUTARRO,2,POBLADO COMPLETO,1,2
03,03,03,139,030303139,EL ESTILLERO,2,POBLADO COMPLETO,1,2
03,03,03,140,030303140,GUESITAL,2,POBLADO COMPLETO,1,2
03,03,03,142,030303142,LA BALDOMERA,2,POBLADO COMPLETO,1,2
03,03,03,144,030303144,LA MANTEQUILLA,2,POBLADO COMPLETO,1,2
03,03,03,145,030303145,LA PALMA REAL,2,POBLADO COMPLETO,1,2
03,03,03,146,030303146,LA PEDREGOSA,2,POBLADO COMPLETO,1,2
03,03,03,147,030303147,LA PEÑALOSA,2,POBLADO COMPLETO,1,2
03,03,03,148,030303148,LA RASPADURA,2,POBLADO COMPLETO,1,2
03,03,03,149,030303149,LA TORTUGA,2,POBLADO COMPLETO,1,2
03,03,03,150,030303150,LAS CORRIENTES,2,POBLADO COMPLETO,1,2
03,03,03,151,030303151,LOMA BONITA,2,POBLADO COMPLETO,1,2
03,03,03,152,030303152,LLANO BONITO,2,POBLADO COMPLETO,1,2
03,03,03,153,030303153,NUEVO SAN JOSÉ,2,POBLADO COMPLETO,1,2
03,03,03,154,030303154,QUEBRADA MONO,2,POBLADO COMPLETO,1,2
03,03,03,156,030303156,SABANITAS DEL JOBO,2,POBLADO COMPLETO,1,2
03,03,03,157,030303157,UNIÓN COCLESANA,2,POBLADO COMPLETO,1,2
03,03,03,159,030303159,ALTO DE TIERRA BUENA,2,POBLADO COMPLETO,1,2
03,03,03,160,030303160,CAÑA BLANCA,2,POBLADO COMPLETO,1,2
03,03,03,161,030303161,EL CERRILLO,2,POBLADO COMPLETO,2,2
03,03,03,162,030303162,BOCA DEL BATEAL,2,POBLADO COMPLETO,1,2
03,03,03,163,030303163,LA MIEL DE DONOSO,2,POBLADO COMPLETO,1,2
03,03,03,164,030303164,EL BARRERO,2,POBLADO COMPLETO,1,2
03,03,03,165,030303165,LAS MARGARITAS,2,POBLADO COMPLETO,1,2
03,03,03,166,030303166,LAS MINAS,3,POBLADO PARTE,1,2
03,03,03,167,030303167,QUEBRADA BELORIZAR,2,POBLADO COMPLETO,1,2
03,03,03,168,030303168,QUEBRADA EL TULÚ,2,POBLADO COMPLETO,1,2
03,03,03,169,030303169,QUEBRADA LA CHASLA,2,POBLADO COMPLETO,1,2
03,03,03,170,030303170,QUEBRADA LOS CUACOS,2,POBLADO COMPLETO,1,2
03,03,03,171,030303171,CABECERA DE YUNET,2,POBLADO COMPLETO,1,2
03,03,03,172,030303172,EL CAÑO DEL GUÁSIMO,2,POBLADO COMPLETO,1,2
03,03,03,173,030303173,QUEBRADA LA TIGRA,2,POBLADO COMPLETO,1,2
03,03,03,174,030303174,LOS ELEGIDOS,3,POBLADO PARTE,1,2
03,03,03,175,030303175,CAÑO DEL REY O LAS MERCEDES,2,POBLADO COMPLETO,1,2
03,03,03,176,030303176,EL CHORRO DE CAÑO DEL REY,3,POBLADO PARTE,1,2
03,03,03,177,030303177,LA JEJENA,3,POBLADO PARTE,1,2
03,03,03,178,030303178,QUEBRADA LA COCA,3,POBLADO PARTE,1,2
03,03,04,002,030304002,EL BONGO,2,POBLADO COMPLETO,1,2
03,03,04,003,030304003,CAÑO MAMEY,2,POBLADO COMPLETO,1,2
03,03,04,004,030304004,EL GOLFO,2,POBLADO COMPLETO,1,2
03,03,04,005,030304005,PUNTA GAVILÁN,2,POBLADO COMPLETO,1,2
03,03,04,006,030304006,GOBEA,1,CABECERA,1,2
03,03,04,007,030304007,GOBEITA No.1,2,POBLADO COMPLETO,1,2
03,03,04,009,030304009,LA HORMIGOSA,2,POBLADO COMPLETO,1,2
03,03,04,011,030304011,LA RAIZOSA,2,POBLADO COMPLETO,1,2
03,03,04,012,030304012,LA SARDINOSA,2,POBLADO COMPLETO,1,2
03,03,04,013,030304013,LAS TRES BOCAS,2,POBLADO COMPLETO,1,2
03,03,04,014,030304014,LOMA ALTA,2,POBLADO COMPLETO,1,2
03,03,04,015,030304015,LOS BRUJOS O LAS NEGRITAS,2,POBLADO COMPLETO,1,2
03,03,04,016,030304016,LOS ESPAVECES,2,POBLADO COMPLETO,1,2
03,03,04,017,030304017,PILÓN,3,POBLADO PARTE,1,2
03,03,04,018,030304018,PILONCITO,2,POBLADO COMPLETO,1,2
03,03,04,021,030304021,LAS NEGRITAS O EL VIEJITO,2,POBLADO COMPLETO,1,2
03,03,04,025,030304025,LA ANDRIONA,2,POBLADO COMPLETO,1,2
03,03,04,028,030304028,LA COCA,2,POBLADO COMPLETO,1,2
03,03,04,029,030304029,CAÑAFÍSTULO,2,POBLADO COMPLETO,1,2
03,03,04,030,030304030,LIMÓN,3,POBLADO PARTE,1,2
03,03,04,031,030304031,EL CEDRO,2,POBLADO COMPLETO,1,2
03,03,04,032,030304032,GOBEITA No.2,2,POBLADO COMPLETO,1,2
03,03,04,033,030304033,EL CACIQUE,2,POBLADO COMPLETO,1,2
03,03,04,035,030304035,EL SALTO,2,POBLADO COMPLETO,1,2
03,03,04,036,030304036,LOMA DE GOBEA,2,POBLADO COMPLETO,1,2
03,03,04,037,030304037,VIET COM,2,POBLADO COMPLETO,1,2
03,03,04,040,030304040,BAMBITO,2,POBLADO COMPLETO,1,2
03,03,04,043,030304043,QUEBRADA JAGUA,2,POBLADO COMPLETO,1,2
03,03,04,044,030304044,UVERO,2,POBLADO COMPLETO,1,2
03,03,04,045,030304045,LA VIGÍA,2,POBLADO COMPLETO,1,2
03,03,04,046,030304046,QUEBRADA MACHO,2,POBLADO COMPLETO,1,2
03,03,04,047,030304047,CAMARÓN O QUEBRADA CAMARÓN,3,POBLADO PARTE,1,2
03,03,05,003,030305003,GUAYABALITO,2,POBLADO COMPLETO,1,2
03,03,05,004,030305004,BOCA DE RÍO INDIO,1,CABECERA,1,2
03,03,05,005,030305005,BRISAS DEL MAR,2,POBLADO COMPLETO,1,2
03,03,05,006,030305006,CASTILLITO,2,POBLADO COMPLETO,1,2
03,03,05,009,030305009,CHARCÓN O EL CHARCÓN,3,POBLADO PARTE,1,2
03,03,05,010,030305010,CHILAR,3,POBLADO PARTE,1,2
03,03,05,013,030305013,EL GUÁSIMO,2,POBLADO COMPLETO,1,2
03,03,05,014,030305014,EL JOBITO,3,POBLADO PARTE,1,2
03,03,05,017,030305017,GANDONA,2,POBLADO COMPLETO,1,2
03,03,05,019,030305019,LA CAÑAZA,2,POBLADO COMPLETO,1,2
03,03,05,020,030305020,LA CERDEÑA,2,POBLADO COMPLETO,1,2
03,03,05,021,030305021,LA JEJENA,3,POBLADO PARTE,1,2
03,03,05,024,030305024,LA PÓLVORA,3,POBLADO PARTE,1,2
03,03,05,026,030305026,LAS MINAS,3,POBLADO PARTE,1,2
03,03,05,031,030305031,PILÓN,3,POBLADO PARTE,1,2
03,03,05,033,030305033,EL PAPAYO,3,POBLADO PARTE,1,2
03,03,05,035,030305035,VENTURA,3,POBLADO PARTE,1,2
03,03,05,036,030305036,MI CAMPO,2,POBLADO COMPLETO,1,2
03,03,05,037,030305037,LOMA DE PILONCITO O ALTO PILONCITO,2,POBLADO COMPLETO,1,2
03,03,05,038,030305038,EL IGUANO,2,POBLADO COMPLETO,1,2
03,03,05,039,030305039,MIRAFLORES,2,POBLADO COMPLETO,1,2
03,03,05,041,030305041,CERRO PELAO,3,POBLADO PARTE,1,2
03,03,05,043,030305043,LA CANDELARIA,2,POBLADO COMPLETO,1,2
03,03,05,044,030305044,SANCUDERITO,2,POBLADO COMPLETO,1,2
03,03,05,045,030305045,LA MONTAÑUELA,2,POBLADO COMPLETO,1,2
03,03,05,046,030305046,CABECERA DE CAÑO SIN PESCAO,2,POBLADO COMPLETO,1,2
03,03,05,047,030305047,LIMÓN,3,POBLADO PARTE,1,2
03,04,01,002,030401002,BUENAVENTURA,2,POBLADO COMPLETO,1,2
03,04,01,003,030401003,CAN CAN,2,POBLADO COMPLETO,1,2
03,04,01,005,030401005,EL GUANCHE,2,POBLADO COMPLETO,1,2
03,04,01,006,030401006,IGUANITA,2,POBLADO COMPLETO,1,2
03,04,01,009,030401009,MARCO ANTONIO,2,POBLADO COMPLETO,1,2
03,04,01,010,030401010,MARÍA SOTO,2,POBLADO COMPLETO,1,2
03,04,01,012,030401012,PORTOBELO,1,CABECERA,1,1
03,04,01,016,030401016,NUEVO TONOSÍ,2,POBLADO COMPLETO,1,2
03,04,01,017,030401017,RÍO PIEDRA No.1,2,POBLADO COMPLETO,1,2
03,04,01,019,030401019,BAJO MESA,2,POBLADO COMPLETO,1,2
03,04,01,020,030401020,LA ESCUCHA,2,POBLADO COMPLETO,1,2
03,04,01,021,030401021,CASCAJAL O DOS BOCAS,2,POBLADO COMPLETO,1,2
03,04,01,023,030401023,VALLE DE LA MEDIA LUNA,2,POBLADO COMPLETO,1,2
03,04,01,027,030401027,PEÑA BLANCA O PEÑAS BLANCAS,2,POBLADO COMPLETO,1,2
03,04,01,032,030401032,CAMBONGO O CABONGO,2,POBLADO COMPLETO,1,2
03,04,01,033,030401033,RÍO CLARO,2,POBLADO COMPLETO,1,2
03,04,01,034,030401034,SANTA ISABEL,2,POBLADO COMPLETO,1,2
03,04,01,036,030401036,AL OTRO LADO,2,POBLADO COMPLETO,1,2
03,04,01,037,030401037,BAJO BONITO,2,POBLADO COMPLETO,1,2
03,04,01,039,030401039,CASCAJAL ARRIBA,2,POBLADO COMPLETO,1,2
03,04,01,040,030401040,ISLA DEL PADRE,2,POBLADO COMPLETO,1,2
03,04,01,042,030401042,PUERTO FRANCÉS,2,POBLADO COMPLETO,2,2
03,04,01,044,030401044,QUEBRADA EL MACHO,2,POBLADO COMPLETO,1,2
03,04,01,045,030401045,RÍO BONITO,2,POBLADO COMPLETO,1,2
03,04,01,046,030401046,SAN AGUSTÍN,2,POBLADO COMPLETO,1,2
03,04,01,047,030401047,RÍO MORE,2,POBLADO COMPLETO,1,2
03,04,01,048,030401048,SANTA ELENA,2,POBLADO COMPLETO,1,2
03,04,01,049,030401049,EMBERÁ ERREBACHE-BRINDAR,2,POBLADO COMPLETO,1,2
03,04,01,050,030401050,FINCA LAS MAÑANITAS,2,POBLADO COMPLETO,1,2
03,04,01,051,030401051,RESIDENCIAL SAN MARINO,2,POBLADO COMPLETO,1,2
03,04,02,001,030402001,CACIQUE,4,CABECERA PARTE (Mixto),1,2
03,04,02,002,030402002,JOSÉ POBRE O JOSÉ DEL MAR,2,POBLADO COMPLETO,1,2
03,04,02,003,030402003,MORE,2,POBLADO COMPLETO,1,2
03,04,02,004,030402004,PLAYA BLANCA ARRIBA O MALENA DE PLAYA BLANCA,2,POBLADO COMPLETO,1,2
03,04,02,005,030402005,PLAYA BLANCA,2,POBLADO COMPLETO,1,2
03,04,02,006,030402006,BOCA DE LA QUEBRADA,2,POBLADO COMPLETO,1,2
03,04,02,007,030402007,PUEBLO NUEVO,2,POBLADO COMPLETO,1,2
03,04,02,009,030402009,VILLA DEL CORTEZO,2,POBLADO COMPLETO,1,2
03,04,02,012,030402012,MAJAGUAL,2,POBLADO COMPLETO,1,2
03,04,02,013,030402013,MORE ARRIBA,2,POBLADO COMPLETO,1,2
03,04,02,014,030402014,FINCA TESORO VERDE,2,POBLADO COMPLETO,1,2
03,04,02,015,030402015,FINCA YVAGA,2,POBLADO COMPLETO,1,2
03,04,03,001,030403001,PUERTO LINDO O GARROTE,1,CABECERA,1,2
03,04,03,003,030403003,LOS YUNQUES,2,POBLADO COMPLETO,1,2
03,04,03,004,030403004,CANGÜE,2,POBLADO COMPLETO,1,2
03,04,03,005,030403005,ISLA CABRA,2,POBLADO COMPLETO,1,2
03,04,03,007,030403007,LA CUCARACHA,2,POBLADO COMPLETO,1,2
03,04,03,008,030403008,LA JAGUA,2,POBLADO COMPLETO,1,2
03,04,03,009,030403009,SAN ANTONIO,3,POBLADO PARTE,1,2
03,04,03,010,030403010,BALLESTILLA,2,POBLADO COMPLETO,1,2
03,04,03,011,030403011,ISLA MAMEY O MAMEY,2,POBLADO COMPLETO,2,2
03,04,03,012,030403012,LA MACANA,2,POBLADO COMPLETO,1,2
03,04,03,013,030403013,PUERTO NUEVO,2,POBLADO COMPLETO,1,2
03,04,03,015,030403015,BARTOLITO O BAHÍA LINTON,2,POBLADO COMPLETO,1,2
03,04,03,017,030403017,CACIQUE,3,POBLADO PARTE,1,2
03,04,03,018,030403018,ISLA LINTON,2,POBLADO COMPLETO,2,2
03,04,04,001,030404001,ISLA GRANDE,1,CABECERA,1,2
03,04,04,002,030404002,JUAN GALLEGO,2,POBLADO COMPLETO,1,2
03,04,04,003,030404003,LA GUAIRA,2,POBLADO COMPLETO,1,2
03,04,04,007,030404007,SAN ANTONIO,3,POBLADO PARTE,1,2
03,04,04,008,030404008,CAÑO CIEGO,2,POBLADO COMPLETO,1,2
03,04,04,009,030404009,MANZANILLO,2,POBLADO COMPLETO,1,2
03,04,04,011,030404011,QUEBRADA GRANDE,2,POBLADO COMPLETO,1,2
03,04,04,012,030404012,ALTO DEL LIRIO,2,POBLADO COMPLETO,2,2
03,04,05,001,030405001,COCO SOLO O LA TABLITA,2,POBLADO COMPLETO,1,2
03,04,05,004,030405004,LAS MERCEDES O VILLA LAURA,2,POBLADO COMPLETO,1,2
03,04,05,005,030405005,MARÍA CHIQUITA,1,CABECERA,1,2
03,04,05,006,030405006,EL PORTETE,2,POBLADO COMPLETO,1,2
03,04,05,010,030405010,RÍO MANGA INDIO O MANGA INDIO,2,POBLADO COMPLETO,1,2
03,04,05,018,030405018,SIERRA LLORONA,3,POBLADO PARTE,1,2
03,04,05,019,030405019,EL ASERRÍO,2,POBLADO COMPLETO,1,2
03,04,05,020,030405020,RÍO PIEDRA No.2,2,POBLADO COMPLETO,1,2
03,04,05,022,030405022,RÍO BRAZO CHICO,2,POBLADO COMPLETO,1,2
03,04,05,023,030405023,LA BANDERA,2,POBLADO COMPLETO,1,2
03,04,05,024,030405024,RÍO MADRE VIEJA,2,POBLADO COMPLETO,1,2
03,04,05,025,030405025,LAS MERCEDITAS,2,POBLADO COMPLETO,1,2
03,04,05,026,030405026,PLAYA ESCONDIDA,2,POBLADO COMPLETO,1,2
03,05,01,001,030501001,PALENQUE,1,CABECERA,1,2
03,05,01,002,030501002,NUEVO FLORES O SAÍNO,3,POBLADO PARTE,1,2
03,05,01,009,030501009,LA CALAMBRA,2,POBLADO COMPLETO,1,2
03,05,01,012,030501012,RÍO SAÍNO ARRIBA,2,POBLADO COMPLETO,1,2
03,05,01,013,030501013,RÍO SUAVE,2,POBLADO COMPLETO,1,2
03,05,01,015,030501015,VILLARREAL,2,POBLADO COMPLETO,1,2
03,05,01,016,030501016,VILLARREAL ADENTRO,2,POBLADO COMPLETO,1,2
03,05,01,019,030501019,RÍO SAÍNO,3,POBLADO PARTE,1,2
03,05,02,001,030502001,CUANGO,1,CABECERA,1,2
03,05,02,004,030502004,QUEBRADA LA PITA,2,POBLADO COMPLETO,1,2
03,05,02,005,030502005,SAN JUAN,2,POBLADO COMPLETO,1,2
03,05,02,006,030502006,SAN JUAN ARRIBA,2,POBLADO COMPLETO,1,2
03,05,02,008,030502008,SAN JOSECITO,2,POBLADO COMPLETO,1,2
03,05,02,011,030502011,RÍO SAN JOSÉ,2,POBLADO COMPLETO,1,2
03,05,02,012,030502012,MOCOSO,2,POBLADO COMPLETO,1,2
03,05,02,017,030502017,FINCA PINEDA,2,POBLADO COMPLETO,1,2
03,05,03,002,030503002,MIRAMAR,1,CABECERA,1,2
03,05,03,005,030503005,JUAN DÍAZ,2,POBLADO COMPLETO,1,2
03,05,03,007,030503007,LA LOMA,2,POBLADO COMPLETO,1,2
03,05,03,008,030503008,LA PIEDRECITA,2,POBLADO COMPLETO,1,2
03,05,03,009,030503009,ISLA MIRAMAR,2,POBLADO COMPLETO,1,2
03,05,03,010,030503010,BOQUILLA DEL HOYITO,2,POBLADO COMPLETO,1,2
03,05,03,011,030503011,SAN ANTONIO,2,POBLADO COMPLETO,1,2
03,05,03,013,030503013,LA ESCONDIDA,2,POBLADO COMPLETO,1,2
03,05,03,014,030503014,LLERENA,2,POBLADO COMPLETO,1,2
03,05,03,015,030503015,QUEBRADA PITA,2,POBLADO COMPLETO,2,2
03,05,03,016,030503016,TAMARINDO,2,POBLADO COMPLETO,1,2
03,05,04,001,030504001,NOMBRE DE DIOS,1,CABECERA,1,2
03,05,04,004,030504004,BAJO CORRAL O RÍO FATO,2,POBLADO COMPLETO,1,2
03,05,04,006,030504006,BRAZO DE CEDRO,2,POBLADO COMPLETO,1,2
03,05,04,007,030504007,LA LÍNEA,2,POBLADO COMPLETO,1,2
03,05,04,008,030504008,LOS OLIVOS,2,POBLADO COMPLETO,1,2
03,05,04,010,030504010,PEÑA BLANCA,2,POBLADO COMPLETO,1,2
03,05,04,011,030504011,QUEBRADA CANOA,2,POBLADO COMPLETO,1,2
03,05,04,012,030504012,RÍO INDIO,2,POBLADO COMPLETO,1,2
03,05,04,013,030504013,MARIANO,2,POBLADO COMPLETO,1,2
03,05,04,014,030504014,JUAN MIGUEL,2,POBLADO COMPLETO,1,2
03,05,04,015,030504015,LAS MARGARITAS,2,POBLADO COMPLETO,1,2
03,05,04,018,030504018,LOS PAVOS,2,POBLADO COMPLETO,1,2
03,05,04,020,030504020,PLAYA DE DAMAS O PLAYA DAMAS,2,POBLADO COMPLETO,1,2
03,05,04,022,030504022,MOSTRENCOSA,2,POBLADO COMPLETO,1,2
03,05,04,023,030504023,QUEBRADA LA PRIETA,2,POBLADO COMPLETO,1,2
03,05,04,024,030504024,SAN ANTONIO,3,POBLADO PARTE,1,2
03,05,04,025,030504025,DOS BOCAS,2,POBLADO COMPLETO,1,2
03,05,04,026,030504026,LA UNIÓN SANTEÑA,3,POBLADO PARTE,1,2
03,05,04,027,030504027,BELLA VISTA,2,POBLADO COMPLETO,1,2
03,05,04,028,030504028,AGUA MUERTA,2,POBLADO COMPLETO,1,2
03,05,04,030,030504030,BRAZO DE TIGRE,2,POBLADO COMPLETO,1,2
03,05,04,031,030504031,LA HUACA,2,POBLADO COMPLETO,1,2
03,05,04,033,030504033,LAS PAVAS,2,POBLADO COMPLETO,1,2
03,05,04,034,030504034,LOS MONOS,2,POBLADO COMPLETO,2,2
03,05,04,035,030504035,NOMBRE DE DIOS ARRIBA,2,POBLADO COMPLETO,1,2
03,05,04,036,030504036,HOYO MESA,2,POBLADO COMPLETO,1,2
03,05,04,037,030504037,RAICERO,2,POBLADO COMPLETO,1,2
03,05,04,038,030504038,PLAYA ALTA,2,POBLADO COMPLETO,1,2
03,05,04,039,030504039,ALBONDIGA O RÍO SUCIO,2,POBLADO COMPLETO,1,2
03,05,04,040,030504040,CAÑO COCO,2,POBLADO COMPLETO,1,2
03,05,04,041,030504041,EL BONGO,3,POBLADO PARTE,1,2
03,05,04,042,030504042,GOLONDRINO,2,POBLADO COMPLETO,1,2
03,05,04,043,030504043,LAS GUABAS,2,POBLADO COMPLETO,1,2
03,05,04,044,030504044,MARGARITA,2,POBLADO COMPLETO,1,2
03,05,04,045,030504045,QUEBRADA PERDÍ,2,POBLADO COMPLETO,1,2
03,05,04,046,030504046,VIENTO FRÍO,2,POBLADO COMPLETO,1,2
03,05,05,001,030505001,PALMIRA,1,CABECERA,1,2
03,05,05,006,030505006,RÍO NEGRO,2,POBLADO COMPLETO,1,2
03,05,05,008,030505008,LOMA DEL ZOILO,2,POBLADO COMPLETO,2,2
03,05,05,009,030505009,RÍO CULEBRA,2,POBLADO COMPLETO,1,2
03,05,05,011,030505011,RÍO TUMBA,2,POBLADO COMPLETO,1,2
03,05,05,013,030505013,BAJO OBISPO,2,POBLADO COMPLETO,1,2
03,05,05,014,030505014,CHARCO DULCE,2,POBLADO COMPLETO,1,2
03,05,05,015,030505015,DIANDÍ,2,POBLADO COMPLETO,1,2
03,05,05,016,030505016,GUÁGARA,2,POBLADO COMPLETO,1,2
03,05,05,017,030505017,PEÑA BOMBA,2,POBLADO COMPLETO,1,2
03,05,05,020,030505020,RANGALLOSA O EL PROGRESO,3,POBLADO PARTE,1,2
03,05,05,021,030505021,LAS MALDITAS,3,POBLADO PARTE,1,2
03,05,05,022,030505022,BRAZO IGNACIO,2,POBLADO COMPLETO,1,2
03,05,06,001,030506001,PLAYA CHIQUITA,1,CABECERA,1,2
03,05,06,005,030506005,CULEBRA O BOCA DE CULEBRA,2,POBLADO COMPLETO,1,2
03,05,06,006,030506006,FUTE,2,POBLADO COMPLETO,1,2
03,05,06,007,030506007,QUEBRADA GRANDE,2,POBLADO COMPLETO,1,2
03,05,06,008,030506008,RONSUAVO O BAJO GRANDE,2,POBLADO COMPLETO,1,2
03,05,06,011,030506011,NUEVO CANAJAGUA,2,POBLADO COMPLETO,1,2
03,05,06,012,030506012,PASO HONDO,2,POBLADO COMPLETO,1,2
03,05,06,015,030506015,LOMA BONITA,2,POBLADO COMPLETO,1,2
03,05,06,016,030506016,PUERTO PAVA,2,POBLADO COMPLETO,1,2
03,05,06,017,030506017,QUEBRADA EL TOTUMO,2,POBLADO COMPLETO,1,2
03,05,06,018,030506018,RÍO MATANZA,2,POBLADO COMPLETO,1,2
03,05,06,020,030506020,RANGALLOSA O EL PROGRESO,3,POBLADO PARTE,1,2
03,05,07,005,030507005,SANTA ISABEL,1,CABECERA,1,2
03,05,07,008,030507008,BAHÍA DE ESCRIBANO,2,POBLADO COMPLETO,1,2
03,05,07,009,030507009,BAJO GRANDE,2,POBLADO COMPLETO,1,2
03,05,07,010,030507010,COCUYE,2,POBLADO COMPLETO,1,2
03,05,07,011,030507011,CHITRA,2,POBLADO COMPLETO,1,2
03,05,07,013,030507013,LAS MALDITAS,3,POBLADO PARTE,1,2
03,05,07,014,030507014,LOS CALETONES,2,POBLADO COMPLETO,1,2
03,05,07,015,030507015,PLAYA COLORADA,2,POBLADO COMPLETO,2,2
03,05,08,001,030508001,VIENTO FRÍO,1,CABECERA,1,2
03,05,08,002,030508002,NUEVO FLORES O SAÍNO,3,POBLADO PARTE,1,2
03,05,08,004,030508004,EL CRUCE,2,POBLADO COMPLETO,1,2
03,05,08,005,030508005,LA UNIÓN SANTEÑA,3,POBLADO PARTE,1,2
03,05,08,006,030508006,EL BONGO,3,POBLADO PARTE,1,2
03,05,08,007,030508007,LA HORQUETA DE BARRO,2,POBLADO COMPLETO,1,2
03,05,08,008,030508008,PICY O EL MARAÑÓN,2,POBLADO COMPLETO,1,2
03,05,08,010,030508010,EL INGLÉS,2,POBLADO COMPLETO,1,2
03,05,08,011,030508011,RÍO SAÍNO,3,POBLADO PARTE,1,2
03,06,01,002,030601002,CANOA,3,POBLADO PARTE,1,2
03,06,01,003,030601003,NAZARENO,3,POBLADO PARTE,1,2
03,06,01,004,030601004,COCLESITO,4,CABECERA PARTE (Mixto),1,2
03,06,01,008,030601008,VICTORIA,2,POBLADO COMPLETO,1,2
03,06,01,030,030601030,CUTEVA,2,POBLADO COMPLETO,2,2
03,06,01,031,030601031,JUANCHÓN,3,POBLADO PARTE,1,2
03,06,01,033,030601033,PARRAMPÁN,2,POBLADO COMPLETO,2,2
03,06,01,036,030601036,LA JURURÚA,3,POBLADO PARTE,1,2
03,06,01,038,030601038,ALTO DE LA CRUZ,3,POBLADO PARTE,1,2
03,06,01,041,030601041,EL CANAL,3,POBLADO PARTE,2,2
03,06,01,051,030601051,GALLINERO,3,POBLADO PARTE,1,2
03,06,01,056,030601056,SAN ANTONIO O NICARAGUA,2,POBLADO COMPLETO,1,2
03,06,01,062,030601062,MANDINGA,2,POBLADO COMPLETO,1,2
03,06,01,063,030601063,SANTA LUCÍA,3,POBLADO PARTE,1,2
03,06,02,001,030602001,BOTIJA,3,POBLADO PARTE,1,2
03,06,02,002,030602002,NUEVO SINAÍ,4,CABECERA PARTE (Mixto),1,2
03,06,02,003,030602003,SAN BENITO,3,POBLADO PARTE,1,2
03,06,02,004,030602004,BROMA,2,POBLADO COMPLETO,1,2
03,06,02,005,030602005,COCLESITO,3,POBLADO PARTE,1,2
03,06,02,006,030602006,EL PIFÁ,2,POBLADO COMPLETO,1,2
03,06,02,007,030602007,MINERA PANAMÁ,3,POBLADO PARTE,2,2
03,06,02,008,030602008,NUEVA ESPERANZA,2,POBLADO COMPLETO,1,2
03,06,02,009,030602009,PERA,2,POBLADO COMPLETO,1,2
03,06,03,001,030603001,BOCA DE LIMÓN O NUEVO SAN JOSÉ,2,POBLADO COMPLETO,1,2
03,06,03,002,030603002,BOTIJA,3,POBLADO PARTE,1,2
03,06,03,003,030603003,HIGUERONES,2,POBLADO COMPLETO,1,2
03,06,03,004,030603004,JAMAICA,3,POBLADO PARTE,1,2
03,06,03,005,030603005,LA CEIBA,2,POBLADO COMPLETO,1,2
03,06,03,006,030603006,LAS QUEBRADAS DE TURBE,2,POBLADO COMPLETO,1,2
03,06,03,007,030603007,MOLEJÓN O LOS MOLEJONES,3,POBLADO PARTE,1,2
03,06,03,008,030603008,NAZARENO,3,POBLADO PARTE,1,2
03,06,03,009,030603009,QUEBRADA CAMINO,2,POBLADO COMPLETO,2,2
03,06,03,010,030603010,SAN BENITO,3,POBLADO PARTE,1,2
03,06,03,011,030603011,SAN JUAN DE TURBE,1,CABECERA,1,2
03,06,03,012,030603012,ALTO DE LA CRUZ,3,POBLADO PARTE,1,2
03,06,03,013,030603013,EL CANAL,3,POBLADO PARTE,1,2
03,06,03,014,030603014,MINERA PANAMÁ,3,POBLADO PARTE,2,2
04,01,01,001,040101001,ALANJE,1,CABECERA,1,1
04,01,01,003,040101003,LA PITA,3,POBLADO PARTE,1,2
04,01,01,005,040101005,MOSTRENCO,3,POBLADO PARTE,1,2
04,01,01,006,040101006,LA PITA ABAJO,3,POBLADO PARTE,1,2
04,01,01,009,040101009,BARRIADA BUENA VISTA,2,POBLADO COMPLETO,1,2
04,01,01,010,040101010,BAJO CHIRIGAGÜA O CHIRIGAGÜA,3,POBLADO PARTE,1,2
04,01,01,011,040101011,JARQUIN,2,POBLADO COMPLETO,1,2
04,01,01,012,040101012,JARQUINCITO,2,POBLADO COMPLETO,1,2
04,01,01,013,040101013,POSADA BERROA,2,POBLADO COMPLETO,1,2
04,01,01,015,040101015,RESIDENCIAL VILLA VINCENT,2,POBLADO COMPLETO,1,2
04,01,02,003,040102003,CHANGUINA,3,POBLADO PARTE,1,2
04,01,02,005,040102005,DIVALÁ,1,CABECERA,1,1
04,01,02,009,040102009,EL JOBITO,3,POBLADO PARTE,1,2
04,01,02,030,040102030,LA GURGULLA,3,POBLADO PARTE,1,2
04,01,02,031,040102031,LA LAGUNA,2,POBLADO COMPLETO,1,2
04,01,02,032,040102032,LA PEÑA,2,POBLADO COMPLETO,1,2
04,01,02,033,040102033,LA PICADURA,2,POBLADO COMPLETO,1,2
04,01,02,037,040102037,LOS ÁRBOL PANES,2,POBLADO COMPLETO,1,2
04,01,02,038,040102038,LOS LIMONES,2,POBLADO COMPLETO,1,2
04,01,02,045,040102045,SAN MARTÍN ABAJO,2,POBLADO COMPLETO,1,2
04,01,02,046,040102046,SIOGUÍ ABAJO,3,POBLADO PARTE,1,2
04,01,03,001,040103001,BAJO CHIRIGAGÜA O CHIRIGAGÜA,3,POBLADO PARTE,1,2
04,01,03,003,040103003,EL TEJAR,1,CABECERA,1,2
04,01,03,005,040103005,LA LORA,2,POBLADO COMPLETO,1,2
04,01,03,006,040103006,LA PITA,3,POBLADO PARTE,1,2
04,01,03,007,040103007,LOMA DE SAN PEDRO,2,POBLADO COMPLETO,1,2
04,01,03,008,040103008,SITIO LÁZARO,3,POBLADO PARTE,1,2
04,01,03,009,040103009,VELADERO,2,POBLADO COMPLETO,1,2
04,01,03,010,040103010,PLANTA DE ARENA,2,POBLADO COMPLETO,2,2
04,01,03,011,040103011,FINCA LA ACHACONA,2,POBLADO COMPLETO,1,2
04,01,03,012,040103012,LA PITA ARRIBA,3,POBLADO PARTE,1,2
04,01,04,001,040104001,BACHAGRA,2,POBLADO COMPLETO,1,2
04,01,04,002,040104002,CABREÑO,2,POBLADO COMPLETO,1,2
04,01,04,003,040104003,EL CACAO,2,POBLADO COMPLETO,1,2
04,01,04,005,040104005,GUARUMAL,1,CABECERA,1,1
04,01,04,006,040104006,GUÁSIMO,2,POBLADO COMPLETO,1,2
04,01,04,007,040104007,LA BARQUETA,2,POBLADO COMPLETO,1,2
04,01,04,008,040104008,LA MARTINA,2,POBLADO COMPLETO,1,2
04,01,04,009,040104009,SABANETA,2,POBLADO COMPLETO,1,2
04,01,04,010,040104010,LOS CHIRIQUÍES,2,POBLADO COMPLETO,1,2
04,01,04,011,040104011,LOS POCITOS,2,POBLADO COMPLETO,1,2
04,01,04,012,040104012,MEMBRILLAL,2,POBLADO COMPLETO,1,2
04,01,04,014,040104014,PAJA BLANCA,2,POBLADO COMPLETO,1,2
04,01,04,017,040104017,SALSIPUEDES,2,POBLADO COMPLETO,2,2
04,01,04,018,040104018,BOCA DE HACHA,2,POBLADO COMPLETO,1,2
04,01,04,021,040104021,BARQUETA NICE,3,POBLADO PARTE,1,2
04,01,04,022,040104022,LAS OLAS VILLA,2,POBLADO COMPLETO,1,2
04,01,04,023,040104023,URBANIZACIÓN LAS BRISAS DE ALANJE,2,POBLADO COMPLETO,1,2
04,01,04,024,040104024,ORILLAS DEL RÍO,3,POBLADO PARTE,1,2
04,01,05,001,040105001,ALTO LA PLAYA,2,POBLADO COMPLETO,1,2
04,01,05,003,040105003,CORNOZUELO,2,POBLADO COMPLETO,1,2
04,01,05,005,040105005,LA ORTEGA,2,POBLADO COMPLETO,1,2
04,01,05,006,040105006,LAS MORAS,2,POBLADO COMPLETO,1,2
04,01,05,007,040105007,LLANO GRANDE,3,POBLADO PARTE,1,2
04,01,05,009,040105009,PALO GRANDE O SABANA BONITA,1,CABECERA,1,2
04,01,05,011,040105011,BARQUETA NICE,3,POBLADO PARTE,1,2
04,01,06,001,040106001,CALABAZAL O CABEZONES,2,POBLADO COMPLETO,1,2
04,01,06,002,040106002,ORILLAS DEL RÍO,3,POBLADO PARTE,1,2
04,01,06,003,040106003,QUERÉVALO,1,CABECERA,1,2
04,01,06,005,040106005,LA BERLINA,3,POBLADO PARTE,1,2
04,01,06,006,040106006,LA LORA,2,POBLADO COMPLETO,1,2
04,01,06,007,040106007,BAJO HONDO,3,POBLADO PARTE,1,2
04,01,07,002,040107002,ESTERO RICO,2,POBLADO COMPLETO,1,2
04,01,07,003,040107003,LA CUCUA,2,POBLADO COMPLETO,1,2
04,01,07,004,040107004,LA CUCUA DE SAN MARTÍN,2,POBLADO COMPLETO,1,2
04,01,07,005,040107005,LA TRINCHERA,2,POBLADO COMPLETO,1,2
04,01,07,006,040107006,MONTE GRANDE,2,POBLADO COMPLETO,1,2
04,01,07,008,040107008,SANTO TOMÁS,1,CABECERA,1,2
04,01,07,009,040107009,SAN MARTÍN,3,POBLADO PARTE,1,2
04,01,07,010,040107010,EL JOBITO,3,POBLADO PARTE,1,2
04,01,08,001,040108001,CANTA GALLO,1,CABECERA,1,2
04,01,08,002,040108002,LA PITA,3,POBLADO PARTE,1,2
04,01,08,003,040108003,LA PITA ABAJO,3,POBLADO PARTE,1,2
04,01,08,004,040108004,LLANO GRANDE,3,POBLADO PARTE,1,2
04,01,09,001,040109001,OJO DE AGUA,3,POBLADO PARTE,1,2
04,01,09,002,040109002,BAJO HONDO,2,POBLADO COMPLETO,1,2
04,01,09,003,040109003,BARRO BLANCO,2,POBLADO COMPLETO,1,2
04,01,09,004,040109004,CAMINO HACIA LOS GUABOS,2,POBLADO COMPLETO,1,2
04,01,09,005,040109005,EL CHANCHITO,2,POBLADO COMPLETO,1,2
04,01,09,006,040109006,FINCA COLCHA,2,POBLADO COMPLETO,1,2
04,01,09,007,040109007,FINCA FÁTIMA,2,POBLADO COMPLETO,2,2
04,01,09,008,040109008,FINCA LOS ÁNGELES,2,POBLADO COMPLETO,1,2
04,01,09,009,040109009,FINCA SAN ANTONIO,2,POBLADO COMPLETO,1,2
04,01,09,010,040109010,FINCA SANTA ANA,2,POBLADO COMPLETO,2,2
04,01,09,011,040109011,FINCA SANTA BÁRBARA O TADEO,2,POBLADO COMPLETO,2,2
04,01,09,012,040109012,FINCA SANTA CATALINA,2,POBLADO COMPLETO,2,2
04,01,09,013,040109013,FINCA SANTA CECILIA,2,POBLADO COMPLETO,2,2
04,01,09,014,040109014,FINCA SANTA ELENA,2,POBLADO COMPLETO,1,2
04,01,09,015,040109015,FINCA SANTA LIBRADA,2,POBLADO COMPLETO,1,2
04,01,09,016,040109016,FINCA SANTA LUCÍA,2,POBLADO COMPLETO,2,2
04,01,09,017,040109017,FINCA SANTA MARGARITA,2,POBLADO COMPLETO,2,2
04,01,09,018,040109018,FINCA SANTA RITA,2,POBLADO COMPLETO,1,2
04,01,09,019,040109019,FINCA SANTA ROSALÍA,2,POBLADO COMPLETO,2,2
04,01,09,020,040109020,FINCA SANTA TERESA,2,POBLADO COMPLETO,1,2
04,01,09,021,040109021,GARICHÉ,2,POBLADO COMPLETO,2,2
04,01,09,022,040109022,GARICHÉ ABAJO,3,POBLADO PARTE,1,2
04,01,09,023,040109023,GARICHÉ ABAJO No.2,2,POBLADO COMPLETO,1,2
04,01,09,026,040109026,LAS MERCEDES,2,POBLADO COMPLETO,1,2
04,01,09,027,040109027,LAS TRES BOCAS,2,POBLADO COMPLETO,1,2
04,01,09,028,040109028,NUEVO MÉXICO,1,CABECERA,1,2
04,01,09,029,040109029,PASO DE TRANQUILLA,2,POBLADO COMPLETO,1,2
04,01,09,030,040109030,PASOS DE LOS GUABOS,2,POBLADO COMPLETO,1,2
04,01,09,031,040109031,QUEBRADA GRANDE,2,POBLADO COMPLETO,1,2
04,01,09,032,040109032,QUEBRADA NEGRA ABAJO,2,POBLADO COMPLETO,1,2
04,01,09,033,040109033,RÍO CHIRIQUÍ VIEJO,2,POBLADO COMPLETO,1,2
04,01,09,034,040109034,LA GURGULLA,3,POBLADO PARTE,1,2
04,02,01,002,040201002,AGUA BUENA,2,POBLADO COMPLETO,1,2
04,02,01,015,040201015,MARGENES DE COROTÚ,2,POBLADO COMPLETO,1,2
04,02,01,019,040201019,EL FRAILE,2,POBLADO COMPLETO,1,2
04,02,01,053,040201053,GUANABANITO,2,POBLADO COMPLETO,1,2
04,02,01,054,040201054,GUANÁBANO,2,POBLADO COMPLETO,1,2
04,02,01,064,040201064,MANZANILLO,2,POBLADO COMPLETO,1,2
04,02,01,066,040201066,MELLIZA ABAJO,2,POBLADO COMPLETO,1,2
04,02,01,068,040201068,MONTE VERDE,2,POBLADO COMPLETO,1,2
04,02,01,074,040201074,PUERTO ARMUELLES,1,CABECERA,1,1
04,02,01,075,040201075,QUEBRADA DE PIEDRA,2,POBLADO COMPLETO,1,2
04,02,01,077,040201077,ASENTAMIENTO,2,POBLADO COMPLETO,1,2
04,02,01,081,040201081,SAN BARTOLO ARRIBA,3,POBLADO PARTE,1,2
04,02,01,082,040201082,SAN BARTOLO LÍMITE,3,POBLADO PARTE,1,2
04,02,01,109,040201109,PUNTA DE PIEDRA,2,POBLADO COMPLETO,1,2
04,02,01,110,040201110,CABECERA COROTÚ,2,POBLADO COMPLETO,1,2
04,02,01,112,040201112,RABO DE PUERCO ABAJO,2,POBLADO COMPLETO,1,2
04,02,01,118,040201118,ALTOS DE SAN VICENTE,2,POBLADO COMPLETO,1,2
04,02,01,119,040201119,MELLIZA ARRIBA,2,POBLADO COMPLETO,1,2
04,02,01,126,040201126,ALTO DE LOS LAGOS,2,POBLADO COMPLETO,1,2
04,02,01,128,040201128,COROTÚ LA UNIÓN,2,POBLADO COMPLETO,1,2
04,02,01,129,040201129,MONTE VERDE ARRIBA,2,POBLADO COMPLETO,1,2
04,02,01,136,040201136,LLANO BONITO,2,POBLADO COMPLETO,1,2
04,02,01,137,040201137,ASENTAMIENTO PITTY,2,POBLADO COMPLETO,1,2
04,02,02,001,040202001,BACO,2,POBLADO COMPLETO,1,2
04,02,02,003,040202003,BAÚLES,2,POBLADO COMPLETO,1,2
04,02,02,004,040202004,BURICA,2,POBLADO COMPLETO,1,2
04,02,02,005,040202005,CANEGUA,2,POBLADO COMPLETO,1,2
04,02,02,006,040202006,CAÑA BLANCA,2,POBLADO COMPLETO,1,2
04,02,02,007,040202007,QUEBRADA TALLO,2,POBLADO COMPLETO,1,2
04,02,02,008,040202008,LIMONES,1,CABECERA,1,2
04,02,02,009,040202009,MELLICITA,2,POBLADO COMPLETO,1,2
04,02,02,010,040202010,CALABAZO,2,POBLADO COMPLETO,1,2
04,02,02,011,040202011,COROTÚ,2,POBLADO COMPLETO,1,2
04,02,02,012,040202012,BELLA VISTA,2,POBLADO COMPLETO,1,2
04,02,02,015,040202015,LA RESBALOSA,2,POBLADO COMPLETO,1,2
04,02,02,016,040202016,YERBAZALES,2,POBLADO COMPLETO,1,2
04,02,02,019,040202019,PUERTO BALSA,2,POBLADO COMPLETO,1,2
04,02,02,024,040202024,QUEBRADA DEL MEDIO,2,POBLADO COMPLETO,1,2
04,02,03,002,040203002,CANOA ABAJO,2,POBLADO COMPLETO,1,2
04,02,03,003,040203003,PASO CANOA ARRIBA,2,POBLADO COMPLETO,1,2
04,02,03,005,040203005,COLORADO O KILÓMETRO 32,3,POBLADO PARTE,1,2
04,02,03,007,040203007,CUERVITO ABAJO,2,POBLADO COMPLETO,1,2
04,02,03,008,040203008,CUERVITO ARRIBA,2,POBLADO COMPLETO,1,2
04,02,03,010,040203010,EL CEDRO,2,POBLADO COMPLETO,1,2
04,02,03,016,040203016,FINCA MARÍA,2,POBLADO COMPLETO,1,2
04,02,03,017,040203017,QUIRA,2,POBLADO COMPLETO,1,2
04,02,03,023,040203023,PASO CANOA INTERNACIONAL,2,POBLADO COMPLETO,1,1
04,02,03,024,040203024,PROGRESO,1,CABECERA,1,1
04,02,03,025,040203025,QUEBRADA ARENA,2,POBLADO COMPLETO,1,2
04,02,03,027,040203027,SANTA MARÍA,2,POBLADO COMPLETO,1,2
04,02,03,028,040203028,CHUCHUPATE,2,POBLADO COMPLETO,1,2
04,02,03,029,040203029,REVOLUCIÓN O COLORADO CENTRO,2,POBLADO COMPLETO,1,2
04,02,03,037,040203037,BARRIADA EL TRIUNFO,2,POBLADO COMPLETO,1,2
04,02,03,038,040203038,BARRIADA BELLO AMANECER,2,POBLADO COMPLETO,1,2
04,02,03,039,040203039,BARRIADA DON PINTO,2,POBLADO COMPLETO,1,2
04,02,04,002,040204002,COIBITA,2,POBLADO COMPLETO,2,2
04,02,04,003,040204003,COROTÚ CIVIL,2,POBLADO COMPLETO,1,2
04,02,04,004,040204004,CHIRIQUÍ VIEJO,2,POBLADO COMPLETO,1,2
04,02,04,005,040204005,EL SALADO DE LOS GUABOS,2,POBLADO COMPLETO,1,2
04,02,04,008,040204008,KILÓMETRO 24,2,POBLADO COMPLETO,1,2
04,02,04,009,040204009,LA ESPERANZA,1,CABECERA,1,1
04,02,04,010,040204010,LA IRRIGACIÓN,2,POBLADO COMPLETO,1,2
04,02,04,011,040204011,LAS HUACAS,2,POBLADO COMPLETO,1,2
04,02,04,012,040204012,LOS TECALES,2,POBLADO COMPLETO,1,2
04,02,04,013,040204013,MADRE VIEJA,2,POBLADO COMPLETO,1,2
04,02,04,015,040204015,SAN PEDRO,2,POBLADO COMPLETO,1,2
04,02,04,017,040204017,SANTA ROSA DE LIMA,2,POBLADO COMPLETO,1,2
04,02,05,001,040205001,ACUEDUCTO ALMENDRO,2,POBLADO COMPLETO,1,2
04,02,05,003,040205003,ASENTAMIENTO ALMENDRO,2,POBLADO COMPLETO,1,2
04,02,05,005,040205005,BLANCO ARRIBA,3,POBLADO PARTE,1,2
04,02,05,006,040205006,BONGO CIVIL,2,POBLADO COMPLETO,1,2
04,02,05,007,040205007,BURICA CENTRO,2,POBLADO COMPLETO,1,2
04,02,05,008,040205008,CAÑAZAS,2,POBLADO COMPLETO,1,2
04,02,05,009,040205009,CAÑAZAS ARRIBA,2,POBLADO COMPLETO,1,2
04,02,05,011,040205011,COLORADO O KILÓMETRO 32,3,POBLADO PARTE,1,2
04,02,05,012,040205012,EL COCO,2,POBLADO COMPLETO,1,2
04,02,05,014,040205014,EL MURO O EL ALMENDRO,2,POBLADO COMPLETO,1,2
04,02,05,017,040205017,PROYECTO 09,2,POBLADO COMPLETO,2,2
04,02,05,018,040205018,FINCA AGUACATE,2,POBLADO COMPLETO,1,2
04,02,05,019,040205019,FINCA BALSA,2,POBLADO COMPLETO,1,2
04,02,05,020,040205020,FINCA BLANCO,1,CABECERA,1,2
04,02,05,021,040205021,FINCA BONGO,2,POBLADO COMPLETO,1,2
04,02,05,023,040205023,FINCA COROZO,2,POBLADO COMPLETO,1,2
04,02,05,025,040205025,FINCA GUAYABO,2,POBLADO COMPLETO,1,2
04,02,05,027,040205027,FINCA HIGUERÓN,2,POBLADO COMPLETO,1,2
04,02,05,036,040205036,FINCA PALMITO No.1,2,POBLADO COMPLETO,1,2
04,02,05,037,040205037,FINCA PALMITO VIEJO,2,POBLADO COMPLETO,1,2
04,02,05,039,040205039,FINCA SIGÜA,2,POBLADO COMPLETO,1,2
04,02,05,040,040205040,FINCA ZAPATERO,2,POBLADO COMPLETO,1,2
04,02,05,042,040205042,LA PISTA,2,POBLADO COMPLETO,1,2
04,02,05,043,040205043,LA UNIÓN,3,POBLADO PARTE,1,2
04,02,05,044,040205044,LA VAQUITA,2,POBLADO COMPLETO,1,2
04,02,05,045,040205045,LA VICTORIA,2,POBLADO COMPLETO,1,2
04,02,05,047,040205047,LOS PLANCITOS,2,POBLADO COMPLETO,1,2
04,02,05,053,040205053,NUEVO BURICA O SAN ANTONIO,2,POBLADO COMPLETO,1,2
04,02,05,058,040205058,PROYECTO 2000,2,POBLADO COMPLETO,1,2
04,02,05,061,040205061,PROYECTO CAOBA,2,POBLADO COMPLETO,1,2
04,02,05,069,040205069,RABO DE GALLO,2,POBLADO COMPLETO,1,2
04,02,05,070,040205070,SAMARIA,2,POBLADO COMPLETO,1,2
04,02,05,072,040205072,HIGUERÓN O TOPOYIYO,2,POBLADO COMPLETO,1,2
04,02,05,074,040205074,BURICA SUR,2,POBLADO COMPLETO,1,2
04,02,06,001,040206001,AGUA FRÍA,2,POBLADO COMPLETO,1,2
04,02,06,002,040206002,LA UNIÓN,3,POBLADO PARTE,1,2
04,02,06,003,040206003,BOQUILLA,2,POBLADO COMPLETO,1,2
04,02,06,004,040206004,CERRO LLORÓN,2,POBLADO COMPLETO,2,2
04,02,06,005,040206005,CHOROCA,2,POBLADO COMPLETO,1,2
04,02,06,006,040206006,DIVISA,2,POBLADO COMPLETO,1,2
04,02,06,007,040206007,EL PALMAR,1,CABECERA,1,1
04,02,06,008,040206008,LOS PLANES,2,POBLADO COMPLETO,1,2
04,02,06,009,040206009,MAJAGUA CIVIL No.2,2,POBLADO COMPLETO,1,2
04,02,06,010,040206010,QUEBRADA SÁBALO,2,POBLADO COMPLETO,1,2
04,02,06,011,040206011,RÍO CHIQUITO,2,POBLADO COMPLETO,1,2
04,02,06,012,040206012,SAN BARTOLO,2,POBLADO COMPLETO,1,2
04,02,06,013,040206013,SAN BARTOLO ARRIBA,3,POBLADO PARTE,1,2
04,02,06,014,040206014,SAN BARTOLO LÍMITE,3,POBLADO PARTE,1,2
04,02,06,015,040206015,SAN BARTOLO LÍNEA,2,POBLADO COMPLETO,1,2
04,02,06,016,040206016,SANGRILLO,2,POBLADO COMPLETO,1,2
04,02,06,017,040206017,SANGRILLO ABAJO,2,POBLADO COMPLETO,1,2
04,02,06,018,040206018,MAJAGUA CIVIL No.1,3,POBLADO PARTE,1,2
04,02,06,019,040206019,TRES BRAZOS,2,POBLADO COMPLETO,1,2
04,02,07,002,040207002,BALASPIT,2,POBLADO COMPLETO,1,2
04,02,07,003,040207003,BLANCO ARRIBA,3,POBLADO PARTE,1,2
04,02,07,004,040207004,BRISAS DE LAS PALMERAS,2,POBLADO COMPLETO,1,2
04,02,07,005,040207005,CEIBA,2,POBLADO COMPLETO,1,2
04,02,07,007,040207007,EL JAZMÍN,2,POBLADO COMPLETO,1,2
04,02,07,009,040207009,FINCA CEIBA,2,POBLADO COMPLETO,1,2
04,02,07,010,040207010,FINCA CORREDOR,2,POBLADO COMPLETO,1,2
04,02,07,011,040207011,FINCA GUAYACÁN,2,POBLADO COMPLETO,1,2
04,02,07,012,040207012,FINCA HIGUITO,2,POBLADO COMPLETO,1,2
04,02,07,013,040207013,FINCA JAGUA,2,POBLADO COMPLETO,1,2
04,02,07,014,040207014,FINCA JOBITO,2,POBLADO COMPLETO,1,2
04,02,07,015,040207015,FINCA JOCOTE,2,POBLADO COMPLETO,1,2
04,02,07,016,040207016,FINCA LECHOZA,2,POBLADO COMPLETO,1,2
04,02,07,017,040207017,FINCA MAJAGUA,2,POBLADO COMPLETO,1,2
04,02,07,018,040207018,FINCA MALAGUETO,2,POBLADO COMPLETO,1,2
04,02,07,019,040207019,FINCA MALAGUETO ADENTRO,2,POBLADO COMPLETO,1,2
04,02,07,020,040207020,FINCA ZAPOTE,2,POBLADO COMPLETO,1,2
04,02,07,021,040207021,LA UNIÓN,3,POBLADO PARTE,1,2
04,02,07,023,040207023,MAJAGUA CIVIL No.1,3,POBLADO PARTE,1,2
04,02,07,025,040207025,MANACA NORTE,1,CABECERA,1,1
04,02,07,026,040207026,PROYECTO 05,2,POBLADO COMPLETO,2,2
04,02,07,027,040207027,PROYECTO 07 O LA PLANTA,2,POBLADO COMPLETO,2,2
04,02,07,028,040207028,PROYECTO 20 Ó 422,2,POBLADO COMPLETO,1,2
04,02,07,030,040207030,PROYECTO MAJAGUA,2,POBLADO COMPLETO,2,2
04,02,07,031,040207031,QUEBRADA PEÑA,2,POBLADO COMPLETO,1,2
04,02,07,032,040207032,SITRACHILCO,2,POBLADO COMPLETO,1,2
04,03,01,002,040301002,BOQUERÓN,1,CABECERA,1,1
04,03,01,003,040301003,BOQUERÓN VIEJO,3,POBLADO PARTE,1,2
04,03,01,004,040301004,LA MESETA,2,POBLADO COMPLETO,1,2
04,03,01,005,040301005,MACANO ABAJO,2,POBLADO COMPLETO,1,2
04,03,01,006,040301006,MACANO ARRIBA,3,POBLADO PARTE,1,2
04,03,01,008,040301008,TIJERAS,3,POBLADO PARTE,1,2
04,03,01,011,040301011,BOQUERÓN ARRIBA,2,POBLADO COMPLETO,1,2
04,03,01,012,040301012,BOCALATUM,3,POBLADO PARTE,1,2
04,03,02,001,040302001,BÁGALA,4,CABECERA PARTE (Mixto),1,1
04,03,02,002,040302002,CERRO CABUYA,2,POBLADO COMPLETO,1,2
04,03,02,003,040302003,CERRO COLORADO,2,POBLADO COMPLETO,1,2
04,03,02,004,040302004,OJO DE AGUA,2,POBLADO COMPLETO,1,1
04,03,02,007,040302007,LOS LEZCANO,2,POBLADO COMPLETO,1,2
04,03,03,003,040303003,TULA O CORDILLERA ARRIBA,2,POBLADO COMPLETO,1,2
04,03,03,004,040303004,LAS VUELTAS,3,POBLADO PARTE,1,2
04,03,03,006,040303006,LOS NARANJOS,2,POBLADO COMPLETO,1,2
04,03,03,007,040303007,CORDILLERA,1,CABECERA,1,2
04,03,03,009,040303009,AGUACATAL,2,POBLADO COMPLETO,1,2
04,03,03,010,040303010,CORDILLERA ARRIBA,2,POBLADO COMPLETO,1,2
04,03,04,002,040304002,BONILLA,2,POBLADO COMPLETO,1,2
04,03,04,003,040304003,AGUACATE,2,POBLADO COMPLETO,1,2
04,03,04,004,040304004,GUABAL,1,CABECERA,1,2
04,03,04,005,040304005,HUACAS ABAJO,2,POBLADO COMPLETO,1,2
04,03,04,006,040304006,HUACAS ARRIBA,2,POBLADO COMPLETO,1,2
04,03,04,007,040304007,EL BAJO,2,POBLADO COMPLETO,1,2
04,03,04,008,040304008,NANCE BONITO,3,POBLADO PARTE,1,2
04,03,04,009,040304009,PALMIRA DEL BANCO,3,POBLADO PARTE,1,2
04,03,05,001,040305001,BOCALATUM,3,POBLADO PARTE,1,2
04,03,05,002,040305002,GUAYABAL,1,CABECERA,1,2
04,03,05,003,040305003,LA ELVIRA,2,POBLADO COMPLETO,1,2
04,03,05,004,040305004,LAS MONJAS,2,POBLADO COMPLETO,1,2
04,03,05,005,040305005,MACANO ARRIBA,3,POBLADO PARTE,1,2
04,03,05,006,040305006,PALMA REAL,2,POBLADO COMPLETO,1,2
04,03,05,007,040305007,SANTA RITA,2,POBLADO COMPLETO,1,2
04,03,06,001,040306001,LA HERRADURA DE PARAÍSO,2,POBLADO COMPLETO,1,2
04,03,06,003,040306003,PARAÍSO,1,CABECERA,1,2
04,03,06,004,040306004,SANTA MARTA,2,POBLADO COMPLETO,1,2
04,03,06,006,040306006,MIRAFLORES,2,POBLADO COMPLETO,1,2
04,03,06,007,040306007,PALO SUAVE,2,POBLADO COMPLETO,1,2
04,03,07,001,040307001,BAJO CANOA,2,POBLADO COMPLETO,1,2
04,03,07,002,040307002,BOQUERÓN VIEJO,3,POBLADO PARTE,1,2
04,03,07,003,040307003,LA VICTORIA,4,CABECERA PARTE (Mixto),1,2
04,03,07,004,040307004,CHIQUERO,2,POBLADO COMPLETO,1,2
04,03,07,007,040307007,LA GUINEA,2,POBLADO COMPLETO,1,2
04,03,07,008,040307008,PEDREGALITO,2,POBLADO COMPLETO,1,2
04,03,07,009,040307009,VARITAL,3,POBLADO PARTE,1,2
04,03,07,010,040307010,LA PITA ARRIBA,3,POBLADO PARTE,2,2
04,03,07,011,040307011,RESIDENCIAL HACIENDA LA VICTORIA,2,POBLADO COMPLETO,1,2
04,03,07,012,040307012,SOLANO,2,POBLADO COMPLETO,1,2
04,03,08,001,040308001,BAJO LA ARENA,2,POBLADO COMPLETO,1,2
04,03,08,003,040308003,MATA GORDA,2,POBLADO COMPLETO,1,2
04,03,08,004,040308004,SITIO LÁZARO,3,POBLADO PARTE,1,2
04,03,08,005,040308005,TIJERAS,4,CABECERA PARTE (Mixto),1,2
04,03,08,006,040308006,VARITAL,3,POBLADO PARTE,1,2
04,03,08,007,040308007,BARRIADA LA ESPERANZA,2,POBLADO COMPLETO,1,2
04,03,08,008,040308008,LOMA SAN PEDRO,2,POBLADO COMPLETO,1,2
04,03,08,009,040308009,URBANIZACIÓN DOÑA FELA,2,POBLADO COMPLETO,1,2
04,03,08,010,040308010,VARITAL ESTE,2,POBLADO COMPLETO,1,2
04,03,08,011,040308011,VILLA MARÍA,2,POBLADO COMPLETO,1,2
04,03,08,012,040308012,PALMERA VILLAGE,2,POBLADO COMPLETO,1,2
04,03,08,013,040308013,VILLA JULIETH,2,POBLADO COMPLETO,1,2
04,03,08,014,040308014,VIRGINIA PARK,2,POBLADO COMPLETO,1,2
04,03,08,015,040308015,RESIDENCIAL VILLAS DE SAN MIGUEL,2,POBLADO COMPLETO,1,2
04,04,01,005,040401005,BAJO BOQUETE,1,CABECERA,1,1
04,04,01,010,040401010,CAMISETA,3,POBLADO PARTE,1,2
04,04,01,014,040401014,EL SALTO,3,POBLADO PARTE,1,2
04,04,01,023,040401023,LOS CABEZOS,3,POBLADO PARTE,1,2
04,04,01,033,040401033,VOLCANCITO,3,POBLADO PARTE,1,1
04,04,01,044,040401044,EL HUACAL,3,POBLADO PARTE,1,2
04,04,01,045,040401045,FINCA MARÍA EUGENIA,2,POBLADO COMPLETO,1,2
04,04,01,047,040401047,ALTO BOQUETE,2,POBLADO COMPLETO,1,2
04,04,01,048,040401048,BARRIADA DIVINO NIÑO,2,POBLADO COMPLETO,1,2
04,04,02,001,040402001,ALTO EL NANCE,2,POBLADO COMPLETO,1,2
04,04,02,002,040402002,BAJO CHIRIQUÍ,2,POBLADO COMPLETO,1,2
04,04,02,003,040402003,BAJO HONDO,2,POBLADO COMPLETO,2,2
04,04,02,004,040402004,CALDERA,1,CABECERA,1,2
04,04,02,005,040402005,CALDERITA,2,POBLADO COMPLETO,1,2
04,04,02,006,040402006,CAMPO ALEGRE,2,POBLADO COMPLETO,1,2
04,04,02,007,040402007,CASITA DE PIEDRA,2,POBLADO COMPLETO,1,2
04,04,02,008,040402008,EL ALGARROBO,2,POBLADO COMPLETO,1,2
04,04,02,009,040402009,EL BARRERO,2,POBLADO COMPLETO,1,2
04,04,02,010,040402010,EL COPÉ,2,POBLADO COMPLETO,1,2
04,04,02,011,040402011,EL CHORRILLO,2,POBLADO COMPLETO,1,2
04,04,02,013,040402013,EL NANCITO,2,POBLADO COMPLETO,1,2
04,04,02,014,040402014,EL SÍNDIGO,2,POBLADO COMPLETO,1,2
04,04,02,015,040402015,GUAYABO BLANCO,2,POBLADO COMPLETO,1,2
04,04,02,016,040402016,HATO NUEVO,2,POBLADO COMPLETO,1,2
04,04,02,018,040402018,LA CRUZ,2,POBLADO COMPLETO,1,2
04,04,02,019,040402019,LA ESTRELLA,3,POBLADO PARTE,2,2
04,04,02,020,040402020,LÉRIDA,2,POBLADO COMPLETO,1,2
04,04,02,022,040402022,LOS VALLES ARRIBA,2,POBLADO COMPLETO,1,2
04,04,02,024,040402024,PUEBLO NUEVO,2,POBLADO COMPLETO,1,2
04,04,02,025,040402025,QUEBRADA SECA,2,POBLADO COMPLETO,1,2
04,04,02,026,040402026,LOS VARGAS,2,POBLADO COMPLETO,1,2
04,04,02,027,040402027,VENTANITA,2,POBLADO COMPLETO,1,2
04,04,02,028,040402028,EL ZARZIADERO,2,POBLADO COMPLETO,1,2
04,04,02,029,040402029,MAGUE,2,POBLADO COMPLETO,1,2
04,04,02,030,040402030,LAS PEÑAS,2,POBLADO COMPLETO,1,2
04,04,02,031,040402031,PERICO,2,POBLADO COMPLETO,1,2
04,04,02,032,040402032,ALTO EL COPÉ,2,POBLADO COMPLETO,1,2
04,04,02,033,040402033,EL JOBO,2,POBLADO COMPLETO,1,2
04,04,02,034,040402034,ALTO JARAMILLO,2,POBLADO COMPLETO,1,2
04,04,02,035,040402035,RANCHO CALDERA,2,POBLADO COMPLETO,1,2
04,04,02,036,040402036,CIELO PARAÍSO,2,POBLADO COMPLETO,1,2
04,04,02,037,040402037,FINCA LOS VALLES,2,POBLADO COMPLETO,1,2
04,04,02,038,040402038,HIDROELÉCTRICA LA ESTRELLA,3,POBLADO PARTE,1,2
04,04,03,001,040403001,CAÑAS VERDES,2,POBLADO COMPLETO,1,2
04,04,03,003,040403003,RÍO COLGA,2,POBLADO COMPLETO,1,2
04,04,03,004,040403004,LA COLONIA,2,POBLADO COMPLETO,1,2
04,04,03,006,040403006,PALMIRA ARRIBA,2,POBLADO COMPLETO,1,2
04,04,03,007,040403007,PALMIRA CENTRO,1,CABECERA,1,2
04,04,03,008,040403008,PALMIRA ABAJO,2,POBLADO COMPLETO,1,2
04,04,03,011,040403011,CIMA DEL VOLCÁN BARÚ,3,POBLADO PARTE,2,2
04,04,04,001,040404001,AGUA BLANCA,3,POBLADO PARTE,1,2
04,04,04,002,040404002,ALTO BOQUETE,1,CABECERA,1,1
04,04,04,003,040404003,EL PEÑÓN,2,POBLADO COMPLETO,1,2
04,04,04,004,040404004,EL ROBLE,2,POBLADO COMPLETO,1,2
04,04,04,006,040404006,LAS HUACAS,2,POBLADO COMPLETO,1,2
04,04,04,008,040404008,TORTUGA,2,POBLADO COMPLETO,1,2
04,04,04,010,040404010,EL FRANCÉS ARRIBA,2,POBLADO COMPLETO,1,1
04,04,04,011,040404011,EL MACANO,3,POBLADO PARTE,1,2
04,04,04,012,040404012,FINCA EL SOCORRO,2,POBLADO COMPLETO,1,2
04,04,04,014,040404014,JARAMILLO ABAJO,3,POBLADO PARTE,1,2
04,04,04,015,040404015,RESIDENCIAL MONTAÑAS DE CALDERA,2,POBLADO COMPLETO,1,2
04,04,04,017,040404017,URBANIZACIÓN LOS AMIGOS,2,POBLADO COMPLETO,1,2
04,04,04,019,040404019,MANGA VIEJA,2,POBLADO COMPLETO,1,2
04,04,04,020,040404020,ALTO TORTUGA,2,POBLADO COMPLETO,1,2
04,04,04,021,040404021,ALTA VISTA,3,POBLADO PARTE,1,2
04,04,04,022,040404022,VILLAS LOS ALTOS DE BOQUETE,2,POBLADO COMPLETO,1,2
04,04,05,001,040405001,ALTO JARAMILLO,2,POBLADO COMPLETO,1,2
04,04,05,002,040405002,BUENOS AIRES,2,POBLADO COMPLETO,1,2
04,04,05,003,040405003,LA CASA DEL TIGRE,2,POBLADO COMPLETO,1,2
04,04,05,006,040405006,LA INDIA VIEJA ABAJO,2,POBLADO COMPLETO,1,2
04,04,05,007,040405007,LA INDIA VIEJA ARRIBA,2,POBLADO COMPLETO,1,2
04,04,05,008,040405008,JARAMILLO ABAJO,3,POBLADO PARTE,1,2
04,04,05,009,040405009,JARAMILLO ARRIBA,4,CABECERA PARTE (Mixto),1,2
04,04,05,010,040405010,JARAMILLO CENTRO,2,POBLADO COMPLETO,1,2
04,04,05,011,040405011,LA ESTRELLA,3,POBLADO PARTE,1,2
04,04,05,012,040405012,AGUA BLANCA,3,POBLADO PARTE,1,2
04,04,05,013,040405013,ALTA VISTA,3,POBLADO PARTE,1,2
04,04,05,014,040405014,HIDROELÉCTRICA LA ESTRELLA,3,POBLADO PARTE,1,2
04,04,05,015,040405015,LA CIMA DEL CERRO CABEZÓN,2,POBLADO COMPLETO,1,2
04,04,06,001,040406001,ALTO CHIQUERO,2,POBLADO COMPLETO,1,2
04,04,06,002,040406002,ALTO LINO,2,POBLADO COMPLETO,1,2
04,04,06,003,040406003,ALTO QUIEL,2,POBLADO COMPLETO,1,2
04,04,06,004,040406004,ARCO IRIS,2,POBLADO COMPLETO,1,2
04,04,06,007,040406007,BAJO LINO,2,POBLADO COMPLETO,1,2
04,04,06,008,040406008,BARRIADA LAS FLORES,2,POBLADO COMPLETO,1,2
04,04,06,009,040406009,CALLEJÓN SECO,2,POBLADO COMPLETO,1,2
04,04,06,010,040406010,CALOGRAMA,2,POBLADO COMPLETO,1,2
04,04,06,011,040406011,CAMISETA,3,POBLADO PARTE,1,2
04,04,06,012,040406012,EL HUACAL,3,POBLADO PARTE,1,2
04,04,06,013,040406013,EL SALTO,3,POBLADO PARTE,1,2
04,04,06,014,040406014,EL SANTUARIO O BARRIADA VIRGEN DE GUADALUPE,2,POBLADO COMPLETO,1,2
04,04,06,015,040406015,JARAMILLO ARRIBA,3,POBLADO PARTE,1,2
04,04,06,016,040406016,LA HORQUETA U HORQUETA,2,POBLADO COMPLETO,1,2
04,04,06,017,040406017,LA PANDURA,2,POBLADO COMPLETO,1,2
04,04,06,018,040406018,LOS CABEZOS,3,POBLADO PARTE,1,2
04,04,06,019,040406019,LOS LADRILLOS,2,POBLADO COMPLETO,1,2
04,04,06,020,040406020,LOS NARANJOS,1,CABECERA,1,2
04,04,06,021,040406021,PALO ALTO O ARCO IRIS,2,POBLADO COMPLETO,1,2
04,04,06,022,040406022,EL PIANISTA,2,POBLADO COMPLETO,1,2
04,04,06,023,040406023,RESPINGO,2,POBLADO COMPLETO,1,2
04,04,06,024,040406024,SAN RAMÓN O BAJO MONO,2,POBLADO COMPLETO,1,2
04,04,06,025,040406025,BOQUETE PLANTATION,2,POBLADO COMPLETO,1,2
04,04,06,026,040406026,CIMA DEL VOLCÁN BARÚ,3,POBLADO PARTE,2,2
04,04,06,027,040406027,FINCA BO MARING,2,POBLADO COMPLETO,1,2
04,04,06,028,040406028,FINCA REVILLA BONITA SPRING,2,POBLADO COMPLETO,1,2
04,04,06,029,040406029,THE SPRINGS,2,POBLADO COMPLETO,1,2
04,05,01,001,040501001,BUENA VISTA ABAJO,2,POBLADO COMPLETO,1,2
04,05,01,002,040501002,BUENA VISTA ARRIBA,3,POBLADO PARTE,1,2
04,05,01,004,040501004,BUGABITA ARRIBA,2,POBLADO COMPLETO,1,1
04,05,01,006,040501006,ALTO DE ESCARREA,3,POBLADO PARTE,1,2
04,05,01,013,040501013,BAJO DEL CERRO,2,POBLADO COMPLETO,1,2
04,05,01,015,040501015,LA CONCEPCIÓN,4,CABECERA PARTE (Mixto),1,1
04,05,01,020,040501020,SAN MIGUEL DEL YUCO,2,POBLADO COMPLETO,1,1
04,05,01,023,040501023,EL CONGO O SANTA CLARA,2,POBLADO COMPLETO,1,2
04,05,01,024,040501024,SAN VALENTÍN,2,POBLADO COMPLETO,1,2
04,05,01,025,040501025,RESIDENCIAL VIRGINIA IV,2,POBLADO COMPLETO,1,2
04,05,01,026,040501026,BUGABA,3,POBLADO PARTE,1,1
04,05,02,001,040502001,ALTO DE GARICHÉ,2,POBLADO COMPLETO,1,2
04,05,02,002,040502002,ASERRÍO DE GARICHÉ,1,CABECERA,1,1
04,05,02,003,040502003,BARRO BLANCO,2,POBLADO COMPLETO,1,2
04,05,02,006,040502006,CORRENTÓN,3,POBLADO PARTE,1,2
04,05,02,012,040502012,LA UNIÓN,2,POBLADO COMPLETO,1,2
04,05,02,013,040502013,LOS AZULES,2,POBLADO COMPLETO,1,2
04,05,02,017,040502017,SAN MIGUEL,3,POBLADO PARTE,1,2
04,05,02,020,040502020,LA LIBERTAD,2,POBLADO COMPLETO,1,2
04,05,02,021,040502021,FRIJOL DE PALO,2,POBLADO COMPLETO,1,2
04,05,02,024,040502024,EXQUISITO ABAJO,2,POBLADO COMPLETO,1,2
04,05,03,001,040503001,BUGABA,4,CABECERA PARTE (Mixto),1,1
04,05,03,002,040503002,BAJO ESCARREA,2,POBLADO COMPLETO,1,2
04,05,03,003,040503003,LA MADROÑA,2,POBLADO COMPLETO,1,2
04,05,03,004,040503004,BRISAS DEL RÍO,2,POBLADO COMPLETO,1,2
04,05,03,005,040503005,LA VICTORIA,3,POBLADO PARTE,1,2
04,05,03,006,040503006,URBANIZACIÓN SANTA TERESA,2,POBLADO COMPLETO,1,2
04,05,05,002,040505002,ALTO DE CHIRIQUÍ VIEJO,2,POBLADO COMPLETO,1,2
04,05,05,003,040505003,GÓMEZ,1,CABECERA,1,2
04,05,05,004,040505004,GÓMEZ ABAJO,2,POBLADO COMPLETO,1,2
04,05,05,005,040505005,LA MESETA,2,POBLADO COMPLETO,1,2
04,05,05,007,040505007,CERRO MACHUQUE,2,POBLADO COMPLETO,1,2
04,05,05,008,040505008,SAN MIGUEL,3,POBLADO PARTE,1,2
04,05,05,010,040505010,CIMARRÓN,2,POBLADO COMPLETO,1,2
04,05,05,011,040505011,LAS PLANURAS,2,POBLADO COMPLETO,1,2
04,05,05,012,040505012,ALTO JACÚ,3,POBLADO PARTE,1,2
04,05,05,013,040505013,ALTO MESETA,2,POBLADO COMPLETO,1,2
04,05,05,014,040505014,PALMAS BELLAS,3,POBLADO PARTE,1,2
04,05,06,001,040506001,CHANGUINA,3,POBLADO PARTE,1,2
04,05,06,003,040506003,LA ESTRELLA,1,CABECERA,1,2
04,05,06,005,040506005,SAN MARTÍN,3,POBLADO PARTE,1,2
04,05,06,006,040506006,SIOGUÍ ABAJO,3,POBLADO PARTE,1,2
04,05,06,007,040506007,SIOGUÍ ARRIBA,2,POBLADO COMPLETO,1,2
04,05,06,008,040506008,ALTO LOS MIRANDA,2,POBLADO COMPLETO,1,2
04,05,06,009,040506009,LA UNIÓN,2,POBLADO COMPLETO,1,2
04,05,06,010,040506010,LAS ADJUNTAS,2,POBLADO COMPLETO,1,2
04,05,06,011,040506011,LAS CRUCES,2,POBLADO COMPLETO,1,2
04,05,06,012,040506012,LAS TRANCAS DE SIOGUÍ,2,POBLADO COMPLETO,1,2
04,05,06,013,040506013,LOS ÁNGELES,2,POBLADO COMPLETO,1,2
04,05,06,014,040506014,RESIDENCIAL LOS SENDEROS II,2,POBLADO COMPLETO,1,2
04,05,06,015,040506015,RESIDENCIAL SUEÑO BONITO,2,POBLADO COMPLETO,1,2
04,05,07,001,040507001,ALTO DE JACÚ,2,POBLADO COMPLETO,1,2
04,05,07,002,040507002,BUENA VISTA,2,POBLADO COMPLETO,1,2
04,05,07,003,040507003,CAFETAL,2,POBLADO COMPLETO,1,2
04,05,07,004,040507004,CUETA,2,POBLADO COMPLETO,1,2
04,05,07,005,040507005,EL CEDRO,2,POBLADO COMPLETO,1,2
04,05,07,006,040507006,LA ESPERANZA,2,POBLADO COMPLETO,1,2
04,05,07,007,040507007,LA PRIMAVERA,2,POBLADO COMPLETO,1,2
04,05,07,009,040507009,PALMA REAL,2,POBLADO COMPLETO,1,2
04,05,07,010,040507010,QUEBRADA LLANA,2,POBLADO COMPLETO,1,2
04,05,07,011,040507011,SAN ANDRÉS,1,CABECERA,1,2
04,05,07,012,040507012,SAN FRANCISCO,2,POBLADO COMPLETO,1,2
04,05,07,016,040507016,ENTRADA DE CUETA,2,POBLADO COMPLETO,1,2
04,05,07,017,040507017,LOS NARANJOS,2,POBLADO COMPLETO,1,2
04,05,07,018,040507018,RÍO NEGRO O LA LÍNEA,2,POBLADO COMPLETO,1,2
04,05,07,019,040507019,LA OLLA,2,POBLADO COMPLETO,1,2
04,05,07,020,040507020,SAN LUCAS,2,POBLADO COMPLETO,1,2
04,05,08,001,040508001,ALTO DIVALÁ O EL BÚHO,2,POBLADO COMPLETO,1,2
04,05,08,002,040508002,BIJAGUAL No.1,2,POBLADO COMPLETO,1,2
04,05,08,003,040508003,MANCHUILA,3,POBLADO PARTE,1,2
04,05,08,004,040508004,SANTA MARTA,1,CABECERA,1,1
04,05,08,006,040508006,BIJAGUAL No.2,2,POBLADO COMPLETO,1,2
04,05,08,007,040508007,OJO DE AGUA,3,POBLADO PARTE,1,2
04,05,09,001,040509001,BAJO FRÍO,2,POBLADO COMPLETO,1,2
04,05,09,002,040509002,BELLA VISTA,3,POBLADO PARTE,1,2
04,05,09,003,040509003,CAMARÓN ARRIBA,2,POBLADO COMPLETO,1,2
04,05,09,004,040509004,CAMARONCITO,2,POBLADO COMPLETO,1,2
04,05,09,005,040509005,CAMARONCITO ARRIBA,2,POBLADO COMPLETO,1,2
04,05,09,006,040509006,EL SANTO,2,POBLADO COMPLETO,1,2
04,05,09,007,040509007,LA HERRADURA,2,POBLADO COMPLETO,1,2
04,05,09,008,040509008,LA MAQUENCA,2,POBLADO COMPLETO,1,2
04,05,09,009,040509009,LAS MERCEDES,2,POBLADO COMPLETO,1,2
04,05,09,010,040509010,LOMA ALTA,2,POBLADO COMPLETO,2,2
04,05,09,011,040509011,SANTA ROSA,1,CABECERA,1,2
04,05,10,001,040510001,BAJO HONDO,2,POBLADO COMPLETO,1,2
04,05,10,002,040510002,GARICHÉ,2,POBLADO COMPLETO,1,2
04,05,10,003,040510003,GARICHÉ ABAJO,3,POBLADO PARTE,1,2
04,05,10,004,040510004,MANCHUILA,3,POBLADO PARTE,1,2
04,05,10,005,040510005,QUEBRADA GRANDE,2,POBLADO COMPLETO,1,2
04,05,10,007,040510007,QUEBRADA NEGRA ARRIBA,2,POBLADO COMPLETO,1,2
04,05,10,008,040510008,QUEBRADA NEGRA O MOSCA,2,POBLADO COMPLETO,1,2
04,05,10,009,040510009,SANTO DOMINGO,1,CABECERA,1,1
04,05,10,013,040510013,SANTO DOMINGO ARRIBA - EL GUABO,2,POBLADO COMPLETO,1,2
04,05,10,014,040510014,SANTO DOMINGO ARRIBA - LA LAGUNA,2,POBLADO COMPLETO,1,2
04,05,10,015,040510015,URBANIZACIÓN LOS ALTOS DE GARICHÉ,2,POBLADO COMPLETO,1,2
04,05,11,002,040511002,NUEVA ESPERANZA O CHATAL,2,POBLADO COMPLETO,1,2
04,05,11,004,040511004,EL ESCOBAL,2,POBLADO COMPLETO,1,2
04,05,11,006,040511006,LA COLONIA,2,POBLADO COMPLETO,1,2
04,05,11,008,040511008,SORTOVÁ,4,CABECERA PARTE (Mixto),1,1
04,05,11,009,040511009,VOLANTE,2,POBLADO COMPLETO,1,2
04,05,11,010,040511010,VOLANTE ARRIBA,2,POBLADO COMPLETO,1,2
04,05,11,012,040511012,ALTO DE ESCARREA,3,POBLADO PARTE,2,2
04,05,13,001,040513001,BONGO ABAJO,2,POBLADO COMPLETO,1,2
04,05,13,002,040513002,BONGO ARRIBA,1,CABECERA,1,2
04,05,13,003,040513003,CALVARIO,2,POBLADO COMPLETO,1,2
04,05,13,004,040513004,JUJUCAL O JUJUCALES,2,POBLADO COMPLETO,1,2
04,05,13,005,040513005,LA CUCHILLA,2,POBLADO COMPLETO,1,2
04,05,13,006,040513006,LAS TUMBAS,2,POBLADO COMPLETO,1,2
04,05,13,007,040513007,EL MAMEY,2,POBLADO COMPLETO,1,2
04,05,13,008,040513008,PALMA REAL,2,POBLADO COMPLETO,1,2
04,05,14,001,040514001,SOLANO,3,POBLADO PARTE,1,1
04,05,15,001,040515001,ALTO JACÚ,3,POBLADO PARTE,1,2
04,05,15,002,040515002,CELMIRA,2,POBLADO COMPLETO,1,1
04,05,15,003,040515003,CORRENTÓN,3,POBLADO PARTE,1,2
04,05,15,005,040515005,LOS ARENALES,2,POBLADO COMPLETO,1,2
04,05,15,008,040515008,SAN ISIDRO,1,CABECERA,1,1
04,05,15,010,040515010,ZUECO O SAN PEDRO ABAJO,2,POBLADO COMPLETO,1,2
04,06,01,001,040601001,DAVID,3,POBLADO PARTE,1,1
04,06,01,026,040601026,PORTACHUELO,2,POBLADO COMPLETO,1,2
04,06,01,030,040601030,COROZAL,2,POBLADO COMPLETO,2,2
04,06,01,031,040601031,VILLA NATALIA,2,POBLADO COMPLETO,1,2
04,06,02,001,040602001,BAJO DE LAS PALMAS O CERRILLOS ABAJO,2,POBLADO COMPLETO,1,2
04,06,02,002,040602002,BIJAGUAL,1,CABECERA,1,2
04,06,02,003,040602003,CERRILLOS,2,POBLADO COMPLETO,1,2
04,06,02,004,040602004,EL JOBO,2,POBLADO COMPLETO,1,2
04,06,02,005,040602005,LA MONTERA,2,POBLADO COMPLETO,1,2
04,06,02,006,040602006,LOS ALGARROBOS O LAS YAYAS,2,POBLADO COMPLETO,1,2
04,06,02,007,040602007,LOS CHARRASCALES,2,POBLADO COMPLETO,1,2
04,06,02,008,040602008,LOS PEDERNALES,2,POBLADO COMPLETO,1,2
04,06,02,009,040602009,POTRERO ZAMBRANO,2,POBLADO COMPLETO,1,2
04,06,02,010,040602010,EL ROBLILLO,2,POBLADO COMPLETO,1,2
04,06,02,011,040602011,LOS ZAMBRANOS,2,POBLADO COMPLETO,1,2
04,06,02,012,040602012,FINCA GUARDIA,2,POBLADO COMPLETO,1,2
04,06,02,013,040602013,FINCA ROLANDO REAL,2,POBLADO COMPLETO,1,2
04,06,02,014,040602014,FINCA TOMMY SITTÓN,2,POBLADO COMPLETO,2,2
04,06,03,001,040603001,ANGOSTURA DE COCHEA ARRIBA,2,POBLADO COMPLETO,1,2
04,06,03,003,040603003,COCHEA ABAJO,1,CABECERA,1,2
04,06,03,004,040603004,COCHEA ARRIBA,2,POBLADO COMPLETO,1,2
04,06,03,005,040603005,EL HIGO,2,POBLADO COMPLETO,1,2
04,06,03,006,040603006,EL MACANO,3,POBLADO PARTE,1,2
04,06,03,007,040603007,EL ROBLILLO ARRIBA,2,POBLADO COMPLETO,1,2
04,06,03,008,040603008,GUAYABAL,2,POBLADO COMPLETO,1,2
04,06,03,010,040603010,LOS JIMÉNEZ,2,POBLADO COMPLETO,1,2
04,06,03,012,040603012,LOS PIROS,2,POBLADO COMPLETO,1,2
04,06,03,013,040603013,LOS PAPAYALES,2,POBLADO COMPLETO,1,2
04,06,03,014,040603014,HATO FIEL,2,POBLADO COMPLETO,1,2
04,06,03,015,040603015,CERRILLOS,2,POBLADO COMPLETO,1,2
04,06,03,016,040603016,DOS TIGRES,2,POBLADO COMPLETO,1,2
04,06,03,017,040603017,FINCA EL ROBLILLO,2,POBLADO COMPLETO,1,2
04,06,04,001,040604001,BATIPA,2,POBLADO COMPLETO,1,2
04,06,04,002,040604002,BUENA VISTA,2,POBLADO COMPLETO,1,2
04,06,04,003,040604003,CAÑAZAS,2,POBLADO COMPLETO,1,2
04,06,04,004,040604004,CHIRIQUÍ,1,CABECERA,1,1
04,06,04,006,040604006,CHORCHA ABAJO,2,POBLADO COMPLETO,1,2
04,06,04,007,040604007,CHORCHITA,2,POBLADO COMPLETO,1,2
04,06,04,008,040604008,GALLINA,2,POBLADO COMPLETO,1,2
04,06,04,012,040604012,HATO EL HICACO,2,POBLADO COMPLETO,1,2
04,06,04,015,040604015,LA MALTES,2,POBLADO COMPLETO,1,2
04,06,04,016,040604016,LA MINA,2,POBLADO COMPLETO,1,2
04,06,04,018,040604018,LA PITA,2,POBLADO COMPLETO,1,2
04,06,04,019,040604019,LAS MERCEDES,2,POBLADO COMPLETO,1,2
04,06,04,022,040604022,LOS NARANJOS,2,POBLADO COMPLETO,1,2
04,06,04,024,040604024,PAJA BLANCA,2,POBLADO COMPLETO,1,2
04,06,04,025,040604025,PLAN DE LA GALERA,3,POBLADO PARTE,1,2
04,06,04,026,040604026,RÍO CHIRIQUÍ,2,POBLADO COMPLETO,1,2
04,06,04,027,040604027,SABANA BONITA,2,POBLADO COMPLETO,1,2
04,06,04,028,040604028,VELADERO,3,POBLADO PARTE,1,2
04,06,04,029,040604029,ZAPOTE,2,POBLADO COMPLETO,1,2
04,06,04,030,040604030,LA GLORIA O LA LAJITA,2,POBLADO COMPLETO,1,2
04,06,04,031,040604031,EL ENCANTO,2,POBLADO COMPLETO,1,2
04,06,04,032,040604032,LA PIEDRA,2,POBLADO COMPLETO,1,2
04,06,04,033,040604033,SAN LUIS,2,POBLADO COMPLETO,1,2
04,06,04,034,040604034,LA BARRANCA,2,POBLADO COMPLETO,1,2
04,06,04,036,040604036,HACIENDA DEL RÍO,2,POBLADO COMPLETO,1,2
04,06,05,002,040605002,ALTO MAJAGUA,2,POBLADO COMPLETO,1,2
04,06,05,003,040605003,COIBITA O NUEVO SAN CARLITOS,2,POBLADO COMPLETO,1,2
04,06,05,004,040605004,EL HATO,2,POBLADO COMPLETO,1,2
04,06,05,005,040605005,GUACÁ ABAJO,2,POBLADO COMPLETO,1,2
04,06,05,006,040605006,GUACÁ ARRIBA,1,CABECERA,1,2
04,06,05,008,040605008,MATA DE PIRO,2,POBLADO COMPLETO,1,2
04,06,05,009,040605009,NANCE BONITO,3,POBLADO PARTE,1,2
04,06,05,010,040605010,PALMIRA DEL BANCO,3,POBLADO PARTE,1,2
04,06,05,011,040605011,RODEO O EL RODEO,2,POBLADO COMPLETO,1,2
04,06,05,013,040605013,MAJAGUA,2,POBLADO COMPLETO,1,2
04,06,06,002,040606002,EL CORRO,2,POBLADO COMPLETO,1,2
04,06,06,003,040606003,EL JAZMÍN,2,POBLADO COMPLETO,1,2
04,06,06,004,040606004,QUITEÑO,2,POBLADO COMPLETO,1,1
04,06,06,005,040606005,EL QUIRA,2,POBLADO COMPLETO,1,2
04,06,06,007,040606007,HATO VIEJO O EL VALLE,2,POBLADO COMPLETO,1,2
04,06,06,008,040606008,LA ELOISA,2,POBLADO COMPLETO,1,2
04,06,06,009,040606009,LAS LOMAS O LLANO DEL MEDIO,1,CABECERA,1,1
04,06,06,017,040606017,MATA DE NANCE,2,POBLADO COMPLETO,1,1
04,06,06,019,040606019,RÍO CHIRIQUÍ O RANCHO GRANDE,2,POBLADO COMPLETO,1,2
04,06,06,020,040606020,LA RESERVA,2,POBLADO COMPLETO,2,2
04,06,06,021,040606021,LAS TRANCAS,2,POBLADO COMPLETO,1,2
04,06,06,022,040606022,LOS CERRITOS,2,POBLADO COMPLETO,1,2
04,06,06,026,040606026,RESIDENCIAL ALTOS DE QUITEÑO,2,POBLADO COMPLETO,1,2
04,06,06,028,040606028,RESIDENCIAL JARDINES DE ISABELLA,2,POBLADO COMPLETO,1,2
04,06,06,029,040606029,RESIDENCIAL SANTA CATALINA,2,POBLADO COMPLETO,1,2
04,06,07,001,040607001,BOQUITA ABAJO,2,POBLADO COMPLETO,1,2
04,06,07,007,040607007,GUERRERO,2,POBLADO COMPLETO,1,2
04,06,07,008,040607008,ISLA MUERTO,2,POBLADO COMPLETO,1,2
04,06,07,011,040607011,EL HATO O LA GALERA,2,POBLADO COMPLETO,1,2
04,06,07,012,040607012,SABANETA,2,POBLADO COMPLETO,1,2
04,06,07,013,040607013,PARIDITA,2,POBLADO COMPLETO,1,2
04,06,07,016,040607016,LOS SIGÜEROS,2,POBLADO COMPLETO,1,2
04,06,07,017,040607017,PEDREGAL,1,CABECERA,1,1
04,06,07,019,040607019,SABINO,2,POBLADO COMPLETO,1,2
04,06,07,026,040607026,PALMA REAL,2,POBLADO COMPLETO,1,2
04,06,07,028,040607028,SANTA CRUZ,2,POBLADO COMPLETO,1,2
04,06,07,030,040607030,JUREL,2,POBLADO COMPLETO,1,2
04,06,07,031,040607031,LA PITAHAYA,2,POBLADO COMPLETO,1,2
04,06,07,033,040607033,INTERIOR,2,POBLADO COMPLETO,1,2
04,06,07,034,040607034,HICACO,2,POBLADO COMPLETO,1,2
04,06,07,035,040607035,BEJUCOSA,2,POBLADO COMPLETO,1,2
04,06,07,036,040607036,LOS COLORADOS,2,POBLADO COMPLETO,1,2
04,06,07,037,040607037,LOS NEGROS,2,POBLADO COMPLETO,1,2
04,06,07,038,040607038,MATA PALO,2,POBLADO COMPLETO,1,2
04,06,07,040,040607040,ISLA MONO,2,POBLADO COMPLETO,2,2
04,06,07,049,040607049,BOQUITA CENTRO,2,POBLADO COMPLETO,1,2
04,06,07,050,040607050,ISLA CHALAPA,2,POBLADO COMPLETO,1,2
04,06,07,051,040607051,PLAYA BLANCA,2,POBLADO COMPLETO,1,2
04,06,07,052,040607052,PUNTA LAS PAVAS,2,POBLADO COMPLETO,1,2
04,06,07,055,040607055,BAJO PIPÓN,2,POBLADO COMPLETO,2,2
04,06,07,056,040607056,PUERTO MARTÍNEZ,2,POBLADO COMPLETO,2,2
04,06,07,057,040607057,LOS LAJONES,2,POBLADO COMPLETO,1,2
04,06,08,001,040608001,BUENA VISTA,2,POBLADO COMPLETO,1,2
04,06,08,002,040608002,LA MONTAÑUELA,2,POBLADO COMPLETO,1,2
04,06,08,003,040608003,LAS MARÍAS,2,POBLADO COMPLETO,1,2
04,06,08,004,040608004,NUEVO SAN CARLITOS,2,POBLADO COMPLETO,1,1
04,06,08,006,040608006,PASO PIÑAS,2,POBLADO COMPLETO,1,2
04,06,08,007,040608007,PUEBLO NUEVO,2,POBLADO COMPLETO,1,2
04,06,08,008,040608008,SABANA BONITA,2,POBLADO COMPLETO,1,2
04,06,08,009,040608009,SAN CARLITOS,2,POBLADO COMPLETO,1,2
04,06,08,010,040608010,SAN CARLOS,1,CABECERA,1,2
04,06,08,013,040608013,CAMPO ALEGRE,2,POBLADO COMPLETO,1,2
04,06,08,014,040608014,RESIDENCIAL COLINAS DEL VALLE,2,POBLADO COMPLETO,1,2
04,06,08,015,040608015,URBANIZACIÓN TIERRAS ALTAS,2,POBLADO COMPLETO,1,2
04,06,09,001,040609001,BÁGALA,3,POBLADO PARTE,1,1
04,06,09,002,040609002,CAÑA BLANCA,2,POBLADO COMPLETO,1,2
04,06,09,003,040609003,COROTÚ O PUENTES LOS LADRILLOS,2,POBLADO COMPLETO,1,2
04,06,09,004,040609004,COROZAL,2,POBLADO COMPLETO,1,2
04,06,09,005,040609005,LA BERLINA,3,POBLADO PARTE,2,2
04,06,09,006,040609006,PALMILLA O FINCA LAS PALMILLA,2,POBLADO COMPLETO,1,2
04,06,09,007,040609007,RINCÓN GRANDE,2,POBLADO COMPLETO,1,2
04,06,09,008,040609008,SAN PABLO NUEVO ABAJO,1,CABECERA,1,2
04,06,09,009,040609009,SAN PABLO NUEVO ARRIBA,2,POBLADO COMPLETO,1,2
04,06,09,010,040609010,FINCA DON RICARDO,2,POBLADO COMPLETO,1,2
04,06,09,011,040609011,CAMPAMENTO COROZAL,2,POBLADO COMPLETO,1,2
04,06,09,012,040609012,BAJO HONDO,3,POBLADO PARTE,2,2
04,06,09,013,040609013,LA CUCARACHA,2,POBLADO COMPLETO,1,2
04,06,09,014,040609014,FINCA PROGRESO,2,POBLADO COMPLETO,1,2
04,06,09,018,040609018,RESIDENCIAL PRADOS LA RIVIERA,2,POBLADO COMPLETO,1,2
04,06,10,004,040610004,MONTILLA,2,POBLADO COMPLETO,1,1
04,06,10,006,040610006,SAN PABLO VIEJO ABAJO,1,CABECERA,1,1
04,06,10,007,040610007,SAN PABLO VIEJO ARRIBA,2,POBLADO COMPLETO,1,1
04,06,10,016,040610016,LA COLA DE SAN PABLO VIEJO,2,POBLADO COMPLETO,1,2
04,06,10,027,040610027,RESIDENCIAL CONDADO SUR,2,POBLADO COMPLETO,1,2
04,06,10,034,040610034,VALLE DEL SUR,2,POBLADO COMPLETO,1,2
04,06,11,001,040611001,BARRIO BOLÍVAR,3,POBLADO PARTE,1,1
04,06,11,002,040611002,MANGOTE,2,POBLADO COMPLETO,1,2
04,06,12,001,040612001,DAVID,3,POBLADO PARTE,1,1
04,06,12,002,040612002,LA YEGUADA,2,POBLADO COMPLETO,1,2
04,07,01,003,040701003,COCHEA,3,POBLADO PARTE,1,2
04,07,01,004,040701004,DOLEGA,1,CABECERA,1,1
04,07,01,005,040701005,EL CACAO,2,POBLADO COMPLETO,1,2
04,07,01,006,040701006,EL FLOR,2,POBLADO COMPLETO,1,2
04,07,01,008,040701008,LAS ACEQUIAS,3,POBLADO PARTE,1,2
04,07,01,012,040701012,PUEBLO NUEVO,2,POBLADO COMPLETO,1,2
04,07,01,015,040701015,CAÑA BLANCA,3,POBLADO PARTE,1,2
04,07,01,016,040701016,EL FIFÍ,2,POBLADO COMPLETO,1,2
04,07,01,017,040701017,RESIDENCIAL SAN FRANCISCO,2,POBLADO COMPLETO,1,2
04,07,01,018,040701018,URBANIZACIÓN VÍA BOQUETE,2,POBLADO COMPLETO,1,2
04,07,02,002,040702002,CHUMICAL,2,POBLADO COMPLETO,1,2
04,07,02,003,040702003,DOS RÍOS O DOS RÍOS ABAJO,1,CABECERA,1,1
04,07,02,006,040702006,LA FLORIDA,2,POBLADO COMPLETO,1,2
04,07,03,001,040703001,CAIMITO,2,POBLADO COMPLETO,1,1
04,07,03,002,040703002,LOS ANASTACIOS,1,CABECERA,1,1
04,07,03,003,040703003,RINCÓN LARGO,2,POBLADO COMPLETO,1,2
04,07,03,004,040703004,BAJO HONDO,2,POBLADO COMPLETO,1,2
04,07,04,001,040704001,BRAZO DE COCHEA,2,POBLADO COMPLETO,1,2
04,07,04,002,040704002,CABECERA DE COCHEA,2,POBLADO COMPLETO,1,2
04,07,04,003,040704003,LOS MAMEYES,2,POBLADO COMPLETO,1,2
04,07,04,004,040704004,POTRERILLOS ARRIBA,1,CABECERA,1,2
04,07,04,005,040704005,EL BURRO,2,POBLADO COMPLETO,1,2
04,07,04,006,040704006,FINCA OLIMPO,2,POBLADO COMPLETO,1,2
04,07,04,007,040704007,LAS BRUJAS,2,POBLADO COMPLETO,1,2
04,07,04,008,040704008,RESIDENCIAL ALTOS DEL NARANJAL,2,POBLADO COMPLETO,1,2
04,07,05,001,040705001,COCHEA,3,POBLADO PARTE,1,2
04,07,05,002,040705002,LAS ACEQUIAS,3,POBLADO PARTE,1,2
04,07,05,003,040705003,POTRERILLOS ABAJO,1,CABECERA,1,1
04,07,05,004,040705004,RESIDENCIAL LOS CORTIJOS DE LA ACEQUÍA,2,POBLADO COMPLETO,1,2
04,07,06,001,040706001,EL BANCO,2,POBLADO COMPLETO,1,2
04,07,06,002,040706002,PALMA REAL,2,POBLADO COMPLETO,1,2
04,07,06,003,040706003,ROVIRA ABAJO,4,CABECERA PARTE (Mixto),1,2
04,07,06,004,040706004,ROVIRA ARRIBA,2,POBLADO COMPLETO,1,2
04,07,06,005,040706005,EL BANCO DE PALMIRA,2,POBLADO COMPLETO,1,2
04,07,06,006,040706006,LOMA ALTA,3,POBLADO PARTE,1,2
04,07,06,007,040706007,CAÑA BLANCA,3,POBLADO PARTE,1,2
04,07,06,008,040706008,SANTA ELENA,2,POBLADO COMPLETO,1,2
04,07,06,009,040706009,CERRO DEL BANCO,2,POBLADO COMPLETO,1,2
04,07,07,001,040707001,BALITA,2,POBLADO COMPLETO,1,2
04,07,07,002,040707002,CERMEÑO,2,POBLADO COMPLETO,1,2
04,07,07,003,040707003,CONVENTILLO,2,POBLADO COMPLETO,1,2
04,07,07,004,040707004,LOMA ALTA,3,POBLADO PARTE,1,2
04,07,07,005,040707005,LOS GUÁSIMOS,2,POBLADO COMPLETO,1,2
04,07,07,006,040707006,LOS PALOMOS,2,POBLADO COMPLETO,1,2
04,07,07,007,040707007,ROVIRA ABAJO,3,POBLADO PARTE,1,2
04,07,07,008,040707008,TINAJAS,1,CABECERA,1,2
04,07,07,010,040707010,RESIDENCIAL LOS CÁNTAROS,2,POBLADO COMPLETO,1,2
04,07,08,001,040708001,ALGARROBOS ARRIBA,2,POBLADO COMPLETO,1,1
04,07,08,002,040708002,BEJUCO,2,POBLADO COMPLETO,1,2
04,07,08,003,040708003,EL JAGUA,2,POBLADO COMPLETO,1,2
04,07,08,004,040708004,LAS CAÑAS,2,POBLADO COMPLETO,1,2
04,07,08,005,040708005,LAS CAÑAS ABAJO,2,POBLADO COMPLETO,1,2
04,07,08,006,040708006,LOS ALGARROBOS,1,CABECERA,1,1
04,07,08,007,040708007,SANTA ROSA,2,POBLADO COMPLETO,1,2
04,07,08,008,040708008,EL VALLE DE SANTA ROSA,2,POBLADO COMPLETO,1,2
04,07,08,009,040708009,URBANIZACIÓN VILLA LAYLA,2,POBLADO COMPLETO,1,2
04,07,08,010,040708010,RESIDENCIAL BARILOCHE,2,POBLADO COMPLETO,1,2
04,08,01,003,040801003,ALGARROBAL,2,POBLADO COMPLETO,1,2
04,08,01,008,040801008,LA TOLLOSA,2,POBLADO COMPLETO,1,2
04,08,01,014,040801014,BARRIGÓN,2,POBLADO COMPLETO,1,2
04,08,01,015,040801015,BELLA VISTA,2,POBLADO COMPLETO,1,2
04,08,01,016,040801016,BRAZO DE TIGRE,2,POBLADO COMPLETO,1,2
04,08,01,017,040801017,BRAZO DE MONO O BAJO MONO,2,POBLADO COMPLETO,1,2
04,08,01,018,040801018,BUENOS AIRES,3,POBLADO PARTE,1,2
04,08,01,020,040801020,CALLE LARGA,2,POBLADO COMPLETO,1,2
04,08,01,022,040801022,CERRO SABANA,2,POBLADO COMPLETO,1,2
04,08,01,023,040801023,CIMARRÓN,2,POBLADO COMPLETO,2,2
04,08,01,024,040801024,LA CHICHICOSA,2,POBLADO COMPLETO,1,2
04,08,01,029,040801029,EL SALADO,2,POBLADO COMPLETO,1,2
04,08,01,031,040801031,FLAUTA,2,POBLADO COMPLETO,1,2
04,08,01,032,040801032,GUABO ABAJO,2,POBLADO COMPLETO,1,2
04,08,01,033,040801033,GUABO ARRIBA,2,POBLADO COMPLETO,1,2
04,08,01,034,040801034,GUAGARALES,2,POBLADO COMPLETO,1,2
04,08,01,035,040801035,GUALACA,1,CABECERA,1,1
04,08,01,036,040801036,GUALAQUITA,2,POBLADO COMPLETO,1,2
04,08,01,037,040801037,EL HIGUERÓN,2,POBLADO COMPLETO,1,2
04,08,01,038,040801038,LA ESPERANZA,2,POBLADO COMPLETO,1,2
04,08,01,039,040801039,LA FILA,2,POBLADO COMPLETO,1,2
04,08,01,040,040801040,LAS COLONIAS O EL PALOMO,2,POBLADO COMPLETO,1,2
04,08,01,043,040801043,LA SOLEDAD,2,POBLADO COMPLETO,1,2
04,08,01,044,040801044,LA VACA,2,POBLADO COMPLETO,1,2
04,08,01,046,040801046,LOMA GRANDE O LOMA LARGA,2,POBLADO COMPLETO,1,2
04,08,01,047,040801047,LONDRES,2,POBLADO COMPLETO,1,2
04,08,01,048,040801048,LOS NARANJOS,2,POBLADO COMPLETO,1,2
04,08,01,049,040801049,LOS PLANES,2,POBLADO COMPLETO,1,2
04,08,01,050,040801050,MAMECILLAL,2,POBLADO COMPLETO,1,2
04,08,01,052,040801052,PAN DE AZÚCAR,2,POBLADO COMPLETO,1,2
04,08,01,056,040801056,DOS BRAZOS DEL ESTÍ,2,POBLADO COMPLETO,1,2
04,08,01,059,040801059,BAJO LA PEÑA,2,POBLADO COMPLETO,1,2
04,08,01,060,040801060,EL LETRERO,3,POBLADO PARTE,1,2
04,08,01,063,040801063,LOS NÍSPEROS,2,POBLADO COMPLETO,1,2
04,08,01,065,040801065,AGUACATAL,2,POBLADO COMPLETO,1,2
04,08,01,067,040801067,LAS GUAQUITAS,2,POBLADO COMPLETO,1,2
04,08,01,068,040801068,LOMA ALTA,3,POBLADO PARTE,1,2
04,08,01,069,040801069,LONDRES ARRIBA,2,POBLADO COMPLETO,1,2
04,08,01,071,040801071,BARRIADA ASOCIACIÓN NUESTRA SEÑORA DE LOS ÁNGELES,2,POBLADO COMPLETO,1,2
04,08,01,072,040801072,EL RAIZOSO,2,POBLADO COMPLETO,1,2
04,08,01,073,040801073,EL ROBLE DE GUALACA,2,POBLADO COMPLETO,1,2
04,08,01,074,040801074,EL SITIO,2,POBLADO COMPLETO,1,2
04,08,01,075,040801075,FINCA LAS DAVELITAS,2,POBLADO COMPLETO,1,2
04,08,01,076,040801076,FINCA MONTANA,2,POBLADO COMPLETO,1,2
04,08,01,077,040801077,LA PITA,2,POBLADO COMPLETO,1,2
04,08,01,078,040801078,LA PITA No.1,2,POBLADO COMPLETO,1,2
04,08,01,079,040801079,BARRIAL O ARCO IRIS,3,POBLADO PARTE,1,2
04,08,02,001,040802001,ALTO NUEVO DE FORTUNA,2,POBLADO COMPLETO,1,2
04,08,02,002,040802002,BAJO LARGO,2,POBLADO COMPLETO,1,2
04,08,02,003,040802003,CHIRIQUICITO,2,POBLADO COMPLETO,1,2
04,08,02,004,040802004,EL CEDRO,2,POBLADO COMPLETO,1,2
04,08,02,005,040802005,ENTRE RÍOS,2,POBLADO COMPLETO,1,2
04,08,02,006,040802006,FORTUNA,2,POBLADO COMPLETO,1,2
04,08,02,007,040802007,GUAYABO NEGRO,2,POBLADO COMPLETO,1,2
04,08,02,009,040802009,LAS MARÍAS,2,POBLADO COMPLETO,1,2
04,08,02,010,040802010,SOLEDAD,2,POBLADO COMPLETO,1,2
04,08,02,011,040802011,LAVADERO,2,POBLADO COMPLETO,1,2
04,08,02,012,040802012,EL NÍSPERO,2,POBLADO COMPLETO,1,2
04,08,02,013,040802013,PEÑA BLANCA,2,POBLADO COMPLETO,1,2
04,08,02,014,040802014,PINOLA,2,POBLADO COMPLETO,1,2
04,08,02,015,040802015,PUEBLO NUEVO,2,POBLADO COMPLETO,1,2
04,08,02,017,040802017,SIGÜA,2,POBLADO COMPLETO,1,2
04,08,02,018,040802018,VALLE DE LAS MINAS,1,CABECERA,1,2
04,08,02,021,040802021,EL LETRERO,3,POBLADO PARTE,1,2
04,08,02,022,040802022,FILIPINAS,2,POBLADO COMPLETO,1,2
04,08,02,024,040802024,PANDURA,2,POBLADO COMPLETO,1,2
04,08,02,025,040802025,ALTO DE LA MINA,2,POBLADO COMPLETO,1,2
04,08,02,027,040802027,NUEVA YORK,2,POBLADO COMPLETO,1,2
04,08,02,028,040802028,PRESIÓN O CHIMENEA,2,POBLADO COMPLETO,1,2
04,08,02,029,040802029,SITIO PRESA,2,POBLADO COMPLETO,2,2
04,08,02,030,040802030,ALTO DE LOS PINOS,2,POBLADO COMPLETO,1,2
04,08,02,031,040802031,CHIRIQUICITO ABAJO,2,POBLADO COMPLETO,1,2
04,08,02,033,040802033,CERRO PRIETO,2,POBLADO COMPLETO,1,2
04,08,02,034,040802034,QUEBRADA NUEVA,2,POBLADO COMPLETO,1,2
04,08,02,035,040802035,ALTO FRÍO,2,POBLADO COMPLETO,1,2
04,08,02,036,040802036,BAJO LEÓN,2,POBLADO COMPLETO,1,2
04,08,02,037,040802037,BARRIAL O ARCO IRIS,3,POBLADO PARTE,1,2
04,08,02,039,040802039,LA BAMBA,2,POBLADO COMPLETO,1,2
04,08,02,040,040802040,MASIGAL,2,POBLADO COMPLETO,1,2
04,08,03,001,040803001,ALTO BONITO,2,POBLADO COMPLETO,1,2
04,08,03,003,040803003,EL HIGO,2,POBLADO COMPLETO,1,2
04,08,03,004,040803004,LAS HUACAS,2,POBLADO COMPLETO,1,2
04,08,03,005,040803005,LOS ÁNGELES ARRIBA,2,POBLADO COMPLETO,1,2
04,08,03,006,040803006,BAJO BONITO,2,POBLADO COMPLETO,1,2
04,08,03,007,040803007,CAÑA BLANCA,2,POBLADO COMPLETO,1,2
04,08,03,010,040803010,CHORCHITA,2,POBLADO COMPLETO,1,2
04,08,03,012,040803012,LOS BONGOS,2,POBLADO COMPLETO,1,2
04,08,03,019,040803019,LOS ÁNGELES,1,CABECERA,1,2
04,08,03,020,040803020,LOS LADRILLOS,2,POBLADO COMPLETO,1,2
04,08,03,022,040803022,SARDINA,2,POBLADO COMPLETO,1,2
04,08,03,023,040803023,GALERITA O CERRO GALERITA,3,POBLADO PARTE,1,2
04,08,03,024,040803024,CORDILLERA,2,POBLADO COMPLETO,1,2
04,08,03,025,040803025,EL MACHO,2,POBLADO COMPLETO,1,2
04,08,03,026,040803026,ALTO COCO,2,POBLADO COMPLETO,2,2
04,08,03,028,040803028,FINCA VALLARTA,2,POBLADO COMPLETO,1,2
04,08,03,029,040803029,CHORCHITA ARRIBA,3,POBLADO PARTE,1,2
04,08,03,031,040803031,TORORE,3,POBLADO PARTE,2,2
04,08,03,032,040803032,GUABO,2,POBLADO COMPLETO,1,2
04,08,03,033,040803033,JUNTA MANY O MIRY,3,POBLADO PARTE,1,2
04,08,04,001,040804001,BAJO MÉNDEZ,2,POBLADO COMPLETO,1,2
04,08,04,002,040804002,BUENOS AIRES,3,POBLADO PARTE,1,2
04,08,04,003,040804003,CERRO CACHO,2,POBLADO COMPLETO,1,2
04,08,04,004,040804004,CALABAZAL,2,POBLADO COMPLETO,1,2
04,08,04,005,040804005,COROZAL,2,POBLADO COMPLETO,2,2
04,08,04,006,040804006,CUCHILLA,2,POBLADO COMPLETO,1,2
04,08,04,008,040804008,CHALAPA,2,POBLADO COMPLETO,1,2
04,08,04,009,040804009,CHALAPITA,2,POBLADO COMPLETO,1,2
04,08,04,011,040804011,GUABAL,2,POBLADO COMPLETO,1,2
04,08,04,012,040804012,LA GRACIOSA,2,POBLADO COMPLETO,1,2
04,08,04,013,040804013,LA PALMA,2,POBLADO COMPLETO,1,2
04,08,04,015,040804015,EL AMARILLO,2,POBLADO COMPLETO,1,2
04,08,04,016,040804016,LOS POZOS,2,POBLADO COMPLETO,1,2
04,08,04,017,040804017,MACANITO,2,POBLADO COMPLETO,1,2
04,08,04,019,040804019,PAJA DE SOMBRERO,1,CABECERA,1,2
04,08,04,021,040804021,LOMA ALTA,3,POBLADO PARTE,1,2
04,08,04,022,040804022,CUCUA,2,POBLADO COMPLETO,1,2
04,08,04,023,040804023,BAJO EL MANGO,2,POBLADO COMPLETO,1,2
04,08,04,024,040804024,BARRIAL O ARCO IRIS,3,POBLADO PARTE,1,2
04,08,04,026,040804026,QUEBRADA ARRIBA,2,POBLADO COMPLETO,2,2
04,08,05,001,040805001,BAJO CHORCHA,2,POBLADO COMPLETO,1,2
04,08,05,002,040805002,BAJO GUALACA,2,POBLADO COMPLETO,1,2
04,08,05,005,040805005,GALERITA O CERRO GALERITA,3,POBLADO PARTE,1,2
04,08,05,007,040805007,LA HUACA,2,POBLADO COMPLETO,1,2
04,08,05,008,040805008,LA VICTORIA,2,POBLADO COMPLETO,1,2
04,08,05,009,040805009,MATA RICA,2,POBLADO COMPLETO,1,2
04,08,05,010,040805010,PERÚ,2,POBLADO COMPLETO,1,2
04,08,05,011,040805011,PLAN DE LA GALERA,3,POBLADO PARTE,1,2
04,08,05,012,040805012,QUEBRADA LAJA,2,POBLADO COMPLETO,1,2
04,08,05,013,040805013,REDONDITO,2,POBLADO COMPLETO,1,2
04,08,05,014,040805014,RINCÓN,1,CABECERA,1,2
04,08,05,015,040805015,VELADERO,3,POBLADO PARTE,1,2
04,09,01,001,040901001,HATO TRAFAL,2,POBLADO COMPLETO,1,2
04,09,01,003,040901003,BOCA VIEJA,2,POBLADO COMPLETO,1,2
04,09,01,004,040901004,CABRERA,2,POBLADO COMPLETO,1,2
04,09,01,011,040901011,EL PUERTO,3,POBLADO PARTE,1,2
04,09,01,026,040901026,ISLA PALENQUE,2,POBLADO COMPLETO,2,2
04,09,01,027,040901027,LA PLAYA,2,POBLADO COMPLETO,1,2
04,09,01,030,040901030,LLANO CORREA,2,POBLADO COMPLETO,1,2
04,09,01,031,040901031,ISLA CANGREJO,2,POBLADO COMPLETO,1,2
04,09,01,032,040901032,FINCA MIRAFLORES,3,POBLADO PARTE,1,2
04,09,01,035,040901035,REMEDIOS,1,CABECERA,1,2
04,09,01,036,040901036,HATO ANTIOQUÍA,3,POBLADO PARTE,2,2
04,09,02,002,040902002,BOQUIBAJO,2,POBLADO COMPLETO,1,2
04,09,02,003,040902003,BOQUIBAJO ARRIBA,2,POBLADO COMPLETO,1,2
04,09,02,007,040902007,EL NANCITO,1,CABECERA,1,2
04,09,02,008,040902008,RÍO SANTIAGO,2,POBLADO COMPLETO,1,2
04,09,02,010,040902010,LA PEÑA,2,POBLADO COMPLETO,1,2
04,09,02,011,040902011,NARANJAL,2,POBLADO COMPLETO,1,2
04,09,02,012,040902012,POTRERO DE OLLA,3,POBLADO PARTE,1,2
04,09,02,019,040902019,SALADO ABAJO,2,POBLADO COMPLETO,1,2
04,09,02,020,040902020,OLÁ,3,POBLADO PARTE,1,2
04,09,02,021,040902021,RÍO SANTIAGO ABAJO,2,POBLADO COMPLETO,1,2
04,09,02,022,040902022,RÍO SANTIAGO ARRIBA,3,POBLADO PARTE,1,2
04,09,02,024,040902024,SARDINA O LAJERO ABAJO,3,POBLADO PARTE,1,2
04,09,02,025,040902025,EL LIRIO,2,POBLADO COMPLETO,1,2
04,09,02,026,040902026,LA ISLETA,2,POBLADO COMPLETO,1,2
04,09,03,003,040903003,CERRO PELADO,2,POBLADO COMPLETO,1,2
04,09,03,004,040903004,EL PORVENIR,1,CABECERA,1,2
04,09,03,005,040903005,ESCODU,3,POBLADO PARTE,1,2
04,09,03,006,040903006,FINCA MIRAFLORES,3,POBLADO PARTE,1,2
04,09,03,007,040903007,GUABAL,2,POBLADO COMPLETO,1,2
04,09,03,008,040903008,LA BRUJA,2,POBLADO COMPLETO,1,2
04,09,03,009,040903009,SAN IGNACIO DEL CUCUY,2,POBLADO COMPLETO,1,2
04,09,03,010,040903010,FINCA SANTA LUCÍA O LOMA DEL VIENTO,3,POBLADO PARTE,1,2
04,09,04,001,040904001,COROBO,2,POBLADO COMPLETO,1,2
04,09,04,003,040904003,EL PUERTO,4,CABECERA PARTE (Mixto),1,2
04,09,04,004,040904004,HATO ANTIOQUÍA,3,POBLADO PARTE,1,2
04,09,04,006,040904006,ISLA JARASCOSA O LA JOROSCOSA,2,POBLADO COMPLETO,1,2
04,09,04,007,040904007,ISLA LA PALMA,2,POBLADO COMPLETO,1,2
04,09,04,008,040904008,ISLA PAN DE AZÚCAR,2,POBLADO COMPLETO,1,2
04,09,04,009,040904009,ISLA SANTA CATALINA,2,POBLADO COMPLETO,1,2
04,09,04,010,040904010,MOGOTE DEL PUERTO,2,POBLADO COMPLETO,1,2
04,09,05,002,040905002,EL MARÍA,2,POBLADO COMPLETO,1,2
04,09,05,003,040905003,ESCODU,3,POBLADO PARTE,1,2
04,09,05,004,040905004,HATO RUÍZ,2,POBLADO COMPLETO,1,2
04,09,05,005,040905005,HATO SAN JOSÉ,2,POBLADO COMPLETO,1,2
04,09,05,006,040905006,LA MINA,2,POBLADO COMPLETO,1,2
04,09,05,007,040905007,OREMA,3,POBLADO PARTE,1,3
04,09,05,010,040905010,FINCA SANTA LUCÍA O LOMA DEL VIENTO,4,CABECERA PARTE (Mixto),1,2
04,09,05,011,040905011,FINCA RICARDO BARRÍA,2,POBLADO COMPLETO,1,2
04,09,05,012,040905012,RÍO SALAO,2,POBLADO COMPLETO,1,2
04,10,01,001,041001001,ALTAMIRA,2,POBLADO COMPLETO,1,2
04,10,01,002,041001002,ALTO CERRÓN,2,POBLADO COMPLETO,1,2
04,10,01,003,041001003,LA UNIÓN,2,POBLADO COMPLETO,1,2
04,10,01,005,041001005,PIEDRA CANDELA,2,POBLADO COMPLETO,1,2
04,10,01,006,041001006,RÍO SERENO,1,CABECERA,1,2
04,10,01,007,041001007,ZAMBRANO,2,POBLADO COMPLETO,1,2
04,10,01,009,041001009,BELLA VISTA,2,POBLADO COMPLETO,1,2
04,10,01,010,041001010,BAJO LA UNIÓN,2,POBLADO COMPLETO,1,2
04,10,01,011,041001011,BAJO CERRÓN,2,POBLADO COMPLETO,1,2
04,10,01,012,041001012,COPAL,3,POBLADO PARTE,1,2
04,10,01,013,041001013,JURUTUNGO,2,POBLADO COMPLETO,1,2
04,10,01,014,041001014,MIRAFLORES,2,POBLADO COMPLETO,1,2
04,10,01,015,041001015,LOS PINOS,2,POBLADO COMPLETO,1,2
04,10,01,016,041001016,PANTANAL,2,POBLADO COMPLETO,1,2
04,10,02,001,041002001,BAJO HORNITO,2,POBLADO COMPLETO,1,2
04,10,02,002,041002002,BAJOS DE ZAPATERO,2,POBLADO COMPLETO,1,2
04,10,02,004,041002004,BREÑÓN,1,CABECERA,1,2
04,10,02,005,041002005,ALTO BRUJO,2,POBLADO COMPLETO,1,2
04,10,02,006,041002006,ALTO PAVÓN,2,POBLADO COMPLETO,1,2
04,10,02,009,041002009,LA POTRA,2,POBLADO COMPLETO,1,2
04,10,02,011,041002011,OJO DE AGUA,2,POBLADO COMPLETO,1,2
04,10,02,012,041002012,QUEBRADA DE VUELTAS,3,POBLADO PARTE,1,2
04,10,02,013,041002013,SALSIPUEDES,2,POBLADO COMPLETO,1,2
04,10,02,014,041002014,MAMEY,2,POBLADO COMPLETO,1,2
04,10,02,015,041002015,ENTRADA DE SALSIPUEDES,2,POBLADO COMPLETO,1,2
04,10,02,017,041002017,LIMONCITO,2,POBLADO COMPLETO,1,2
04,10,02,018,041002018,BRAZO SECO,2,POBLADO COMPLETO,1,2
04,10,02,019,041002019,LA BONITA,3,POBLADO PARTE,1,2
04,10,03,001,041003001,ALTO QUIEL,2,POBLADO COMPLETO,1,2
04,10,03,003,041003003,BAJOS DE CHIRIQUÍ,2,POBLADO COMPLETO,1,2
04,10,03,004,041003004,CAÑAS GORDAS,1,CABECERA,1,2
04,10,03,005,041003005,COPAL,3,POBLADO PARTE,1,2
04,10,03,006,041003006,LAS DELICIAS,2,POBLADO COMPLETO,1,2
04,10,03,008,041003008,LOS PLANES,2,POBLADO COMPLETO,1,2
04,10,03,009,041003009,MOSQUITO O PORVENIR,2,POBLADO COMPLETO,1,2
04,10,03,010,041003010,NUEVA DELHI,2,POBLADO COMPLETO,1,2
04,10,03,011,041003011,QUEBRADA DE VUELTAS,3,POBLADO PARTE,1,2
04,10,04,001,041004001,SAN ANTONIO,2,POBLADO COMPLETO,1,2
04,10,04,002,041004002,CAMPO ALEGRE,2,POBLADO COMPLETO,1,2
04,10,04,004,041004004,MONTE LIRIO,1,CABECERA,1,2
04,10,04,007,041004007,SANTA CLARA ABAJO,2,POBLADO COMPLETO,1,2
04,10,04,014,041004014,SAN ANTONIO ARRIBA O CHIQUERO,2,POBLADO COMPLETO,1,2
04,10,04,015,041004015,EL VALLE DEL CENTINELA O BAJO CHITRA,2,POBLADO COMPLETO,1,2
04,10,04,017,041004017,PACORA,2,POBLADO COMPLETO,1,2
04,10,04,020,041004020,VILLA LOURDES,2,POBLADO COMPLETO,1,2
04,10,04,021,041004021,LA FUENTE,2,POBLADO COMPLETO,1,2
04,10,05,004,041005004,GUABITO,2,POBLADO COMPLETO,1,2
04,10,05,005,041005005,PLAZA CAISÁN,1,CABECERA,1,1
04,10,05,006,041005006,CAISÁN PRIMAVERA,2,POBLADO COMPLETO,1,2
04,10,05,008,041005008,EL VALLE DE LA MINA,2,POBLADO COMPLETO,1,2
04,10,05,009,041005009,EL CRUCE DE CAISÁN,2,POBLADO COMPLETO,1,2
04,10,05,011,041005011,BAJO CAISÁN,3,POBLADO PARTE,2,2
04,10,05,012,041005012,LA FILA DE CAISÁN,3,POBLADO PARTE,1,2
04,10,05,013,041005013,LAS LAGUNAS,3,POBLADO PARTE,1,2
04,10,05,014,041005014,ALTO CHIRIQUÍ,2,POBLADO COMPLETO,1,2
04,10,05,015,041005015,BAJO FILA DE CAISÁN,2,POBLADO COMPLETO,1,2
04,10,05,016,041005016,BARRILES,3,POBLADO PARTE,1,2
04,10,06,001,041006001,BAITÚN ABAJO,2,POBLADO COMPLETO,1,2
04,10,06,002,041006002,BAITÚN ARRIBA,2,POBLADO COMPLETO,1,2
04,10,06,010,041006010,LA BONITA,3,POBLADO PARTE,1,2
04,10,06,013,041006013,MAMEY ABAJO,2,POBLADO COMPLETO,1,2
04,10,06,014,041006014,MAMEY ARRIBA,2,POBLADO COMPLETO,1,2
04,10,06,016,041006016,PAVÓN ARRIBA,3,POBLADO PARTE,1,2
04,10,06,018,041006018,SALITRAL,2,POBLADO COMPLETO,1,2
04,10,06,019,041006019,SANTA CRUZ,1,CABECERA,1,2
04,10,06,023,041006023,AGUA FRÍA,2,POBLADO COMPLETO,1,2
04,10,06,026,041006026,PALMAS BELLAS,3,POBLADO PARTE,1,2
04,10,07,001,041007001,ALTO BONITO,2,POBLADO COMPLETO,1,2
04,10,07,002,041007002,BAJO CAISÁN,3,POBLADO PARTE,1,2
04,10,07,003,041007003,CAÑAS BLANCAS,2,POBLADO COMPLETO,1,2
04,10,07,004,041007004,CAÑAS BLANCAS ABAJO,2,POBLADO COMPLETO,1,2
04,10,07,005,041007005,CAÑAS BLANCAS ARRIBA,2,POBLADO COMPLETO,1,2
04,10,07,006,041007006,CAÑAS BLANCAS CENTRO,2,POBLADO COMPLETO,1,2
04,10,07,007,041007007,CERRO DE PAJA,2,POBLADO COMPLETO,1,2
04,10,07,008,041007008,DOMINICAL,1,CABECERA,1,2
04,10,07,009,041007009,LA DIVISA,2,POBLADO COMPLETO,1,2
04,10,07,010,041007010,LAS PLANURAS,2,POBLADO COMPLETO,1,2
04,10,07,011,041007011,PAVÓN ARRIBA,3,POBLADO PARTE,1,2
04,10,08,001,041008001,COTITO,3,POBLADO PARTE,1,2
04,10,08,002,041008002,PALMARITO,1,CABECERA,1,1
04,10,08,005,041008005,RÍO GUISADO ARRIBA,2,POBLADO COMPLETO,1,2
04,11,01,003,041101003,HATO DEL ROSARIO,2,POBLADO COMPLETO,1,2
04,11,01,008,041101008,LA DIVISA,2,POBLADO COMPLETO,1,2
04,11,01,012,041101012,LAS LAJAS,1,CABECERA,1,2
04,11,01,013,041101013,PLAYA JOBO O LAS LAJAS,2,POBLADO COMPLETO,1,2
04,11,01,015,041101015,RINCÓN LARGO O BUENOS AIRES,2,POBLADO COMPLETO,1,2
04,11,01,017,041101017,BOCA DE SAN FÉLIX,2,POBLADO COMPLETO,1,2
04,11,01,019,041101019,LOS DERRAMADEROS,2,POBLADO COMPLETO,1,2
04,11,01,020,041101020,HIGO MOCHO O NUEVA FLORIDA,3,POBLADO PARTE,1,2
04,11,01,021,041101021,LA PEÑA,2,POBLADO COMPLETO,2,2
04,11,01,022,041101022,LAS TRES PALMERAS,2,POBLADO COMPLETO,1,2
04,11,01,023,041101023,ENTRADA A PLAYA LAJAS,2,POBLADO COMPLETO,1,2
04,11,02,002,041102002,JUAY,2,POBLADO COMPLETO,1,2
04,11,02,003,041102003,BOCA DE QUEBRADA TIGRE,2,POBLADO COMPLETO,1,2
04,11,02,004,041102004,CACHELE,2,POBLADO COMPLETO,1,2
04,11,02,005,041102005,CERRO BRISAS,3,POBLADO PARTE,1,2
04,11,02,006,041102006,CHUMICOSO,2,POBLADO COMPLETO,1,2
04,11,02,009,041102009,JUAY O LAS MAREAS,4,CABECERA PARTE (Mixto),1,2
04,11,02,011,041102011,MANGOTE,2,POBLADO COMPLETO,1,2
04,11,02,016,041102016,JUAY ARRIBA,2,POBLADO COMPLETO,1,2
04,11,02,018,041102018,BOCA DE MACHO,3,POBLADO PARTE,1,2
04,11,02,020,041102020,FINCA MARUCCI,2,POBLADO COMPLETO,1,2
04,11,03,001,041103001,BAJO JACOY,2,POBLADO COMPLETO,1,2
04,11,03,002,041103002,HIGO MOCHO O NUEVA FLORIDA,3,POBLADO PARTE,1,2
04,11,03,003,041103003,JUAN VACA O LAS DELICIAS,2,POBLADO COMPLETO,1,2
04,11,03,004,041103004,LAJAS ADENTRO,1,CABECERA,1,2
04,11,03,005,041103005,SILIMÍN,3,POBLADO PARTE,1,2
04,11,03,006,041103006,URBANIZACIÓN EL CARRIZAL,2,POBLADO COMPLETO,1,2
04,11,04,001,041104001,LA ESMERALDA,2,POBLADO COMPLETO,1,2
04,11,04,002,041104002,GALIQUE,3,POBLADO PARTE,1,2
04,11,04,003,041104003,GUARUMO,2,POBLADO COMPLETO,1,2
04,11,04,009,041104009,SAN FÉLIX,1,CABECERA,1,1
04,11,04,010,041104010,SARDINA,2,POBLADO COMPLETO,1,2
04,11,04,011,041104011,SILIMÍN,3,POBLADO PARTE,1,2
04,11,04,012,041104012,POZOS DE GALIQUE,2,POBLADO COMPLETO,1,2
04,11,04,015,041104015,EL COROCITO,2,POBLADO COMPLETO,1,2
04,11,04,016,041104016,HATO JULÍ,3,POBLADO PARTE,1,2
04,11,04,017,041104017,OTOE,2,POBLADO COMPLETO,2,2
04,11,04,018,041104018,ENTRADA DE GUAYABAL,2,POBLADO COMPLETO,1,2
04,11,04,019,041104019,FINCA JOVANÉ,2,POBLADO COMPLETO,1,2
04,11,04,020,041104020,FINCA MÉNDEZ,2,POBLADO COMPLETO,1,2
04,11,04,021,041104021,FINCA SALDAÑA,2,POBLADO COMPLETO,1,2
04,11,04,022,041104022,BARRIADA CORONEL,2,POBLADO COMPLETO,1,2
04,11,04,023,041104023,FINCA LA ESMERALDA,2,POBLADO COMPLETO,1,2
04,11,04,024,041104024,JUAY O LAS MAREAS,3,POBLADO PARTE,1,2
04,11,04,025,041104025,KUERIMA,3,POBLADO PARTE,1,2
04,11,04,026,041104026,LOS ÁNGELES,2,POBLADO COMPLETO,1,2
04,11,04,027,041104027,SABANITAS,3,POBLADO PARTE,1,2
04,11,05,001,041105001,LA ALBINA O FINCA ARRIBA,2,POBLADO COMPLETO,2,2
04,11,05,002,041105002,LA ISLA DEL DUPÍ O FINCA LOS NEGRITOS,2,POBLADO COMPLETO,1,2
04,11,05,003,041105003,SANTA CRUZ,1,CABECERA,1,2
04,11,05,004,041105004,FINCA DEL ITALIANO,2,POBLADO COMPLETO,1,2
04,11,05,005,041105005,FINCA QUIROZCA,2,POBLADO COMPLETO,1,2
04,12,01,001,041201001,CANGREJAL,2,POBLADO COMPLETO,1,2
04,12,01,003,041201003,MARAÑÓN,2,POBLADO COMPLETO,1,2
04,12,01,004,041201004,HORCONCITOS,4,CABECERA PARTE (Mixto),1,2
04,12,01,006,041201006,LA GARITA,2,POBLADO COMPLETO,1,2
04,12,01,007,041201007,EL SALAITO,2,POBLADO COMPLETO,1,2
04,12,02,001,041202001,ISLA BOCA BRAVA,2,POBLADO COMPLETO,1,2
04,12,02,002,041202002,BOCA CHICA,1,CABECERA,1,2
04,12,02,003,041202003,CUCHARA O LAS YAYAS,2,POBLADO COMPLETO,1,2
04,12,02,004,041202004,ESTERO DE LA MONTAÑA O ABRAHAM,2,POBLADO COMPLETO,1,2
04,12,02,007,041202007,GUACALITO O FINCA GUACALITO,2,POBLADO COMPLETO,1,2
04,12,02,008,041202008,ISLA DE CEDRO,2,POBLADO COMPLETO,1,2
04,12,02,009,041202009,ISLA VENTANAS,2,POBLADO COMPLETO,1,2
04,12,02,010,041202010,PLAYA RINCÓN,2,POBLADO COMPLETO,1,2
04,12,02,012,041202012,PALENQUE,2,POBLADO COMPLETO,1,2
04,12,02,013,041202013,RESIDENCIAL OCEAN FRONT,2,POBLADO COMPLETO,1,2
04,12,02,016,041202016,PLAYA HERMOSA,2,POBLADO COMPLETO,1,2
04,12,02,017,041202017,PUNTA BOCA BRAVA O ESTERO DE LOS PERROS,2,POBLADO COMPLETO,1,2
04,12,02,020,041202020,BAJO CALABAZAL,2,POBLADO COMPLETO,1,2
04,12,02,022,041202022,PUEBLITO O MUERTITO,2,POBLADO COMPLETO,1,2
04,12,02,023,041202023,LOS BAJOS,2,POBLADO COMPLETO,1,2
04,12,02,024,041202024,ESTERO DEL BONGO,2,POBLADO COMPLETO,1,2
04,12,02,027,041202027,"PROYECTO DE REFORESTACIÓN ""PLANETA VERDE""",2,POBLADO COMPLETO,1,2
04,12,02,030,041202030,FINCA VILLALOBOS,2,POBLADO COMPLETO,1,2
04,12,02,031,041202031,GONE FISHING PANAMA RESORT,2,POBLADO COMPLETO,1,2
04,12,02,032,041202032,EL MOGOTE DE MANUEL,2,POBLADO COMPLETO,1,2
04,12,02,033,041202033,EL MOGOTE DE NICHO,2,POBLADO COMPLETO,1,2
04,12,02,034,041202034,FINCA EL PAPILLO,2,POBLADO COMPLETO,1,2
04,12,02,035,041202035,ISLA TORTA,2,POBLADO COMPLETO,1,2
04,12,02,036,041202036,LA ISLITA,2,POBLADO COMPLETO,1,2
04,12,02,037,041202037,PLAYA GAVILLA,2,POBLADO COMPLETO,1,2
04,12,02,038,041202038,PUNTA BEJUCO,2,POBLADO COMPLETO,1,2
04,12,03,001,041203001,BRAZO GRANDE DE CORRALES,2,POBLADO COMPLETO,1,2
04,12,03,002,041203002,ALAMBIQUE,2,POBLADO COMPLETO,1,2
04,12,03,004,041203004,BAJO HATO CORRALES,2,POBLADO COMPLETO,1,2
04,12,03,005,041203005,BALITA,2,POBLADO COMPLETO,1,2
04,12,03,006,041203006,BARRO BLANCO,2,POBLADO COMPLETO,1,2
04,12,03,007,041203007,BOCA DEL MONTE,1,CABECERA,1,2
04,12,03,008,041203008,BOCA DE QUEBRADA DE HACHA,3,POBLADO PARTE,1,3
04,12,03,009,041203009,BOCA DEL RÍO CHIQUITO,2,POBLADO COMPLETO,1,2
04,12,03,011,041203011,LLANO SAN MARTÍN,2,POBLADO COMPLETO,1,2
04,12,03,012,041203012,CAÑAFÍSTULO,2,POBLADO COMPLETO,1,2
04,12,03,013,041203013,CAÑAZA,2,POBLADO COMPLETO,1,2
04,12,03,016,041203016,BAJO CORRALES,2,POBLADO COMPLETO,1,2
04,12,03,018,041203018,EL GARROTE,2,POBLADO COMPLETO,1,2
04,12,03,019,041203019,EL MARÍA,2,POBLADO COMPLETO,1,2
04,12,03,021,041203021,EL PIRAL,2,POBLADO COMPLETO,1,2
04,12,03,025,041203025,JAZMÍN,2,POBLADO COMPLETO,1,2
04,12,03,028,041203028,EL RECODO,2,POBLADO COMPLETO,1,2
04,12,03,029,041203029,LA CATALINA,2,POBLADO COMPLETO,1,2
04,12,03,031,041203031,FINCA CORRALES,2,POBLADO COMPLETO,1,2
04,12,03,032,041203032,LA GUADALUPE,2,POBLADO COMPLETO,1,2
04,12,03,033,041203033,LA ISIDORA,2,POBLADO COMPLETO,1,2
04,12,03,034,041203034,LA QUEBRADITA,2,POBLADO COMPLETO,2,2
04,12,03,035,041203035,LAS HUACAS O ALTOS DE LAS HUACAS,2,POBLADO COMPLETO,1,2
04,12,03,037,041203037,LAS TRES BOCAS,2,POBLADO COMPLETO,1,2
04,12,03,038,041203038,LAS VUELTAS,2,POBLADO COMPLETO,1,2
04,12,03,039,041203039,LOS CASTILLOS,2,POBLADO COMPLETO,1,2
04,12,03,043,041203043,LLANO MARTÍN,2,POBLADO COMPLETO,1,2
04,12,03,044,041203044,MADROÑAL O LAS VUELTAS,2,POBLADO COMPLETO,1,2
04,12,03,045,041203045,PASMO,2,POBLADO COMPLETO,1,2
04,12,03,046,041203046,PASO GANADO,2,POBLADO COMPLETO,1,2
04,12,03,048,041203048,PERICO,2,POBLADO COMPLETO,1,2
04,12,03,050,041203050,PUERTO VICTORIA O LAS VUELTAS,2,POBLADO COMPLETO,1,2
04,12,03,051,041203051,RÍO CHIQUITO,2,POBLADO COMPLETO,1,2
04,12,03,052,041203052,QUEBRADA HONDA,2,POBLADO COMPLETO,1,2
04,12,03,054,041203054,SÁBALO,2,POBLADO COMPLETO,1,2
04,12,03,055,041203055,TIERRAS NEGRAS,2,POBLADO COMPLETO,1,2
04,12,03,056,041203056,ALTO CHUMICO,2,POBLADO COMPLETO,1,2
04,12,03,057,041203057,LLANO DEL NANCE,2,POBLADO COMPLETO,1,2
04,12,03,058,041203058,EL BARRERO,2,POBLADO COMPLETO,1,2
04,12,03,059,041203059,QUEBRADA GALLOTA,2,POBLADO COMPLETO,1,2
04,12,03,060,041203060,ALTO JAZMÍN,2,POBLADO COMPLETO,1,2
04,12,03,061,041203061,LLANO CECILIA,2,POBLADO COMPLETO,1,2
04,12,03,062,041203062,LA ISLA O PUERTO ESCONDIDO,2,POBLADO COMPLETO,1,2
04,12,03,064,041203064,BAJO CHORCHA,2,POBLADO COMPLETO,1,2
04,12,03,066,041203066,CABECERA DE QUEBRADA PIEDRA,3,POBLADO PARTE,2,3
04,12,03,067,041203067,CERRO PAVÓN,3,POBLADO PARTE,1,2
04,12,03,068,041203068,ALTO CORRALES,2,POBLADO COMPLETO,1,2
04,12,03,072,041203072,PLAN DE LA GALERA,3,POBLADO PARTE,1,2
04,12,03,073,041203073,QUEBRADA PITA,2,POBLADO COMPLETO,1,2
04,12,03,074,041203074,QUEBRADA HACHA,3,POBLADO PARTE,1,3
04,12,03,075,041203075,FINCA GANADERA EL SOL,2,POBLADO COMPLETO,1,2
04,12,04,006,041204006,CIENEGUITA,2,POBLADO COMPLETO,1,2
04,12,04,007,041204007,COQUILLO,2,POBLADO COMPLETO,1,2
04,12,04,009,041204009,GUINEAL,2,POBLADO COMPLETO,1,2
04,12,04,012,041204012,LA ISLETA,2,POBLADO COMPLETO,1,2
04,12,04,017,041204017,PUEBLITO,2,POBLADO COMPLETO,1,2
04,12,04,020,041204020,SAN JUAN O CERRILLOS,1,CABECERA,1,2
04,12,04,024,041204024,ZAPOTAL,2,POBLADO COMPLETO,1,2
04,12,04,034,041204034,GUINEALES,2,POBLADO COMPLETO,1,2
04,12,04,035,041204035,LOS COROTÚES,2,POBLADO COMPLETO,2,2
04,12,04,036,041204036,POTRERO DE PALMA,3,POBLADO PARTE,1,2
04,12,04,037,041204037,LA ENSENADA,2,POBLADO COMPLETO,1,2
04,12,05,002,041205002,EL RINCÓN,2,POBLADO COMPLETO,1,2
04,12,05,003,041205003,EL BURRO,2,POBLADO COMPLETO,1,2
04,12,05,004,041205004,EL JOBO,2,POBLADO COMPLETO,1,2
04,12,05,006,041205006,PLAYA NANZAL,2,POBLADO COMPLETO,1,2
04,12,05,008,041205008,ISLAS SECAS,2,POBLADO COMPLETO,1,2
04,12,05,009,041205009,LA SANA,2,POBLADO COMPLETO,1,2
04,12,05,010,041205010,LLANO HORCÓN,2,POBLADO COMPLETO,1,2
04,12,05,011,041205011,LLANO GRANDE,2,POBLADO COMPLETO,1,2
04,12,05,012,041205012,SAN ANTONIO,2,POBLADO COMPLETO,1,2
04,12,05,013,041205013,SAN LORENZO,1,CABECERA,1,2
04,12,05,015,041205015,PECES,2,POBLADO COMPLETO,1,2
04,12,05,017,041205017,CABECERA DE QUEBRADA MONITO No.2,3,POBLADO PARTE,1,2
04,12,05,019,041205019,PUEBLO NUEVO,2,POBLADO COMPLETO,1,2
04,12,05,021,041205021,"PROYECTO DE REFORESTACIÓN ""PLANETA VERDE""",2,POBLADO COMPLETO,1,2
04,12,05,022,041205022,ENTRADA DEL BURRO O FINCA EL ESPINAL,2,POBLADO COMPLETO,1,2
04,12,05,023,041205023,ENTRADA DE HORCONCITOS O CHIRA,2,POBLADO COMPLETO,1,2
04,12,05,024,041205024,FONSECA,2,POBLADO COMPLETO,1,2
04,12,05,027,041205027,FINCA ISTMEÑA,2,POBLADO COMPLETO,1,2
04,12,05,028,041205028,PLAYA ZAPOTAL,2,POBLADO COMPLETO,1,2
04,12,05,029,041205029,HORCONCITOS,3,POBLADO PARTE,1,2
04,12,05,030,041205030,BARRIADA BELÉN,2,POBLADO COMPLETO,1,2
04,12,05,031,041205031,FINCA AGROGANADERA SAN LORENZO,2,POBLADO COMPLETO,1,2
04,12,05,032,041205032,FINCA AX-ÁLVAREZ,2,POBLADO COMPLETO,1,2
04,12,05,033,041205033,TECA INTERNACIONAL,2,POBLADO COMPLETO,1,2
04,12,05,034,041205034,BARRIADA NUEVO ROCÍO,2,POBLADO COMPLETO,1,2
04,12,05,035,041205035,VILLA DORA,2,POBLADO COMPLETO,1,2
04,13,01,003,041301003,BARNIZ,2,POBLADO COMPLETO,1,2
04,13,01,008,041301008,CAÑA BLANCA,2,POBLADO COMPLETO,1,2
04,13,01,014,041301014,CHAME,2,POBLADO COMPLETO,1,2
04,13,01,017,041301017,EL COMÚN,2,POBLADO COMPLETO,1,2
04,13,01,019,041301019,GUABALÁ,2,POBLADO COMPLETO,1,2
04,13,01,020,041301020,JACUBE,2,POBLADO COMPLETO,1,2
04,13,01,022,041301022,LAS FILAS O LA FILA,2,POBLADO COMPLETO,1,2
04,13,01,023,041301023,PEÑASCAL,2,POBLADO COMPLETO,1,2
04,13,01,024,041301024,PUENTE DEL RÍO TOLÉ,2,POBLADO COMPLETO,2,2
04,13,01,026,041301026,MONTAÑUELA,2,POBLADO COMPLETO,1,2
04,13,01,036,041301036,QUEBRADA MARTA,2,POBLADO COMPLETO,1,2
04,13,01,038,041301038,RÍO ESPESO,2,POBLADO COMPLETO,1,2
04,13,01,039,041301039,RÍO SANTIAGO,2,POBLADO COMPLETO,1,2
04,13,01,042,041301042,TOLÉ,1,CABECERA,1,1
04,13,01,048,041301048,POTRERO REDONDO,2,POBLADO COMPLETO,1,2
04,13,01,052,041301052,EL BOLO,2,POBLADO COMPLETO,1,2
04,13,01,054,041301054,CERRO YUCA,2,POBLADO COMPLETO,1,2
04,13,02,001,041302001,BELLA VISTA,4,CABECERA PARTE (Mixto),1,2
04,13,02,002,041302002,BOCA DE RÍO VIGUÍ,2,POBLADO COMPLETO,1,2
04,13,02,003,041302003,DESEMBOCADURA DE ULE,2,POBLADO COMPLETO,1,2
04,13,02,004,041302004,LA COROCITA,2,POBLADO COMPLETO,1,2
04,13,02,005,041302005,LA FILA,2,POBLADO COMPLETO,1,2
04,13,02,006,041302006,SANTA ROSA,3,POBLADO PARTE,1,2
04,13,02,007,041302007,TABASARÁ,2,POBLADO COMPLETO,1,2
04,13,02,008,041302008,TABASARÁ ABAJO,2,POBLADO COMPLETO,1,2
04,13,02,009,041302009,ULE,2,POBLADO COMPLETO,1,2
04,13,02,010,041302010,QUEBRADA ARENA,2,POBLADO COMPLETO,1,2
04,13,02,011,041302011,QUEBRADA YEGUA,2,POBLADO COMPLETO,1,2
04,13,03,002,041303002,CALABACITO,3,POBLADO PARTE,1,2
04,13,03,003,041303003,CALDERÓN,2,POBLADO COMPLETO,1,2
04,13,03,004,041303004,CERRO CABALLO,3,POBLADO PARTE,1,2
04,13,03,005,041303005,CERRO GALINDO,3,POBLADO PARTE,1,2
04,13,03,007,041303007,CERRO MANGLE,3,POBLADO PARTE,1,2
04,13,03,008,041303008,CERRO PIPA O QUEBRADA ESCOBA,2,POBLADO COMPLETO,1,2
04,13,03,009,041303009,CERRO PLATA,2,POBLADO COMPLETO,1,2
04,13,03,010,041303010,CERRO REDONDO,3,POBLADO PARTE,1,2
04,13,03,011,041303011,CERRO VENADO,3,POBLADO PARTE,1,2
04,13,03,012,041303012,CERRO VIEJO No.1,1,CABECERA,1,2
04,13,03,013,041303013,QUEBRADA COMÚN,2,POBLADO COMPLETO,1,2
04,13,03,014,041303014,EL LLANO,2,POBLADO COMPLETO,1,2
04,13,03,015,041303015,EL GALLOTE,2,POBLADO COMPLETO,1,2
04,13,03,017,041303017,LLANO BONITO,2,POBLADO COMPLETO,1,2
04,13,03,018,041303018,NANCITO,3,POBLADO PARTE,1,2
04,13,03,020,041303020,PIEDRA PINTADA,3,POBLADO PARTE,1,2
04,13,03,021,041303021,QUEBRADA ARENA O VILLA ARENA,2,POBLADO COMPLETO,1,2
04,13,03,023,041303023,QUEBRADA HONDA,2,POBLADO COMPLETO,1,2
04,13,03,024,041303024,SAN MIGUEL,2,POBLADO COMPLETO,1,2
04,13,03,025,041303025,TABASARÁ ABAJO,2,POBLADO COMPLETO,1,2
04,13,03,028,041303028,LA TRINIDAD,2,POBLADO COMPLETO,1,2
04,13,03,029,041303029,EL VIGUÍ,2,POBLADO COMPLETO,1,2
04,13,03,035,041303035,ALTO DE CERRO VIEJO,3,POBLADO PARTE,1,2
04,13,03,037,041303037,CERRO BRUJO,2,POBLADO COMPLETO,1,2
04,13,03,038,041303038,CERRO IGLESIA,3,POBLADO PARTE,1,2
04,13,03,040,041303040,LOS CASTILLO,2,POBLADO COMPLETO,1,2
04,13,03,042,041303042,EL CAPACHO,2,POBLADO COMPLETO,1,2
04,13,03,043,041303043,LA ISLETA,2,POBLADO COMPLETO,1,2
04,13,03,044,041303044,NUEVA ESPERANZA,2,POBLADO COMPLETO,1,2
04,13,03,045,041303045,NUERI,3,POBLADO PARTE,1,2
04,13,04,001,041304001,BELLA VISTA,2,POBLADO COMPLETO,1,2
04,13,04,002,041304002,BAJO COROZAL,2,POBLADO COMPLETO,1,2
04,13,04,003,041304003,BAJO HONDO DE CULEBRA,2,POBLADO COMPLETO,1,2
04,13,04,004,041304004,BAJO LEÓN,2,POBLADO COMPLETO,1,2
04,13,04,005,041304005,BAJO MARAÑÓN,2,POBLADO COMPLETO,1,2
04,13,04,006,041304006,BAJO MEREGILDA,3,POBLADO PARTE,1,2
04,13,04,007,041304007,CERRO BOLLO,2,POBLADO COMPLETO,1,2
04,13,04,008,041304008,CERRO CLARÍN,2,POBLADO COMPLETO,1,2
04,13,04,009,041304009,CERRO GALLOTE,2,POBLADO COMPLETO,1,2
04,13,04,010,041304010,CERRO LA HUACA,3,POBLADO PARTE,1,2
04,13,04,012,041304012,GUAYABAL,2,POBLADO COMPLETO,1,2
04,13,04,013,041304013,LA BRAMONA,2,POBLADO COMPLETO,1,2
04,13,04,014,041304014,LLANO CULEBRA,1,CABECERA,1,2
04,13,04,015,041304015,LLANO HORCÓN,3,POBLADO PARTE,1,2
04,13,04,016,041304016,PEDREGOSA,2,POBLADO COMPLETO,1,2
04,13,04,018,041304018,TAMBOR O RUGUARIGOT,2,POBLADO COMPLETO,1,2
04,13,04,019,041304019,BAJO DE CERRO NEGRO,2,POBLADO COMPLETO,1,2
04,13,04,020,041304020,CERRO CAÑA,3,POBLADO PARTE,1,2
04,13,04,021,041304021,CERRO NEGRO,2,POBLADO COMPLETO,1,2
04,13,04,022,041304022,QUEBRADA FLECHA,3,POBLADO PARTE,1,2
04,13,05,001,041305001,ALGARROBO O NOMOGUDIESI,2,POBLADO COMPLETO,1,2
04,13,05,002,041305002,ALTO ALGARROBO,3,POBLADO PARTE,1,2
04,13,05,003,041305003,ALTO GUAYABO O MIYARIDI,3,POBLADO PARTE,1,2
04,13,05,005,041305005,BAJO SOLÍS,1,CABECERA,1,2
04,13,05,006,041305006,CERRO CHUZO,3,POBLADO PARTE,1,2
04,13,06,004,041306004,CABECERA DE RÍO ULE,2,POBLADO COMPLETO,1,2
04,13,06,005,041306005,CAÑA BLANCA DE GUABINO,2,POBLADO COMPLETO,1,2
04,13,06,006,041306006,SANTA ROSA,3,POBLADO PARTE,1,2
04,13,06,009,041306009,CHACARERO,2,POBLADO COMPLETO,1,2
04,13,06,010,041306010,EL HATO DE GUABINO,2,POBLADO COMPLETO,1,2
04,13,06,013,041306013,EL GUABINO,2,POBLADO COMPLETO,1,2
04,13,06,015,041306015,LA ALBINA,2,POBLADO COMPLETO,1,2
04,13,06,016,041306016,LAJAS DE TOLÉ,1,CABECERA,1,2
04,13,06,017,041306017,LA PINTADA,2,POBLADO COMPLETO,1,2
04,13,06,018,041306018,PEDREGOSO,2,POBLADO COMPLETO,1,2
04,13,06,020,041306020,LA GORGONA,2,POBLADO COMPLETO,1,2
04,13,06,023,041306023,QUEBRADA LAJAS,2,POBLADO COMPLETO,1,2
04,13,06,024,041306024,ULE ABAJO,2,POBLADO COMPLETO,1,2
04,13,06,026,041306026,JIBIRA,2,POBLADO COMPLETO,1,2
04,13,06,027,041306027,ALTO DE MACHO,2,POBLADO COMPLETO,1,2
04,13,06,030,041306030,ALTO DE PANAMÁ,3,POBLADO PARTE,1,2
04,13,06,031,041306031,ULE,2,POBLADO COMPLETO,1,2
04,13,07,001,041307001,CERRO ARMADO,3,POBLADO PARTE,1,2
04,13,07,002,041307002,CERRO CABALLO,2,POBLADO COMPLETO,1,2
04,13,07,005,041307005,CERRO VACA,2,POBLADO COMPLETO,1,2
04,13,07,009,041307009,POTRERO DE CAÑA,3,POBLADO PARTE,1,2
04,13,07,011,041307011,QUEBRADA CAÑA,2,POBLADO COMPLETO,1,2
04,13,07,015,041307015,CERRO SOMBRERO,3,POBLADO PARTE,1,2
04,13,07,017,041307017,SAN ANTONIO,2,POBLADO COMPLETO,1,2
04,13,07,021,041307021,GUAYABAL,3,POBLADO PARTE,1,2
04,13,07,022,041307022,ALTO CABALLERO,3,POBLADO PARTE,1,2
04,13,07,023,041307023,BUENOS AIRES,4,CABECERA PARTE (Mixto),1,2
04,13,07,025,041307025,QUEBRADA ESCOBA,2,POBLADO COMPLETO,1,2
04,13,07,026,041307026,QUEBRADA LORO,3,POBLADO PARTE,1,2
04,13,08,002,041308002,ALTO DE PANAMÁ,3,POBLADO PARTE,1,2
04,13,08,003,041308003,ALTO LAGUNA,2,POBLADO COMPLETO,1,2
04,13,08,005,041308005,CAMARÓN,2,POBLADO COMPLETO,1,2
04,13,08,008,041308008,MAMEY,2,POBLADO COMPLETO,1,2
04,13,08,009,041308009,EL MORRO NEGRITO O MORRO NEGRO,2,POBLADO COMPLETO,1,2
04,13,08,011,041308011,LA ARENA,2,POBLADO COMPLETO,1,2
04,13,08,017,041308017,ISLA GATO,2,POBLADO COMPLETO,2,2
04,13,08,018,041308018,MORRO NARANJO,2,POBLADO COMPLETO,1,2
04,13,08,019,041308019,NATÁ DE TOLÉ,2,POBLADO COMPLETO,1,2
04,13,08,020,041308020,PELÓN,2,POBLADO COMPLETO,1,2
04,13,08,021,041308021,QUEBRADA DE PIEDRA,1,CABECERA,1,2
04,13,08,024,041308024,TINTA ABAJO,2,POBLADO COMPLETO,1,2
04,13,08,025,041308025,TINTA ARRIBA,2,POBLADO COMPLETO,1,2
04,13,08,026,041308026,YURRE,2,POBLADO COMPLETO,1,2
04,13,08,027,041308027,TRES HERMANOS,2,POBLADO COMPLETO,1,2
04,13,08,028,041308028,NIGUIYAL,2,POBLADO COMPLETO,1,2
04,13,08,029,041308029,LA PORCADA,2,POBLADO COMPLETO,1,2
04,13,08,030,041308030,ISLA CONEJO,2,POBLADO COMPLETO,1,2
04,13,08,031,041308031,LA POPA,2,POBLADO COMPLETO,1,2
04,13,08,032,041308032,ISLA SILVA AFUERA,2,POBLADO COMPLETO,1,2
04,13,08,033,041308033,ISLA SILVA ADENTRO,2,POBLADO COMPLETO,1,2
04,13,09,002,041309002,ALTO LA ARENA,2,POBLADO COMPLETO,1,2
04,13,09,003,041309003,BELLA VISTA,3,POBLADO PARTE,1,2
04,13,09,004,041309004,BUENOS AIRES O CERRO CHATO,2,POBLADO COMPLETO,1,2
04,13,09,006,041309006,CUVÍBORA,2,POBLADO COMPLETO,1,2
04,13,09,007,041309007,EL RETIRO,2,POBLADO COMPLETO,1,2
04,13,09,010,041309010,RINCÓN MORO,3,POBLADO PARTE,1,2
04,13,09,011,041309011,VELADERO,1,CABECERA,1,1
04,13,09,012,041309012,MONTE SILENCIO,2,POBLADO COMPLETO,1,2
04,13,09,013,041309013,CABECERA DE QUEBRADA GRANDE,2,POBLADO COMPLETO,2,2
04,14,01,004,041401004,BARRILES,3,POBLADO PARTE,1,2
04,14,01,005,041401005,BIJAO,3,POBLADO PARTE,1,2
04,14,01,006,041401006,BRAZOS DE GARICHÉ,2,POBLADO COMPLETO,1,2
04,14,01,009,041401009,CERRO GORDO,2,POBLADO COMPLETO,1,2
04,14,01,013,041401013,LOS PINOS,3,POBLADO PARTE,1,2
04,14,01,014,041401014,LAS LAGUNAS,3,POBLADO PARTE,1,2
04,14,01,015,041401015,LAS VUELTAS,3,POBLADO PARTE,1,2
04,14,01,019,041401019,MAGUE,3,POBLADO PARTE,1,2
04,14,01,024,041401024,QUEBRADA DE AGUA,3,POBLADO PARTE,1,2
04,14,01,025,041401025,QUEBRADA ARENA,2,POBLADO COMPLETO,1,2
04,14,01,028,041401028,VOLCÁN,4,CABECERA PARTE (Mixto),1,1
04,14,01,029,041401029,MIRADOR,2,POBLADO COMPLETO,1,2
04,14,01,034,041401034,FINCA CEBA,2,POBLADO COMPLETO,1,2
04,14,01,036,041401036,OJO DE AGUA,2,POBLADO COMPLETO,1,2
04,14,01,042,041401042,FINCA GUARDIA,2,POBLADO COMPLETO,1,2
04,14,01,046,041401046,LAGUNA CHICA,2,POBLADO COMPLETO,1,2
04,14,01,047,041401047,LAS HUACAS,2,POBLADO COMPLETO,2,2
04,14,01,048,041401048,LA LAGUNA,2,POBLADO COMPLETO,1,2
04,14,01,051,041401051,BELLA VISTA,3,POBLADO PARTE,1,2
04,14,02,001,041402001,BAJO GRANDE,2,POBLADO COMPLETO,1,2
04,14,02,003,041402003,BARRIO GUADALUPE,2,POBLADO COMPLETO,1,2
04,14,02,004,041402004,CERRO PUNTA,1,CABECERA,1,1
04,14,02,005,041402005,ALTO PINEDA,2,POBLADO COMPLETO,1,2
04,14,02,007,041402007,EL DESIERTO,2,POBLADO COMPLETO,1,2
04,14,02,008,041402008,ENTRE RÍOS,2,POBLADO COMPLETO,1,2
04,14,02,009,041402009,LA FILIPINA,2,POBLADO COMPLETO,1,2
04,14,02,010,041402010,LA GARITA,2,POBLADO COMPLETO,1,2
04,14,02,011,041402011,LAS MIRANDAS O ALTO LAS NUBES,2,POBLADO COMPLETO,1,2
04,14,02,012,041402012,LAS NUBES,2,POBLADO COMPLETO,1,2
04,14,02,013,041402013,MONTE AZUL O LA MONTAÑA,2,POBLADO COMPLETO,1,2
04,14,02,014,041402014,NUEVA SUIZA,3,POBLADO PARTE,1,2
04,14,02,020,041402020,LAS CUMBRES,2,POBLADO COMPLETO,1,2
04,14,02,021,041402021,LOS GONZÁLEZ O VIETNAM,2,POBLADO COMPLETO,1,2
04,14,02,023,041402023,ALTO DE GUADALUPE,2,POBLADO COMPLETO,1,2
04,14,02,029,041402029,LA AMENAZA,3,POBLADO PARTE,1,2
04,14,03,001,041403001,BIJAO,3,POBLADO PARTE,1,2
04,14,03,002,041403002,BUENA VISTA ARRIBA,3,POBLADO PARTE,1,2
04,14,03,003,041403003,CUESTA DE PIEDRA,1,CABECERA,1,2
04,14,03,004,041403004,ESCARREA,2,POBLADO COMPLETO,1,2
04,14,03,005,041403005,LA PLANTA,2,POBLADO COMPLETO,1,2
04,14,03,006,041403006,LOS PINOS,3,POBLADO PARTE,1,2
04,14,03,007,041403007,MACHO DE MONTE,2,POBLADO COMPLETO,1,2
04,14,03,008,041403008,QUEBRADA DE AGUA,3,POBLADO PARTE,1,2
04,14,04,001,041404001,ALTO TISINGAL,2,POBLADO COMPLETO,1,2
04,14,04,003,041404003,BARRILES,3,POBLADO PARTE,1,2
04,14,04,004,041404004,COLORADO,2,POBLADO COMPLETO,1,2
04,14,04,005,041404005,COTITO,3,POBLADO PARTE,1,2
04,14,04,006,041404006,COTITO No.2,2,POBLADO COMPLETO,1,2
04,14,04,007,041404007,FINCA CARMEN ESTATE COFFE,2,POBLADO COMPLETO,1,2
04,14,04,008,041404008,FINCA EL PALOMAR,2,POBLADO COMPLETO,1,2
04,14,04,009,041404009,FINCA LA FLORENTINA,2,POBLADO COMPLETO,1,2
04,14,04,010,041404010,FINCA LOS CANTARES,2,POBLADO COMPLETO,1,2
04,14,04,011,041404011,FINCA PAULO VARGAS,2,POBLADO COMPLETO,1,2
04,14,04,012,041404012,FINCA SAN ISIDRO,2,POBLADO COMPLETO,1,2
04,14,04,013,041404013,LA FILA DE CAISÁN,3,POBLADO PARTE,1,2
04,14,04,014,041404014,LOS POZOS,2,POBLADO COMPLETO,1,2
04,14,04,015,041404015,MAGUE,3,POBLADO PARTE,1,2
04,14,04,016,041404016,PALO SANTO,2,POBLADO COMPLETO,1,2
04,14,04,017,041404017,SILLA DE PANDO,2,POBLADO COMPLETO,1,2
04,14,04,018,041404018,TISINGAL,2,POBLADO COMPLETO,1,2
04,14,04,019,041404019,VOLCÁN,3,POBLADO PARTE,1,1
04,14,04,020,041404020,AGUA BLANCA,2,POBLADO COMPLETO,1,2
04,14,05,001,041405001,ALTO LOS GUERRAS,2,POBLADO COMPLETO,1,2
04,14,05,002,041405002,ALTO LOS RUBIOS,2,POBLADO COMPLETO,1,2
04,14,05,003,041405003,ALTO TRIBALDO,2,POBLADO COMPLETO,1,2
04,14,05,004,041405004,BAMBITO,2,POBLADO COMPLETO,1,2
04,14,05,006,041405006,EL MIRADOR,2,POBLADO COMPLETO,1,2
04,14,05,007,041405007,FINCA BERARD,2,POBLADO COMPLETO,1,2
04,14,05,009,041405009,FINCA LOS BELTRÁN,2,POBLADO COMPLETO,1,2
04,14,05,010,041405010,LA AMENAZA,3,POBLADO PARTE,1,2
04,14,05,011,041405011,NUEVA SUIZA,3,POBLADO PARTE,1,2
04,14,05,013,041405013,PASO ANCHO,1,CABECERA,1,1
05,01,01,002,050101002,AGUADILLITA,2,POBLADO COMPLETO,2,2
05,01,01,003,050101003,BAJO CHIQUITO,2,POBLADO COMPLETO,1,2
05,01,01,030,050101030,EL ENCANTO,2,POBLADO COMPLETO,1,2
05,01,01,041,050101041,LA CHUSCADA,2,POBLADO COMPLETO,1,2
05,01,01,045,050101045,LA MONEDA O RESERVA PUNTA PATIÑO,2,POBLADO COMPLETO,1,2
05,01,01,047,050101047,LA PALMA,1,CABECERA,1,1
05,01,01,048,050101048,PUNULOSA,2,POBLADO COMPLETO,1,2
05,01,01,060,050101060,MOGOCÉNEGA,2,POBLADO COMPLETO,1,2
05,01,01,061,050101061,MOGUE,2,POBLADO COMPLETO,1,2
05,01,01,068,050101068,PERRECÉNEGA,2,POBLADO COMPLETO,1,2
05,01,01,072,050101072,PLAYA GRANDE,2,POBLADO COMPLETO,1,2
05,01,01,073,050101073,AGUA BENDITA,2,POBLADO COMPLETO,1,2
05,01,01,075,050101075,PUNTA ALEGRE,2,POBLADO COMPLETO,1,2
05,01,01,202,050101202,LAS MERCEDES,2,POBLADO COMPLETO,1,2
05,01,01,203,050101203,NUEVO PARITILLA,2,POBLADO COMPLETO,1,2
05,01,01,205,050101205,SENÓN,2,POBLADO COMPLETO,1,2
05,01,01,206,050101206,EL CABIMA,2,POBLADO COMPLETO,1,2
05,01,01,211,050101211,ARIZAL,2,POBLADO COMPLETO,1,2
05,01,01,212,050101212,MIRAFLORES,2,POBLADO COMPLETO,1,2
05,01,01,224,050101224,LA QUEBRADA,2,POBLADO COMPLETO,1,2
05,01,01,227,050101227,LOS CATIVOS,2,POBLADO COMPLETO,1,2
05,01,01,228,050101228,BUENA VISTA,2,POBLADO COMPLETO,1,2
05,01,01,237,050101237,LA PLAYITA,2,POBLADO COMPLETO,1,2
05,01,01,252,050101252,AGUADILLA,2,POBLADO COMPLETO,2,2
05,01,01,254,050101254,BERRENIA,2,POBLADO COMPLETO,1,2
05,01,01,256,050101256,DOS DE ENERO,2,POBLADO COMPLETO,1,2
05,01,01,258,050101258,EL MIRADOR,2,POBLADO COMPLETO,1,2
05,01,01,261,050101261,LA INDIA,2,POBLADO COMPLETO,1,2
05,01,01,262,050101262,LLANO BONITO O BAJO BONITO,2,POBLADO COMPLETO,1,2
05,01,01,263,050101263,MOGOCÉNEGA ARRIBA,2,POBLADO COMPLETO,1,2
05,01,01,266,050101266,PUNTA DE ROQUE O PUNTA ROCERO,2,POBLADO COMPLETO,1,2
05,01,01,267,050101267,QUEBRADA CAÑA,2,POBLADO COMPLETO,1,2
05,01,01,268,050101268,BARRIADA SAN JOSÉ,2,POBLADO COMPLETO,1,2
05,01,01,269,050101269,VILLA JUANA,2,POBLADO COMPLETO,2,2
05,01,01,270,050101270,MONTE LIRIO,2,POBLADO COMPLETO,1,2
05,01,01,271,050101271,LAS PALMITAS O VISTA ALEGRE,2,POBLADO COMPLETO,1,2
05,01,01,272,050101272,BELLA ISLA,2,POBLADO COMPLETO,1,2
05,01,01,273,050101273,DOS BOCAS,2,POBLADO COMPLETO,1,2
05,01,01,276,050101276,EL ISLOTE,2,POBLADO COMPLETO,1,2
05,01,01,277,050101277,LA ISLA,2,POBLADO COMPLETO,2,2
05,01,01,278,050101278,EL PIXVAE O EL PIFÁ,3,POBLADO PARTE,1,2
05,01,01,279,050101279,PUNTITA ABAJO,2,POBLADO COMPLETO,2,2
05,01,02,003,050102003,CAMOGANTÍ,1,CABECERA,1,2
05,01,02,037,050102037,EL ESFUERZO,2,POBLADO COMPLETO,1,2
05,01,02,039,050102039,LAS CUMBRES,2,POBLADO COMPLETO,2,2
05,01,02,041,050102041,LOS CINCO HERMANOS,2,POBLADO COMPLETO,1,2
05,01,02,044,050102044,AGUA CALIENTE,2,POBLADO COMPLETO,1,2
05,01,02,045,050102045,PIJIBASAL,3,POBLADO PARTE,1,2
05,01,02,047,050102047,CALLE LARGA,2,POBLADO COMPLETO,1,2
05,01,02,048,050102048,EL BACAO,2,POBLADO COMPLETO,1,2
05,01,02,049,050102049,EL PALO,3,POBLADO PARTE,1,2
05,01,02,050,050102050,NARANJAL,3,POBLADO PARTE,1,2
05,01,02,051,050102051,QUEBRADA BONITA,2,POBLADO COMPLETO,1,2
05,01,03,002,050103002,CHEPIGANA,1,CABECERA,1,2
05,01,03,006,050103006,LOS MOGOTES,2,POBLADO COMPLETO,2,2
05,01,03,008,050103008,PIMIENTA,2,POBLADO COMPLETO,1,2
05,01,03,009,050103009,RÍO BAGRE O MAREA,2,POBLADO COMPLETO,1,2
05,01,03,010,050103010,QUEBRADA BREA,2,POBLADO COMPLETO,2,2
05,01,03,023,050103023,RÍO COLORADO,2,POBLADO COMPLETO,1,2
05,01,03,024,050103024,RÍO COLORADO ARRIBA,2,POBLADO COMPLETO,1,2
05,01,03,025,050103025,LA NUPA,2,POBLADO COMPLETO,1,2
05,01,03,027,050103027,ALDEA EMBERÁ,2,POBLADO COMPLETO,1,2
05,01,03,032,050103032,QUEBRADA GRANDE,2,POBLADO COMPLETO,1,2
05,01,03,034,050103034,COCOBOLO,2,POBLADO COMPLETO,1,2
05,01,03,035,050103035,TUTUMATE,2,POBLADO COMPLETO,1,2
05,01,03,045,050103045,BARRO COLORADO,2,POBLADO COMPLETO,1,2
05,01,03,046,050103046,QUEBRADA DEL MEDIO No.2,2,POBLADO COMPLETO,1,2
05,01,03,047,050103047,SAÍNA,2,POBLADO COMPLETO,1,2
05,01,03,048,050103048,CALZADA LARGA,2,POBLADO COMPLETO,1,2
05,01,03,049,050103049,CALLE GANTÍ,2,POBLADO COMPLETO,1,2
05,01,03,051,050103051,SOL PONIENTE,2,POBLADO COMPLETO,1,2
05,01,04,001,050104001,BONGUITO,2,POBLADO COMPLETO,2,2
05,01,04,002,050104002,CALLE LARGA,2,POBLADO COMPLETO,1,2
05,01,04,006,050104006,TOTUMO,2,POBLADO COMPLETO,1,2
05,01,04,007,050104007,GARACHINÉ,1,CABECERA,1,2
05,01,04,008,050104008,JESUSITO O RÍO DE JESUS,2,POBLADO COMPLETO,1,2
05,01,04,009,050104009,LA HONDA O QUEBRADA HONDA,2,POBLADO COMPLETO,1,2
05,01,04,011,050104011,LA RAÍZ,2,POBLADO COMPLETO,1,2
05,01,04,013,050104013,SAN MIGUELITO,2,POBLADO COMPLETO,1,2
05,01,04,014,050104014,LOS TABLONES,2,POBLADO COMPLETO,1,2
05,01,04,015,050104015,ATALAYA,2,POBLADO COMPLETO,1,2
05,01,04,016,050104016,MOMPO O BELLA VISTA,2,POBLADO COMPLETO,1,2
05,01,04,017,050104017,PINOGUILLA,2,POBLADO COMPLETO,1,2
05,01,04,018,050104018,QUEBRADA BARBUDERO,2,POBLADO COMPLETO,1,2
05,01,04,020,050104020,SAN ANTONIO,2,POBLADO COMPLETO,1,2
05,01,04,021,050104021,SAN MIGUEL,2,POBLADO COMPLETO,1,2
05,01,04,022,050104022,SANTA BÁRBARA,2,POBLADO COMPLETO,1,2
05,01,04,024,050104024,NARANJAL,2,POBLADO COMPLETO,1,2
05,01,04,025,050104025,PAPAYAL,2,POBLADO COMPLETO,1,2
05,01,04,031,050104031,CELORIO ARRIBA,2,POBLADO COMPLETO,1,2
05,01,04,032,050104032,CELORIO,2,POBLADO COMPLETO,1,2
05,01,04,034,050104034,CABECERA DE LA SUERTE,2,POBLADO COMPLETO,1,2
05,01,04,035,050104035,CERRO NAIPE,2,POBLADO COMPLETO,1,2
05,01,04,036,050104036,RÍO JESUSITO,2,POBLADO COMPLETO,1,2
05,01,04,038,050104038,CABECERA DE ALTO DE JESÚS,3,POBLADO PARTE,1,2
05,01,04,039,050104039,QUEBRADA BEDOYA,2,POBLADO COMPLETO,1,2
05,01,04,040,050104040,QUEBRADA COROTÚ,2,POBLADO COMPLETO,1,2
05,01,05,004,050105004,BIROQUERÁ,2,POBLADO COMPLETO,1,2
05,01,05,013,050105013,COCALITO,2,POBLADO COMPLETO,1,2
05,01,05,015,050105015,COROTÚ O VILLA NUEVA,2,POBLADO COMPLETO,1,2
05,01,05,016,050105016,CHADO,2,POBLADO COMPLETO,1,2
05,01,05,021,050105021,EL COCO,2,POBLADO COMPLETO,1,2
05,01,05,023,050105023,ESPAVERAL O QUEBRADA ESPAVERAL,2,POBLADO COMPLETO,1,2
05,01,05,024,050105024,EL MAMEY,2,POBLADO COMPLETO,1,2
05,01,05,025,050105025,EL TIGRE,2,POBLADO COMPLETO,2,2
05,01,05,027,050105027,ICACAL,2,POBLADO COMPLETO,1,2
05,01,05,030,050105030,JAQUÉ,1,CABECERA,1,2
05,01,05,032,050105032,QUEBRADA JIRA,2,POBLADO COMPLETO,1,2
05,01,05,035,050105035,LA PEÑITA,2,POBLADO COMPLETO,1,2
05,01,05,037,050105037,LUCAS,2,POBLADO COMPLETO,1,2
05,01,05,046,050105046,QUEBRADA AGUACATE,2,POBLADO COMPLETO,1,2
05,01,05,050,050105050,TORTADO,2,POBLADO COMPLETO,1,2
05,01,05,051,050105051,ZANCUDERO,2,POBLADO COMPLETO,1,2
05,01,05,058,050105058,ANVURADO,2,POBLADO COMPLETO,2,2
05,01,05,062,050105062,LLANO BONITO,2,POBLADO COMPLETO,1,2
05,01,05,063,050105063,VALLE ALEGRE O BARRANCÓN,2,POBLADO COMPLETO,1,2
05,01,05,068,050105068,LIMÓN O LOS PEREA,2,POBLADO COMPLETO,1,2
05,01,05,070,050105070,GUAYABITO,2,POBLADO COMPLETO,1,2
05,01,05,071,050105071,LUCIANO,2,POBLADO COMPLETO,1,2
05,01,05,072,050105072,NARANJAL,2,POBLADO COMPLETO,1,2
05,01,05,076,050105076,QUEBRADA MERMEJA O BUENA VISTA,2,POBLADO COMPLETO,1,2
05,01,05,078,050105078,RÍO PAVARANDO,2,POBLADO COMPLETO,1,2
05,01,05,082,050105082,PUNTA CERRITO,2,POBLADO COMPLETO,1,2
05,01,05,083,050105083,CHORRO,2,POBLADO COMPLETO,1,2
05,01,06,001,050106001,ACEITE,2,POBLADO COMPLETO,1,2
05,01,06,002,050106002,CASA VIEJA,2,POBLADO COMPLETO,1,2
05,01,06,003,050106003,TROPIC STAR LODGE O EL MOLINO,2,POBLADO COMPLETO,1,2
05,01,06,005,050106005,PLAYA DE MUERTO,2,POBLADO COMPLETO,1,2
05,01,06,006,050106006,PUERTO PIÑA,1,CABECERA,1,2
05,01,06,015,050106015,QUEBRADA CAMARÓN,2,POBLADO COMPLETO,1,2
05,01,06,016,050106016,JUAN DOMINGO,2,POBLADO COMPLETO,1,2
05,01,06,023,050106023,RÍO PIÑA O QUEBRADA ROBERTO,2,POBLADO COMPLETO,2,2
05,01,06,024,050106024,CAUCHALES,2,POBLADO COMPLETO,1,2
05,01,06,025,050106025,CAMARÓN,2,POBLADO COMPLETO,1,2
05,01,06,026,050106026,CHARCO,2,POBLADO COMPLETO,1,2
05,01,06,027,050106027,EL PARAÍSO,2,POBLADO COMPLETO,1,2
05,01,06,028,050106028,CAMARÓN No.2,2,POBLADO COMPLETO,2,2
05,01,06,029,050106029,CARACOL,2,POBLADO COMPLETO,1,2
05,01,09,008,050109008,SAMBÚ,1,CABECERA,1,2
05,01,09,016,050109016,EL SALTO,2,POBLADO COMPLETO,1,2
05,01,09,020,050109020,LA COLONIA DEL VALLE DE BIJAGUAL,2,POBLADO COMPLETO,1,2
05,01,09,051,050109051,BIJAGUAL,2,POBLADO COMPLETO,2,2
05,01,09,053,050109053,BELLA VISTA,2,POBLADO COMPLETO,1,2
05,01,09,054,050109054,BOCA DE NAGÜALA,3,POBLADO PARTE,1,2
05,01,10,002,050110002,CARA MUNIO,2,POBLADO COMPLETO,1,2
05,01,10,003,050110003,EL BONGO,2,POBLADO COMPLETO,1,2
05,01,10,004,050110004,JOSÉ PAGANTI,2,POBLADO COMPLETO,1,2
05,01,10,005,050110005,JUNCALITO,2,POBLADO COMPLETO,1,2
05,01,10,008,050110008,QUINTÍN,2,POBLADO COMPLETO,1,2
05,01,10,009,050110009,SETEGANTÍ,1,CABECERA,1,2
05,01,10,013,050110013,LA NUPITA,2,POBLADO COMPLETO,1,2
05,01,10,014,050110014,URUGANTÍ,2,POBLADO COMPLETO,1,2
05,01,10,019,050110019,ZUMBADOR,2,POBLADO COMPLETO,1,2
05,01,10,024,050110024,EL BAJO,2,POBLADO COMPLETO,1,2
05,01,10,026,050110026,CABECERA DE URUGANTÍ,2,POBLADO COMPLETO,2,2
05,01,10,027,050110027,EL CAOBA,2,POBLADO COMPLETO,1,2
05,01,10,028,050110028,ESTIONAL,2,POBLADO COMPLETO,1,2
05,01,10,029,050110029,LA GIRA,2,POBLADO COMPLETO,1,2
05,01,10,030,050110030,LOS PAISAS,2,POBLADO COMPLETO,1,2
05,01,10,031,050110031,MEMBRILLO,2,POBLADO COMPLETO,1,2
05,01,10,032,050110032,QUEBRADA NUPITA,2,POBLADO COMPLETO,1,2
05,01,10,033,050110033,SANTA ISABEL,2,POBLADO COMPLETO,1,2
05,01,10,034,050110034,SANTA RITA,2,POBLADO COMPLETO,1,2
05,01,11,003,050111003,GUAGARAL,2,POBLADO COMPLETO,2,2
05,01,11,004,050111004,LA CHUNGA,3,POBLADO PARTE,1,2
05,01,11,008,050111008,MANUEL DÍAZ,2,POBLADO COMPLETO,2,2
05,01,11,010,050111010,PUEBLO NUEVO O TAIMATÍ,1,CABECERA,1,2
05,01,11,013,050111013,CÉMACO O WOUNAM,2,POBLADO COMPLETO,1,2
05,01,11,014,050111014,CAUCHO,2,POBLADO COMPLETO,2,2
05,01,11,018,050111018,LA CHUNGUITA,2,POBLADO COMPLETO,2,2
05,01,11,019,050111019,CANGLÓN,2,POBLADO COMPLETO,1,2
05,01,11,020,050111020,CAPENA O EL SALAO,2,POBLADO COMPLETO,1,2
05,01,11,022,050111022,QUEBRADA GARCÍA,2,POBLADO COMPLETO,1,2
05,01,12,003,050112003,BOCA DE SÁBALO,2,POBLADO COMPLETO,2,2
05,01,12,005,050112005,BOCA DE URUGANTÍ,2,POBLADO COMPLETO,1,2
05,01,12,012,050112012,CHULETÍ,2,POBLADO COMPLETO,1,2
05,01,12,013,050112013,CHUMURUCUATE,2,POBLADO COMPLETO,1,2
05,01,12,018,050112018,EL PALO,3,POBLADO PARTE,1,2
05,01,12,022,050112022,LA CALETA,2,POBLADO COMPLETO,2,2
05,01,12,029,050112029,MANENÉ,2,POBLADO COMPLETO,1,2
05,01,12,038,050112038,QUEBRADA CONEJO,2,POBLADO COMPLETO,2,2
05,01,12,042,050112042,RÍO URUGANTICITO,2,POBLADO COMPLETO,2,2
05,01,12,045,050112045,SANTO DOMINGO,2,POBLADO COMPLETO,1,2
05,01,12,050,050112050,TUCUTÍ,1,CABECERA,1,2
05,01,12,067,050112067,GALILEA,2,POBLADO COMPLETO,1,2
05,01,12,068,050112068,PUEBLO NUEVO O MAPUCHICA,2,POBLADO COMPLETO,1,2
05,01,12,072,050112072,VUELTA EL TAMARINDO,2,POBLADO COMPLETO,1,2
05,01,12,074,050112074,BUENOS AIRES O MANUCA,2,POBLADO COMPLETO,1,2
05,01,12,076,050112076,LLANO BONITO O CARACUCHAL,2,POBLADO COMPLETO,1,2
05,01,12,078,050112078,NARANJAL,3,POBLADO PARTE,2,2
05,01,12,080,050112080,MARÍA ANTONIA,2,POBLADO COMPLETO,2,2
05,01,12,086,050112086,BOCA DE TUTUMATE,2,POBLADO COMPLETO,2,2
05,01,12,094,050112094,CAPITANA,2,POBLADO COMPLETO,1,2
05,01,12,095,050112095,EL BONGO,2,POBLADO COMPLETO,1,2
05,01,12,096,050112096,PIHUILA,2,POBLADO COMPLETO,2,2
05,01,12,099,050112099,PAIRA,2,POBLADO COMPLETO,1,2
05,01,12,100,050112100,PECHITO PARAO,2,POBLADO COMPLETO,2,2
05,01,12,101,050112101,RÍO BALSAS,2,POBLADO COMPLETO,2,2
05,01,12,103,050112103,BELLA VISTA,2,POBLADO COMPLETO,1,2
05,02,01,001,050201001,EL REAL DE SANTA MARÍA,1,CABECERA,1,2
05,02,01,002,050201002,EL ROMPÍO,2,POBLADO COMPLETO,2,2
05,02,01,007,050201007,PIRRE No.1,2,POBLADO COMPLETO,1,2
05,02,01,010,050201010,URRUTÍ,3,POBLADO PARTE,1,2
05,02,01,011,050201011,MACHO SOLO,3,POBLADO PARTE,1,2
05,02,01,013,050201013,I.M.A. O EL MERCADEO,2,POBLADO COMPLETO,1,2
05,02,01,019,050201019,GUANACATÍ,2,POBLADO COMPLETO,1,2
05,02,01,022,050201022,PIJIBASAL,3,POBLADO PARTE,1,2
05,02,01,024,050201024,PIRRE No.2,2,POBLADO COMPLETO,1,2
05,02,01,026,050201026,LA PALA,2,POBLADO COMPLETO,1,2
05,02,01,028,050201028,EL COMANDA,2,POBLADO COMPLETO,1,2
05,02,01,031,050201031,EL CANAL O LA BOMBA,2,POBLADO COMPLETO,1,2
05,02,01,036,050201036,URUSECA,2,POBLADO COMPLETO,1,2
05,02,02,001,050202001,BAJO GRANDE,2,POBLADO COMPLETO,1,2
05,02,02,002,050202002,BOCA DE CUPÉ,1,CABECERA,1,2
05,02,02,004,050202004,EL BALSAL,2,POBLADO COMPLETO,1,2
05,02,02,011,050202011,BAJO LEPE,2,POBLADO COMPLETO,1,2
05,02,02,018,050202018,CHUPANUNO,2,POBLADO COMPLETO,1,2
05,02,02,029,050202029,QUEBRADA LIMÓN,3,POBLADO PARTE,1,2
05,02,02,030,050202030,KAMUAKIRO,2,POBLADO COMPLETO,1,2
05,02,02,032,050202032,LOMA NARANJA,2,POBLADO COMPLETO,1,2
05,02,02,035,050202035,BOCA DE LEPE,2,POBLADO COMPLETO,1,2
05,02,02,036,050202036,EL TAMARINDO,2,POBLADO COMPLETO,1,2
05,02,02,037,050202037,MI PUEBLITO,2,POBLADO COMPLETO,1,2
05,02,02,038,050202038,QUEBRADA GRANDE,2,POBLADO COMPLETO,2,2
05,02,02,039,050202039,QUEBRADA HONDA,2,POBLADO COMPLETO,2,2
05,02,02,041,050202041,QUEBRADA CRUZA MONO,2,POBLADO COMPLETO,1,2
05,02,03,001,050203001,SOBIAQUIRÚA,2,POBLADO COMPLETO,1,2
05,02,03,006,050203006,QUEBRADA LIMÓN,3,POBLADO PARTE,1,2
05,02,03,007,050203007,MATURGANTÍ O MATUGANTÍ,2,POBLADO COMPLETO,1,2
05,02,03,008,050203008,PAYA,1,CABECERA,1,2
05,02,03,016,050203016,BOCA DE CUBE,2,POBLADO COMPLETO,2,2
05,02,03,028,050203028,CORTITICA,2,POBLADO COMPLETO,1,2
05,02,03,031,050203031,EL ALGARROBO,2,POBLADO COMPLETO,2,2
05,02,04,002,050204002,CALLE LARGA,3,POBLADO PARTE,1,2
05,02,04,005,050204005,CHUPERTÍ,2,POBLADO COMPLETO,1,2
05,02,04,010,050204010,PINOGANA,4,CABECERA PARTE (Mixto),1,2
05,02,04,014,050204014,URRUTÍ,3,POBLADO PARTE,1,2
05,02,04,015,050204015,COROZAL O COROZALES,3,POBLADO PARTE,1,2
05,02,04,016,050204016,QUEBRADA HONDA,2,POBLADO COMPLETO,1,2
05,02,05,005,050205005,REVERSA PAVA,2,POBLADO COMPLETO,1,2
05,02,05,006,050205006,CHARCO DE PEJE O CAMOTE,2,POBLADO COMPLETO,1,2
05,02,05,007,050205007,PÚCURO,1,CABECERA,1,2
05,02,05,010,050205010,LOMA LARGA,2,POBLADO COMPLETO,2,2
05,02,05,012,050205012,BOCA DE TOLOCUA,2,POBLADO COMPLETO,1,2
05,02,05,014,050205014,DOS HERMANAS,2,POBLADO COMPLETO,1,2
05,02,05,018,050205018,MARÍA REYES,2,POBLADO COMPLETO,2,2
05,02,06,002,050206002,BOCA DE ARUZA,2,POBLADO COMPLETO,1,2
05,02,06,006,050206006,CALLE DE ORO,3,POBLADO PARTE,1,2
05,02,06,045,050206045,ARUZA,1,CABECERA,1,2
05,02,06,047,050206047,BARRANCO PELAO,2,POBLADO COMPLETO,1,2
05,02,07,012,050207012,PUEBLO NUEVO,2,POBLADO COMPLETO,1,2
05,02,07,019,050207019,CALLE LARGA,3,POBLADO PARTE,1,2
05,02,07,030,050207030,CHURUPAQUETE,2,POBLADO COMPLETO,1,2
05,02,07,032,050207032,QUEBRADA AGUACATE,2,POBLADO COMPLETO,1,2
05,02,07,037,050207037,EL CERRO,2,POBLADO COMPLETO,1,2
05,02,07,040,050207040,PUNTA EL SALTO,2,POBLADO COMPLETO,1,2
05,02,07,041,050207041,LA BOCA DE YAVIZA,2,POBLADO COMPLETO,1,2
05,02,07,045,050207045,LA DONCELLA,2,POBLADO COMPLETO,1,2
05,02,07,048,050207048,LA OLLA,3,POBLADO PARTE,1,2
05,02,07,054,050207054,LA VÍBORA,3,POBLADO PARTE,1,2
05,02,07,056,050207056,EL MAMEY,2,POBLADO COMPLETO,1,2
05,02,07,060,050207060,LOS MOGOTES O BAJO PURÚ,3,POBLADO PARTE,1,2
05,02,07,075,050207075,QUEBRADA CHAYO,2,POBLADO COMPLETO,1,2
05,02,07,086,050207086,REVERSA GRANDE,2,POBLADO COMPLETO,1,2
05,02,07,098,050207098,YAVIZA,1,CABECERA,1,2
05,02,07,106,050207106,CANGLÓN,3,POBLADO PARTE,1,2
05,02,07,113,050207113,FRUTA PANAL,2,POBLADO COMPLETO,1,2
05,02,07,114,050207114,QUEBRADA MAMEY O ENTRADA DEL MAMEY,2,POBLADO COMPLETO,1,2
05,02,07,140,050207140,MACHO SOLO,3,POBLADO PARTE,2,2
05,02,07,142,050207142,CALLE DE LAS DESGRACIAS,2,POBLADO COMPLETO,1,2
05,02,07,144,050207144,BOCA DE TUPISA,2,POBLADO COMPLETO,1,2
05,02,07,168,050207168,NUEVO PROGRESO,2,POBLADO COMPLETO,1,2
05,02,07,170,050207170,NUEVO BIJAO,2,POBLADO COMPLETO,1,2
05,02,07,171,050207171,TOTUMO ABAJO,2,POBLADO COMPLETO,1,2
05,02,07,185,050207185,BELLA VISTA,2,POBLADO COMPLETO,1,2
05,02,07,193,050207193,EL TOTUMO,2,POBLADO COMPLETO,1,2
05,02,07,194,050207194,CUBITAL,2,POBLADO COMPLETO,1,2
05,02,07,200,050207200,SANTA LIBRADA,2,POBLADO COMPLETO,1,2
05,02,07,201,050207201,ENTRADA A EL SALTO,2,POBLADO COMPLETO,1,2
05,02,07,205,050207205,COROZAL O COROZALES,3,POBLADO PARTE,1,2
05,02,07,210,050207210,EL CERRO No.1 O EL CERRO DE LA DONCELLA,2,POBLADO COMPLETO,1,2
05,02,07,228,050207228,ALIGANDÍ,2,POBLADO COMPLETO,1,2
05,02,07,229,050207229,ARRABACHE,2,POBLADO COMPLETO,1,2
05,02,07,230,050207230,BETZAIDA,2,POBLADO COMPLETO,1,2
05,02,07,231,050207231,CRISTO VIENE O CANGLÓN No.2 O EL PORVENIR,2,POBLADO COMPLETO,1,2
05,02,07,233,050207233,FINCA LINADER,2,POBLADO COMPLETO,1,2
05,02,07,234,050207234,LA BICHUA O LA BUCHUA,2,POBLADO COMPLETO,1,2
05,02,07,236,050207236,QUEBRADA MOJARRA,2,POBLADO COMPLETO,1,2
05,02,07,238,050207238,CALLE HONDA,2,POBLADO COMPLETO,1,2
05,02,07,239,050207239,CHORRO,2,POBLADO COMPLETO,1,2
05,02,07,240,050207240,LA ESTOZA,2,POBLADO COMPLETO,1,2
05,02,07,241,050207241,LA LAGARTERA,2,POBLADO COMPLETO,1,2
05,02,07,242,050207242,LA OLLITA,2,POBLADO COMPLETO,1,2
05,02,07,243,050207243,LAS PALMERAS,2,POBLADO COMPLETO,1,2
05,02,07,244,050207244,LLANO BONITO,2,POBLADO COMPLETO,1,2
05,02,07,245,050207245,MOLINETA,2,POBLADO COMPLETO,2,2
05,02,07,246,050207246,PINOGANA,3,POBLADO PARTE,1,2
05,02,07,247,050207247,QUEBRADA CHINTO,2,POBLADO COMPLETO,1,2
05,02,07,248,050207248,REVESA CAÑAFÍSTULA,2,POBLADO COMPLETO,2,2
05,02,08,001,050208001,AGUA BUENA,2,POBLADO COMPLETO,1,2
05,02,08,003,050208003,BAJO BONITO,2,POBLADO COMPLETO,1,2
05,02,08,004,050208004,BELLA VISTA,2,POBLADO COMPLETO,1,2
05,02,08,006,050208006,BOCA DE CHIATÍ,2,POBLADO COMPLETO,1,2
05,02,08,007,050208007,BOCA DE SALITRE,2,POBLADO COMPLETO,1,2
05,02,08,008,050208008,BOCA DE SUBCURTÍ,2,POBLADO COMPLETO,1,2
05,02,08,009,050208009,BUENOS AIRES,2,POBLADO COMPLETO,1,2
05,02,08,010,050208010,CABECERA DE QUEBRADA FÉLIX,2,POBLADO COMPLETO,1,2
05,02,08,011,050208011,CANGLÓN,3,POBLADO PARTE,1,2
05,02,08,012,050208012,CANGLÓN ARRIBA,2,POBLADO COMPLETO,1,2
05,02,08,014,050208014,CHIATÍ ARRIBA O QUEBRADA MACHO,3,POBLADO PARTE,1,2
05,02,08,015,050208015,CHOCOLATAL,2,POBLADO COMPLETO,1,2
05,02,08,016,050208016,EL BALSAL,2,POBLADO COMPLETO,1,2
05,02,08,017,050208017,EL GUABO,2,POBLADO COMPLETO,1,2
05,02,08,018,050208018,EL MARTIRIO,2,POBLADO COMPLETO,1,2
05,02,08,019,050208019,EL NAZARENO,3,POBLADO PARTE,1,2
05,02,08,020,050208020,EL OSO,2,POBLADO COMPLETO,1,2
05,02,08,022,050208022,QUEBRADA LA ESTENIA,3,POBLADO PARTE,1,2
05,02,08,023,050208023,LA MONEDA,3,POBLADO PARTE,1,2
05,02,08,024,050208024,LA PEÑITA,3,POBLADO PARTE,1,2
05,02,08,025,050208025,FINCA UNITED NATURE,3,POBLADO PARTE,1,2
05,02,08,027,050208027,LOS PAVITOS,2,POBLADO COMPLETO,1,2
05,02,08,028,050208028,LOS PAVITOS ABAJO,2,POBLADO COMPLETO,1,2
05,02,08,029,050208029,LOS PAVITOS ARRIBA,2,POBLADO COMPLETO,1,2
05,02,08,031,050208031,MARÍN ARRIBA,2,POBLADO COMPLETO,1,2
05,02,08,032,050208032,METETÍ,1,CABECERA,1,1
05,02,08,034,050208034,METETÍ ARRIBA,2,POBLADO COMPLETO,1,2
05,02,08,035,050208035,NICANOR,2,POBLADO COMPLETO,1,2
05,02,08,036,050208036,NICANOR ABAJO,2,POBLADO COMPLETO,1,2
05,02,08,038,050208038,NUEVO PARAÍSO,2,POBLADO COMPLETO,1,2
05,02,08,040,050208040,NUEVO PUNULOSO,2,POBLADO COMPLETO,1,2
05,02,08,043,050208043,PIEDRA CANDELA,2,POBLADO COMPLETO,1,2
05,02,08,044,050208044,PORTUCHADA ARRIBA,2,POBLADO COMPLETO,1,2
05,02,08,045,050208045,PORTUCHADA O SANTA ROSA,2,POBLADO COMPLETO,1,2
05,02,08,046,050208046,PUERTO LIMÓN,2,POBLADO COMPLETO,1,2
05,02,08,047,050208047,PUNOLOCITA,2,POBLADO COMPLETO,1,2
05,02,08,048,050208048,PUNTA PEÑA ROCA,2,POBLADO COMPLETO,1,2
05,02,08,049,050208049,PUNULOSO,2,POBLADO COMPLETO,1,2
05,02,08,050,050208050,PUNULOSO ABAJO,2,POBLADO COMPLETO,1,2
05,02,08,051,050208051,PUNULOSO ARRIBA,2,POBLADO COMPLETO,1,2
05,02,08,054,050208054,QUEBRADA BOLSILLO O EL REFUGIO,2,POBLADO COMPLETO,1,2
05,02,08,057,050208057,QUEBRADA ESPEJO,2,POBLADO COMPLETO,1,2
05,02,08,058,050208058,QUEBRADA FÉLIX,2,POBLADO COMPLETO,1,2
05,02,08,059,050208059,QUEBRADA FÉLIX ABAJO,2,POBLADO COMPLETO,1,2
05,02,08,060,050208060,QUEBRADA GRANDE,2,POBLADO COMPLETO,1,2
05,02,08,062,050208062,QUEBRADA HONDA,2,POBLADO COMPLETO,1,2
05,02,08,064,050208064,QUEBRADA RELOJERA,3,POBLADO PARTE,1,2
05,02,08,065,050208065,QUEBRADA TANQUE,3,POBLADO PARTE,1,2
05,02,08,067,050208067,SANSÓN No.2,2,POBLADO COMPLETO,1,2
05,02,08,068,050208068,SANSÓN ABAJO,2,POBLADO COMPLETO,1,2
05,02,08,069,050208069,SANSÓN ARRIBA,3,POBLADO PARTE,1,2
05,02,08,071,050208071,LAJAS BLANCAS,3,POBLADO PARTE,1,2
05,02,08,072,050208072,SANSONCITO ARRIBA,2,POBLADO COMPLETO,1,2
05,02,08,073,050208073,SANSONCITO O SAN FRANCISCO,2,POBLADO COMPLETO,1,2
05,02,08,074,050208074,SAN VICENTE,2,POBLADO COMPLETO,1,2
05,02,08,075,050208075,SUBCURTÍ,2,POBLADO COMPLETO,1,2
05,02,08,076,050208076,SUBCURTÍ ARRIBA,2,POBLADO COMPLETO,1,2
05,02,08,078,050208078,VILLA DARIÉN,2,POBLADO COMPLETO,1,2
05,02,08,079,050208079,VILLA DARIÉN ARRIBA,2,POBLADO COMPLETO,1,2
05,02,08,080,050208080,VILLA NUEVA,2,POBLADO COMPLETO,1,2
05,02,08,082,050208082,QUEBRADA HONDA No.1,2,POBLADO COMPLETO,1,2
05,02,08,083,050208083,AGRO RIQUEZAS DARIÉN,2,POBLADO COMPLETO,1,2
05,02,08,084,050208084,ALTOS DE PIEDRA CANDELA,2,POBLADO COMPLETO,1,2
05,02,08,085,050208085,ALTOS DEL CRISTO,3,POBLADO PARTE,1,2
05,02,08,086,050208086,ASNATÍ,3,POBLADO PARTE,1,2
05,02,08,087,050208087,BARRIADA EL NAZARENO,2,POBLADO COMPLETO,1,2
05,02,08,088,050208088,BARRIADA LA MILAGROSA,2,POBLADO COMPLETO,1,2
05,02,08,089,050208089,CAMINO LAJAS BLANCAS,2,POBLADO COMPLETO,1,2
05,02,08,090,050208090,CATIVAL,2,POBLADO COMPLETO,1,2
05,02,08,091,050208091,CHIATÍ,2,POBLADO COMPLETO,1,2
05,02,08,092,050208092,EL OSO No.2,2,POBLADO COMPLETO,1,2
05,02,08,093,050208093,FINCA EL VAQUERO AZUL,2,POBLADO COMPLETO,1,2
05,02,08,094,050208094,FINCA GANADERA DOMÍNGUEZ,2,POBLADO COMPLETO,1,2
05,02,08,095,050208095,FINCA SALVAMAR,2,POBLADO COMPLETO,1,2
05,02,08,096,050208096,LOS MIRANDA,2,POBLADO COMPLETO,1,2
05,02,08,097,050208097,QUEBRADA ESPEJITO,2,POBLADO COMPLETO,1,2
05,02,08,098,050208098,QUEBRADA ESPEJITO No.2,2,POBLADO COMPLETO,1,2
05,02,08,099,050208099,QUEBRADA ESPEJO No.2,2,POBLADO COMPLETO,1,2
05,02,08,100,050208100,QUEBRADA SALITRE,2,POBLADO COMPLETO,1,2
05,02,08,101,050208101,BARRIADA LOS ÁNGELES,2,POBLADO COMPLETO,1,2
05,02,09,001,050209001,MORTÍ,2,POBLADO COMPLETO,1,3
05,02,09,002,050209002,NURRA,2,POBLADO COMPLETO,1,3
05,02,09,003,050209003,WALÁ,1,CABECERA,1,3
05,02,09,005,050209005,ASNATÍ,3,POBLADO PARTE,1,3
05,03,07,001,050307001,RÍO ANTADO,2,POBLADO COMPLETO,1,2
05,03,07,002,050307002,RÍO ANTADOCITO,2,POBLADO COMPLETO,1,2
05,03,07,007,050307007,CAÑA BLANCA,2,POBLADO COMPLETO,1,2
05,03,07,008,050307008,EL CAOBA,2,POBLADO COMPLETO,1,2
05,03,07,014,050307014,CHITOLA,2,POBLADO COMPLETO,1,2
05,03,07,017,050307017,EL CEDRO,2,POBLADO COMPLETO,1,2
05,03,07,018,050307018,RÍO COJO,2,POBLADO COMPLETO,1,2
05,03,07,024,050307024,JOSEFA,2,POBLADO COMPLETO,1,2
05,03,07,026,050307026,LA CANTINA O LA PLAYITA,2,POBLADO COMPLETO,1,2
05,03,07,027,050307027,RÍO CONGO O RÍO CONGO LA PAZ,2,POBLADO COMPLETO,1,2
05,03,07,031,050307031,RÍO SIERPE O SAN JUAN DE DIOS,2,POBLADO COMPLETO,1,2
05,03,07,033,050307033,PATIO ESCONDIDO,2,POBLADO COMPLETO,1,2
05,03,07,037,050307037,PIÑALITO,2,POBLADO COMPLETO,2,2
05,03,07,045,050307045,QUEBRADA PADILLA,2,POBLADO COMPLETO,1,2
05,03,07,046,050307046,QUEBRADA PADILLITA,2,POBLADO COMPLETO,1,2
05,03,07,049,050307049,CALLE MANSA O SANTA BÁRBARA,2,POBLADO COMPLETO,1,2
05,03,07,052,050307052,LAS PEÑITAS,2,POBLADO COMPLETO,1,2
05,03,07,053,050307053,BARRIALES,1,CABECERA,1,2
05,03,07,058,050307058,RESERVA,2,POBLADO COMPLETO,1,2
05,03,07,059,050307059,PIÑAL,2,POBLADO COMPLETO,1,2
05,03,07,060,050307060,BAJO BONITO,3,POBLADO PARTE,1,2
05,03,07,061,050307061,EL GRILLO O LA UNIÓN,2,POBLADO COMPLETO,1,2
05,03,07,063,050307063,QUEBRADA ARIZAL,2,POBLADO COMPLETO,1,2
05,03,07,064,050307064,QUEBRADA BÁLSAMO,2,POBLADO COMPLETO,1,2
05,03,07,065,050307065,QUEBRADA LIRIAL,2,POBLADO COMPLETO,1,2
05,03,07,066,050307066,SANTA BÁRBARA ABAJO,2,POBLADO COMPLETO,1,2
05,03,07,067,050307067,LA ENSORBA,2,POBLADO COMPLETO,1,2
05,03,07,068,050307068,SAN JOSÉ,2,POBLADO COMPLETO,1,2
05,03,07,069,050307069,DOS BOCAS GRANDES,3,POBLADO PARTE,1,2
05,03,07,072,050307072,CHIMANILLO,2,POBLADO COMPLETO,1,2
05,03,07,073,050307073,SANTA BÁRBARA ARRIBA,3,POBLADO PARTE,1,2
05,03,07,078,050307078,QUEBRADA VENAO,2,POBLADO COMPLETO,1,2
05,03,07,079,050307079,QUEBRADA LIMÓN,2,POBLADO COMPLETO,1,2
05,03,07,086,050307086,TIGRE VIENTO ARRIBA,2,POBLADO COMPLETO,1,2
05,03,07,099,050307099,MAQUENCAL,2,POBLADO COMPLETO,1,2
05,03,07,102,050307102,ARIZONA,2,POBLADO COMPLETO,1,2
05,03,07,103,050307103,BIJAGUAL,2,POBLADO COMPLETO,1,2
05,03,07,105,050307105,CABECERA DE RÍO COJO,2,POBLADO COMPLETO,1,2
05,03,07,106,050307106,CATIVAL,2,POBLADO COMPLETO,1,2
05,03,07,107,050307107,CEBOLLAGAS,2,POBLADO COMPLETO,1,2
05,03,07,108,050307108,COROBORO O RÍO COROBORO,2,POBLADO COMPLETO,1,2
05,03,07,109,050307109,CUARENTA PESOS,2,POBLADO COMPLETO,1,2
05,03,07,110,050307110,EL ROBLE,2,POBLADO COMPLETO,1,2
05,03,07,111,050307111,EL TOTUMITO,2,POBLADO COMPLETO,1,2
05,03,07,112,050307112,EL TOTUMO,2,POBLADO COMPLETO,1,2
05,03,07,113,050307113,ESTERO MALO,2,POBLADO COMPLETO,1,2
05,03,07,114,050307114,LA CARRISOZA,2,POBLADO COMPLETO,1,2
05,03,07,115,050307115,LA PITA,2,POBLADO COMPLETO,1,2
05,03,07,116,050307116,LA PLAYITA,2,POBLADO COMPLETO,1,2
05,03,07,117,050307117,PALO VERDE O EL VAMPIRO,2,POBLADO COMPLETO,1,2
05,03,07,118,050307118,PECHITO PARAO,2,POBLADO COMPLETO,1,2
05,03,07,119,050307119,PIEDRA CANDELA,2,POBLADO COMPLETO,1,2
05,03,07,122,050307122,QUEBRADA ENSORBA,2,POBLADO COMPLETO,1,2
05,03,07,123,050307123,QUEBRADA LAGARTO,2,POBLADO COMPLETO,1,2
05,03,07,124,050307124,QUEBRADA LEÓN,2,POBLADO COMPLETO,1,2
05,03,07,125,050307125,RÍO SIERPE ABAJO,2,POBLADO COMPLETO,1,2
05,03,07,126,050307126,SANTA BÁRBARA,2,POBLADO COMPLETO,1,2
05,03,07,128,050307128,CABECERA DE CHITOLA,2,POBLADO COMPLETO,1,2
05,03,07,130,050307130,COJITO,2,POBLADO COMPLETO,1,2
05,03,07,132,050307132,LA FORTUNA,2,POBLADO COMPLETO,1,2
05,03,07,133,050307133,QUEBRADA DEL MEDIO,2,POBLADO COMPLETO,1,2
05,03,07,134,050307134,VILLA FLOR,2,POBLADO COMPLETO,1,2
05,03,07,136,050307136,SANTA ISABEL,2,POBLADO COMPLETO,1,2
05,03,07,137,050307137,PLAYA ALTA,2,POBLADO COMPLETO,1,2
05,03,07,138,050307138,PARITILLA,2,POBLADO COMPLETO,1,2
05,03,07,139,050307139,RANCHO QUEMAO,2,POBLADO COMPLETO,1,2
05,03,07,140,050307140,DOS BOCAS ABAJO,3,POBLADO PARTE,1,2
05,03,07,141,050307141,TIERRA PROMETIDA,2,POBLADO COMPLETO,1,2
05,03,07,142,050307142,VISO SOSO,2,POBLADO COMPLETO,1,2
05,03,08,001,050308001,AGUA CALIENTE,2,POBLADO COMPLETO,1,2
05,03,08,002,050308002,AGUA VIVA,2,POBLADO COMPLETO,1,2
05,03,08,003,050308003,ARRETÍ,2,POBLADO COMPLETO,1,2
05,03,08,004,050308004,ARUZA ABAJO,2,POBLADO COMPLETO,1,2
05,03,08,005,050308005,ARUZA ARRIBA,2,POBLADO COMPLETO,1,2
05,03,08,006,050308006,BAJOS DE IGLESIA O RÍO IGLESIA,1,CABECERA,1,2
05,03,08,008,050308008,BIJAGUAL,2,POBLADO COMPLETO,1,2
05,03,08,010,050308010,LA MONEDA,3,POBLADO PARTE,1,2
05,03,08,011,050308011,CHAMPION,2,POBLADO COMPLETO,1,2
05,03,08,014,050308014,EL LIRIAL,2,POBLADO COMPLETO,1,2
05,03,08,015,050308015,EL TIGRE,2,POBLADO COMPLETO,1,2
05,03,08,017,050308017,GREGORIO DÍAZ,2,POBLADO COMPLETO,1,2
05,03,08,019,050308019,ENTRADA DE ARRETÍ O LA MATOZA,2,POBLADO COMPLETO,1,2
05,03,08,021,050308021,LOS MELLOS,2,POBLADO COMPLETO,1,2
05,03,08,022,050308022,MACAREÑO,2,POBLADO COMPLETO,1,2
05,03,08,026,050308026,EL PITAL,2,POBLADO COMPLETO,1,2
05,03,08,030,050308030,EL CHORRO,2,POBLADO COMPLETO,1,2
05,03,08,032,050308032,QUEBRADA PESCADO,2,POBLADO COMPLETO,1,2
05,03,08,033,050308033,QUEBRADA SECA,2,POBLADO COMPLETO,1,2
05,03,08,034,050308034,QUEBRADA TETERAL,2,POBLADO COMPLETO,1,2
05,03,08,035,050308035,TATA JOSÉ,2,POBLADO COMPLETO,1,2
05,03,08,038,050308038,LA LAGUNA,2,POBLADO COMPLETO,1,2
05,03,08,039,050308039,CHAMPIOCITO O CAMPEONCITO,2,POBLADO COMPLETO,1,2
05,03,08,041,050308041,AGUA CLARA,2,POBLADO COMPLETO,1,2
05,03,08,044,050308044,AGUA BUENA,2,POBLADO COMPLETO,1,2
05,03,08,051,050308051,EL MACHO,2,POBLADO COMPLETO,1,2
05,03,08,053,050308053,ALTOS DEL CRISTO,3,POBLADO PARTE,1,2
05,03,08,054,050308054,QUEBRADA CHIQUERO,2,POBLADO COMPLETO,1,2
05,03,08,055,050308055,ARUZA DEL MEDIO O PUEBLO NUEVO,2,POBLADO COMPLETO,1,2
05,03,08,056,050308056,CABECERA DE ARUZA,2,POBLADO COMPLETO,1,2
05,03,08,057,050308057,CABECERA DE UREÑA,2,POBLADO COMPLETO,1,2
05,03,08,059,050308059,EL GOLFO,2,POBLADO COMPLETO,1,2
05,03,08,061,050308061,LA REVESA,2,POBLADO COMPLETO,1,2
05,03,08,062,050308062,MEDIO MUNDO,2,POBLADO COMPLETO,1,2
05,03,08,063,050308063,PUERTO QUIMBA,2,POBLADO COMPLETO,1,2
05,03,08,064,050308064,QUEBRADA CLARITA,2,POBLADO COMPLETO,1,2
05,03,08,065,050308065,SANTA CRUZ,2,POBLADO COMPLETO,1,2
05,03,08,068,050308068,BAJOS DE IGLESIA O BIJAGUAL ABAJO,2,POBLADO COMPLETO,1,2
05,03,08,069,050308069,SANSÓN ARRIBA,3,POBLADO PARTE,1,2
05,03,08,070,050308070,FINCA LA ESCONDIDA,2,POBLADO COMPLETO,1,2
05,03,08,071,050308071,ISLA CRISTO VIVE,2,POBLADO COMPLETO,1,2
05,03,08,072,050308072,LA CUBANA,2,POBLADO COMPLETO,1,2
05,03,08,073,050308073,EL NAZARENO,3,POBLADO PARTE,2,2
05,03,13,001,050313001,AGUA FRÍA No.1,3,POBLADO PARTE,1,2
05,03,13,002,050313002,AGUA FRÍA No.2,1,CABECERA,1,2
05,03,13,003,050313003,ARENITA,2,POBLADO COMPLETO,1,2
05,03,13,004,050313004,BOTELLO,2,POBLADO COMPLETO,1,2
05,03,13,005,050313005,CATIVÁ,2,POBLADO COMPLETO,1,2
05,03,13,006,050313006,CLARITA,3,POBLADO PARTE,1,2
05,03,13,008,050313008,CLARITA CENTRO,2,POBLADO COMPLETO,1,2
05,03,13,009,050313009,EL CAOBA,2,POBLADO COMPLETO,1,2
05,03,13,010,050313010,EL TIRAO,2,POBLADO COMPLETO,1,2
05,03,13,011,050313011,GUAYABILLO,3,POBLADO PARTE,1,2
05,03,13,012,050313012,GUAYABILLO ABAJO,3,POBLADO PARTE,1,2
05,03,13,013,050313013,LA COROCITA,2,POBLADO COMPLETO,1,2
05,03,13,015,050313015,MUNDITO,2,POBLADO COMPLETO,1,2
05,03,13,016,050313016,PALMIRA,2,POBLADO COMPLETO,1,2
05,03,13,017,050313017,PARAÍSO,3,POBLADO PARTE,2,2
05,03,13,019,050313019,QUEBRADA EL CEDRO,2,POBLADO COMPLETO,1,2
05,03,13,020,050313020,QUEBRADA GRANDE ABAJO,2,POBLADO COMPLETO,1,2
05,03,13,021,050313021,QUEBRADA GRANDE ARRIBA,3,POBLADO PARTE,1,2
05,03,13,022,050313022,QUEBRADA GRANDE No.1,2,POBLADO COMPLETO,1,2
05,03,13,025,050313025,QUEBRADA LIMÓN ARRIBA,2,POBLADO COMPLETO,1,2
05,03,13,026,050313026,QUEBRADA NEVERA,2,POBLADO COMPLETO,1,2
05,03,13,027,050313027,RÍO CLARO,2,POBLADO COMPLETO,1,2
05,03,13,029,050313029,SABANAS ARRIBA,2,POBLADO COMPLETO,1,2
05,03,13,030,050313030,SANTA MARTA O FLOR DE LA LAGUNA,2,POBLADO COMPLETO,1,2
05,03,13,031,050313031,VISTA ALEGRE,2,POBLADO COMPLETO,1,2
05,03,13,032,050313032,EL CEDRO,2,POBLADO COMPLETO,1,2
05,03,13,033,050313033,EMBERÁ PURÚ,2,POBLADO COMPLETO,1,2
05,03,13,034,050313034,QUEBRADA GRANDE DEL MEDIO,2,POBLADO COMPLETO,1,2
05,03,13,035,050313035,PIGANDÍ ARRIBA,3,POBLADO PARTE,1,2
05,03,13,037,050313037,ALTOS DE VISTA ALEGRE,3,POBLADO PARTE,1,2
05,03,13,038,050313038,LAS DELICIAS,2,POBLADO COMPLETO,1,2
05,03,13,039,050313039,QUEBRADA GRANDE No.2,2,POBLADO COMPLETO,1,2
05,03,13,040,050313040,SANTA CRUZ,3,POBLADO PARTE,2,2
05,03,14,001,050314001,BAJO BONITO,3,POBLADO PARTE,1,2
05,03,14,003,050314003,BOCA EUSEBIA,2,POBLADO COMPLETO,1,2
05,03,14,004,050314004,CABECERA DE DOROTEA,3,POBLADO PARTE,1,2
05,03,14,005,050314005,CANDELILLA,2,POBLADO COMPLETO,1,2
05,03,14,006,050314006,CHANATÍ,2,POBLADO COMPLETO,1,2
05,03,14,007,050314007,CHANATICITO,2,POBLADO COMPLETO,1,2
05,03,14,008,050314008,COROZAL,2,POBLADO COMPLETO,1,2
05,03,14,009,050314009,CUCUNATÍ,1,CABECERA,1,2
05,03,14,010,050314010,EL CAOBA,2,POBLADO COMPLETO,1,2
05,03,14,011,050314011,EL DESMAYO,2,POBLADO COMPLETO,1,2
05,03,14,012,050314012,ESTOPILLÁN,2,POBLADO COMPLETO,1,2
05,03,14,013,050314013,EUSEBIA ARRIBA,2,POBLADO COMPLETO,1,2
05,03,14,014,050314014,EUSEBIA O LA PATRIOTA,2,POBLADO COMPLETO,1,2
05,03,14,015,050314015,FINCA COREDO,2,POBLADO COMPLETO,1,2
05,03,14,016,050314016,GUÁGARA,2,POBLADO COMPLETO,1,2
05,03,14,017,050314017,GUZMÁN,2,POBLADO COMPLETO,1,2
05,03,14,018,050314018,LA CHUNGA,2,POBLADO COMPLETO,1,2
05,03,14,019,050314019,LA GIRA,2,POBLADO COMPLETO,1,2
05,03,14,020,050314020,LA GÓNGORA,2,POBLADO COMPLETO,1,2
05,03,14,021,050314021,LA SOLEDAD,2,POBLADO COMPLETO,1,2
05,03,14,022,050314022,LA ZAPOTE,2,POBLADO COMPLETO,2,2
05,03,14,023,050314023,LLANO BONITO,2,POBLADO COMPLETO,1,2
05,03,14,024,050314024,LOS NUNOS,2,POBLADO COMPLETO,1,2
05,03,14,025,050314025,EL PIXVAE O EL PIFÁ,3,POBLADO PARTE,1,2
05,03,14,026,050314026,PLATANILLAL,2,POBLADO COMPLETO,1,2
05,03,14,027,050314027,PRIMAVERA,2,POBLADO COMPLETO,1,2
05,03,14,028,050314028,QUEBRADA AGUACATE,2,POBLADO COMPLETO,1,2
05,03,14,029,050314029,QUEBRADA CAÑA BLANCA ARRIBA,2,POBLADO COMPLETO,1,2
05,03,14,030,050314030,QUEBRADA CUCA,2,POBLADO COMPLETO,1,2
05,03,14,031,050314031,QUEBRADA DOROTEA O DOROTEA,2,POBLADO COMPLETO,1,2
05,03,14,033,050314033,QUEBRADA MÁS VERDE,2,POBLADO COMPLETO,1,2
05,03,14,034,050314034,QUEBRADA ZANCUDERO,2,POBLADO COMPLETO,1,2
05,03,14,035,050314035,ROMÁN,3,POBLADO PARTE,1,2
05,03,14,036,050314036,SANTA ROSA,2,POBLADO COMPLETO,1,2
05,03,14,037,050314037,TAGUALES,2,POBLADO COMPLETO,1,2
05,03,14,041,050314041,CALLE LIMÓN,2,POBLADO COMPLETO,1,2
05,03,14,042,050314042,COREDO,3,POBLADO PARTE,1,2
05,03,14,043,050314043,LA LAJOSA,2,POBLADO COMPLETO,1,2
05,03,14,044,050314044,LOS TABLONES,2,POBLADO COMPLETO,1,2
05,03,14,045,050314045,GUAYAQUIL,2,POBLADO COMPLETO,1,2
05,03,14,046,050314046,LOMA MARÍA,2,POBLADO COMPLETO,1,2
05,03,15,001,050315001,BUENA VISTA,2,POBLADO COMPLETO,1,2
05,03,15,002,050315002,CABECERA DE QUEBRADA DIABLA,2,POBLADO COMPLETO,1,2
05,03,15,003,050315003,CACAO,2,POBLADO COMPLETO,1,2
05,03,15,005,050315005,DOS BOCAS GRANDES,3,POBLADO PARTE,1,2
05,03,15,006,050315006,EL ESPAVEITO,2,POBLADO COMPLETO,1,2
05,03,15,007,050315007,LA TIGRA,2,POBLADO COMPLETO,1,2
05,03,15,008,050315008,SANTA RITA,2,POBLADO COMPLETO,1,2
05,03,15,009,050315009,LAS LAJITAS,2,POBLADO COMPLETO,1,2
05,03,15,010,050315010,MONTE RICO,2,POBLADO COMPLETO,1,2
05,03,15,011,050315011,NUEVO CANAJAGÜITA,2,POBLADO COMPLETO,1,2
05,03,15,012,050315012,NUEVO PARAÍSO,2,POBLADO COMPLETO,1,2
05,03,15,013,050315013,PLATANILLO O PLATANILLA,1,CABECERA,1,2
05,03,15,014,050315014,PLAYA DE ORO,2,POBLADO COMPLETO,1,2
05,03,15,015,050315015,PROGRESO,2,POBLADO COMPLETO,1,2
05,03,15,016,050315016,QUEBRADA COLORETE,2,POBLADO COMPLETO,1,2
05,03,15,017,050315017,QUEBRADA GUINEA,2,POBLADO COMPLETO,1,2
05,03,15,019,050315019,RÍO ARENAL,2,POBLADO COMPLETO,1,2
05,03,15,020,050315020,RÍO BONITO,2,POBLADO COMPLETO,1,2
05,03,15,021,050315021,RÍO CHIRICANO,2,POBLADO COMPLETO,1,2
05,03,15,022,050315022,RÍO GIRA,2,POBLADO COMPLETO,1,2
05,03,15,023,050315023,RÍO PAVO,2,POBLADO COMPLETO,1,2
05,03,15,024,050315024,RÍO PEDASÍ,2,POBLADO COMPLETO,1,2
05,03,15,025,050315025,RÍO VENADO,2,POBLADO COMPLETO,1,2
05,03,15,026,050315026,RÍO VENADO ARRIBA,2,POBLADO COMPLETO,1,2
05,03,15,027,050315027,SAN PEDRITO,2,POBLADO COMPLETO,1,2
05,03,15,028,050315028,SANTA BÁRBARA ARRIBA,3,POBLADO PARTE,1,2
05,03,15,029,050315029,SANTA MARTA,2,POBLADO COMPLETO,1,2
05,03,15,030,050315030,TIGRE VIENTO,2,POBLADO COMPLETO,1,2
05,03,15,032,050315032,VALLE RICO,2,POBLADO COMPLETO,1,2
05,03,15,033,050315033,DOS BOCAS ABAJO,3,POBLADO PARTE,1,2
05,03,15,034,050315034,SALTO TRES PIEDRAS,2,POBLADO COMPLETO,1,2
05,03,15,035,050315035,HIGUERONAL ARRIBA O CABECERA DE HIGUERONAL,3,POBLADO PARTE,1,2
05,03,15,036,050315036,NUEVO TONOSÍ,3,POBLADO PARTE,1,2
05,03,15,037,050315037,SAN JOSÉ,2,POBLADO COMPLETO,1,2
05,03,16,001,050316001,AGUA BUENA No.1,2,POBLADO COMPLETO,1,2
05,03,16,002,050316002,AGUA BUENA No.2,2,POBLADO COMPLETO,1,2
05,03,16,004,050316004,AGUA CLARA ARRIBA,2,POBLADO COMPLETO,1,2
05,03,16,009,050316009,CABECERA DE DOROTEA,3,POBLADO PARTE,1,2
05,03,16,011,050316011,CAOBANERITA O QUEBRADA CAOBANERA,2,POBLADO COMPLETO,1,2
05,03,16,012,050316012,CARRIZAL,2,POBLADO COMPLETO,1,2
05,03,16,013,050316013,CHUCUNAQUE,2,POBLADO COMPLETO,1,2
05,03,16,016,050316016,EL TIRAO,2,POBLADO COMPLETO,1,2
05,03,16,018,050316018,GUAYABILLO,3,POBLADO PARTE,1,2
05,03,16,019,050316019,GUAYABILLO ABAJO,3,POBLADO PARTE,1,2
05,03,16,020,050316020,HIGUERONAL,2,POBLADO COMPLETO,1,2
05,03,16,022,050316022,LA CANTERA,2,POBLADO COMPLETO,1,2
05,03,16,026,050316026,LA LOMITA O LA LOMA,3,POBLADO PARTE,1,2
05,03,16,027,050316027,LA MATOSA,2,POBLADO COMPLETO,1,2
05,03,16,028,050316028,LA VILLA,2,POBLADO COMPLETO,1,2
05,03,16,029,050316029,LAS COLINAS,2,POBLADO COMPLETO,1,2
05,03,16,031,050316031,LOMA LA PAVA,2,POBLADO COMPLETO,1,2
05,03,16,032,050316032,LOS MONOS O ARIMAE,2,POBLADO COMPLETO,1,2
05,03,16,033,050316033,LOS NUNOS,2,POBLADO COMPLETO,1,2
05,03,16,035,050316035,PARAÍSO,3,POBLADO PARTE,1,2
05,03,16,036,050316036,PIÑALITO,2,POBLADO COMPLETO,1,2
05,03,16,037,050316037,PUEBLO NUEVO No.1,3,POBLADO PARTE,1,2
05,03,16,039,050316039,PUERTO DE SANTA FE,2,POBLADO COMPLETO,1,2
05,03,16,041,050316041,QUEBRADA BONITA,2,POBLADO COMPLETO,1,2
05,03,16,042,050316042,QUEBRADA CAÑAZAS,2,POBLADO COMPLETO,1,2
05,03,16,044,050316044,QUEBRADA JABÓN,2,POBLADO COMPLETO,1,2
05,03,16,045,050316045,QUEBRADA LA ESTENIA,3,POBLADO PARTE,1,2
05,03,16,046,050316046,QUEBRADA MACHO,2,POBLADO COMPLETO,2,2
05,03,16,048,050316048,QUEBRADA MUERTO O SANTA MARTA,2,POBLADO COMPLETO,1,2
05,03,16,050,050316050,AGUAS CLARAS,2,POBLADO COMPLETO,1,2
05,03,16,051,050316051,QUEBRADA TANQUE,3,POBLADO PARTE,1,2
05,03,16,054,050316054,ROMÁN,3,POBLADO PARTE,1,2
05,03,16,055,050316055,ROMÁN CENTRO O RÍO ROMÁN,2,POBLADO COMPLETO,1,2
05,03,16,056,050316056,SABANA ARRIBA,2,POBLADO COMPLETO,1,2
05,03,16,057,050316057,SABANAS,2,POBLADO COMPLETO,1,2
05,03,16,059,050316059,SANTA FE,1,CABECERA,1,2
05,03,16,060,050316060,TAMARINDO,2,POBLADO COMPLETO,1,2
05,03,16,061,050316061,TAMARINDO ARRIBA O ZIMBA ARRIBA,2,POBLADO COMPLETO,1,2
05,03,16,062,050316062,TUMAGANTÍ,2,POBLADO COMPLETO,1,2
05,03,16,063,050316063,VALLE ALEGRE,2,POBLADO COMPLETO,1,2
05,03,16,064,050316064,ZAPALLAL,3,POBLADO PARTE,1,2
05,03,16,065,050316065,ZIMBA,2,POBLADO COMPLETO,1,2
05,03,16,067,050316067,BOCA DE HIGUERONAL,2,POBLADO COMPLETO,2,2
05,03,16,071,050316071,COREDO,3,POBLADO PARTE,1,2
05,03,16,079,050316079,SABANA CENTRO,2,POBLADO COMPLETO,1,2
05,03,16,080,050316080,QUEBRADA TANQUE ABAJO,2,POBLADO COMPLETO,1,2
05,03,16,081,050316081,LA CABUYA,2,POBLADO COMPLETO,1,2
05,03,16,082,050316082,ALTO DE LA TORRE,2,POBLADO COMPLETO,1,2
05,03,16,083,050316083,ALTOS DE VISTA ALEGRE,3,POBLADO PARTE,1,2
05,03,16,084,050316084,ARRETÍ,2,POBLADO COMPLETO,1,2
05,03,16,085,050316085,FINCA SANTA ROSA,2,POBLADO COMPLETO,1,2
05,03,16,086,050316086,TIERRA PROMETIDA,2,POBLADO COMPLETO,1,2
05,03,16,087,050316087,LA GÜAJIRA,2,POBLADO COMPLETO,1,2
05,03,17,001,050317001,ALTOS DEL CRISTO,3,POBLADO PARTE,1,2
05,03,17,002,050317002,BETEL,2,POBLADO COMPLETO,1,2
05,03,17,003,050317003,CUCUZAL O FINCA JUANA MICAELA,2,POBLADO COMPLETO,1,2
05,03,17,004,050317004,EL CASTILLO,2,POBLADO COMPLETO,1,2
05,03,17,006,050317006,EL CIRUELITO,2,POBLADO COMPLETO,1,2
05,03,17,007,050317007,EL MANGUITO,2,POBLADO COMPLETO,1,2
05,03,17,009,050317009,JOSELITO,2,POBLADO COMPLETO,1,2
05,03,17,011,050317011,LA JUANITA O LA LOMA,2,POBLADO COMPLETO,1,2
05,03,17,012,050317012,LA LOMITA O LA LOMA,3,POBLADO PARTE,1,2
05,03,17,013,050317013,LAS DELICIAS O PUEBLO NUEVO,2,POBLADO COMPLETO,1,2
05,03,17,014,050317014,MANANTIAL,2,POBLADO COMPLETO,1,2
05,03,17,015,050317015,PUEBLO NUEVO No.2,2,POBLADO COMPLETO,1,2
05,03,17,016,050317016,PUERTO LARA,2,POBLADO COMPLETO,1,2
05,03,17,017,050317017,QUEBRADA HONDA,2,POBLADO COMPLETO,1,2
05,03,17,018,050317018,QUEBRADA PLÁCIDO,2,POBLADO COMPLETO,1,2
05,03,17,019,050317019,QUEBRADA RELOJERA,3,POBLADO PARTE,1,2
05,03,17,020,050317020,QUINTÍN,2,POBLADO COMPLETO,1,2
05,03,17,022,050317022,SAN MIGUEL,2,POBLADO COMPLETO,1,2
05,03,17,023,050317023,ZAPALLAL,4,CABECERA PARTE (Mixto),1,2
05,03,17,024,050317024,LA LOMITA ARRIBA,2,POBLADO COMPLETO,1,2
05,03,17,025,050317025,LOS CAOBOS,2,POBLADO COMPLETO,1,2
05,03,17,026,050317026,SAN CRISTÓBAL,2,POBLADO COMPLETO,1,2
05,03,17,027,050317027,PUEBLO NUEVO No.1,3,POBLADO PARTE,1,2
05,03,17,028,050317028,FINCA UNITED NATURE,3,POBLADO PARTE,1,2
06,01,01,003,060101003,CHITRÉ,1,CABECERA,1,1
06,01,01,018,060101018,LAS LAJITAS O LA TOMA DE AGUA,2,POBLADO COMPLETO,1,2
06,01,01,031,060101031,EL TORNO,2,POBLADO COMPLETO,1,2
06,01,01,033,060101033,EL GUAYABITO,2,POBLADO COMPLETO,1,2
06,01,01,034,060101034,LAS HUERTAS ABAJO,2,POBLADO COMPLETO,1,2
06,01,02,001,060102001,EL BARRERO,3,POBLADO PARTE,1,2
06,01,02,002,060102002,EL BARRO,2,POBLADO COMPLETO,1,2
06,01,02,003,060102003,EL ALGODONAL,2,POBLADO COMPLETO,1,2
06,01,02,004,060102004,LA ARENA,1,CABECERA,1,1
06,01,02,005,060102005,LA CHILONGA,2,POBLADO COMPLETO,1,2
06,01,02,006,060102006,LA FLORA,2,POBLADO COMPLETO,1,2
06,01,02,007,060102007,LA ISLETA,2,POBLADO COMPLETO,1,2
06,01,02,008,060102008,LA SECRETA,2,POBLADO COMPLETO,1,2
06,01,02,010,060102010,BARRIADA SAN PEDRO,2,POBLADO COMPLETO,1,2
06,01,02,011,060102011,QUEBRADA ACHOTAL,2,POBLADO COMPLETO,1,2
06,01,02,012,060102012,RÍO PARITA,3,POBLADO PARTE,1,2
06,01,02,016,060102016,EL JUNCAL,3,POBLADO PARTE,1,2
06,01,02,017,060102017,EL CRUCE,2,POBLADO COMPLETO,1,2
06,01,02,018,060102018,FINCA EL CONCHAL,2,POBLADO COMPLETO,1,2
06,01,02,020,060102020,EL BEJUCO,2,POBLADO COMPLETO,1,2
06,01,02,021,060102021,RESIDENCIAL EL BARNÍZ,2,POBLADO COMPLETO,1,2
06,01,02,022,060102022,VILLA CAMPESTRE,2,POBLADO COMPLETO,1,2
06,01,02,023,060102023,RESIDENCIAL MA ZORAIDA,2,POBLADO COMPLETO,1,2
06,01,02,024,060102024,VÍA JUNCAL,2,POBLADO COMPLETO,1,2
06,01,03,001,060103001,BOCA DE PARITA,2,POBLADO COMPLETO,1,1
06,01,03,002,060103002,MONAGRILLO,1,CABECERA,1,1
06,01,03,003,060103003,EL RETÉN,2,POBLADO COMPLETO,1,2
06,01,03,004,060103004,PLAYA EL RETÉN,2,POBLADO COMPLETO,1,2
06,01,03,009,060103009,FINCA BOSNANDE,2,POBLADO COMPLETO,1,2
06,01,03,010,060103010,EL JUNCAL,3,POBLADO PARTE,1,2
06,01,04,005,060104005,LLANO BONITO,1,CABECERA,1,1
06,01,04,007,060104007,PLAYA EL AGALLITO,2,POBLADO COMPLETO,1,2
06,01,04,009,060104009,EL FARO,2,POBLADO COMPLETO,1,2
06,01,05,002,060105002,SAN JUAN BAUTISTA,1,CABECERA,1,1
06,01,05,004,060105004,CAMINO A LA ISLA,2,POBLADO COMPLETO,1,2
06,02,01,001,060201001,ALTO DE LA LAGUNA,2,POBLADO COMPLETO,1,2
06,02,01,002,060201002,CERRO GORDO,2,POBLADO COMPLETO,1,2
06,02,01,004,060201004,EL ALTO,2,POBLADO COMPLETO,1,2
06,02,01,005,060201005,BARRIADA CRISTO PEREGRINO,2,POBLADO COMPLETO,1,2
06,02,01,006,060201006,EL ENTRADERO,2,POBLADO COMPLETO,1,2
06,02,01,007,060201007,EL GALLOTE,2,POBLADO COMPLETO,1,2
06,02,01,008,060201008,EL JACINTO,2,POBLADO COMPLETO,1,2
06,02,01,009,060201009,EL ÑUQUITO,3,POBLADO PARTE,1,2
06,02,01,010,060201010,LA CALIDONIA,2,POBLADO COMPLETO,1,2
06,02,01,011,060201011,LA CUCHILLA,2,POBLADO COMPLETO,1,2
06,02,01,013,060201013,LAS MARGARITAS,2,POBLADO COMPLETO,1,2
06,02,01,014,060201014,LAS MARÍAS,2,POBLADO COMPLETO,1,2
06,02,01,015,060201015,LAS MINAS,1,CABECERA,1,2
06,02,01,016,060201016,LAS PILANDERAS,2,POBLADO COMPLETO,1,2
06,02,01,017,060201017,LAS TRANCAS,3,POBLADO PARTE,1,2
06,02,01,018,060201018,ALTO DE LAS MARGARITAS,2,POBLADO COMPLETO,1,2
06,02,01,020,060201020,LOS PINTOS,2,POBLADO COMPLETO,1,2
06,02,01,021,060201021,LLANO DE LAS MINAS,2,POBLADO COMPLETO,1,2
06,02,01,022,060201022,PIEDRA DE LOS HIGOS,2,POBLADO COMPLETO,1,2
06,02,01,023,060201023,QUEBRADA EL TIGRE,2,POBLADO COMPLETO,1,2
06,02,01,024,060201024,EL BEBEDERO,2,POBLADO COMPLETO,1,2
06,02,01,025,060201025,EL CIRUELITO,2,POBLADO COMPLETO,1,2
06,02,01,027,060201027,LLANO LARGO O SAN MARTÍN,2,POBLADO COMPLETO,1,2
06,02,01,028,060201028,LOS BAJOS DE VACA DE MONTE,2,POBLADO COMPLETO,1,2
06,02,01,029,060201029,RÍO PARITA,3,POBLADO PARTE,2,2
06,02,01,030,060201030,CERRO GORDO ABAJO,2,POBLADO COMPLETO,1,2
06,02,01,031,060201031,FINCA VISTA HERMOSA,2,POBLADO COMPLETO,1,2
06,02,01,032,060201032,EL VILLARREAL,2,POBLADO COMPLETO,1,2
06,02,01,033,060201033,ALTO EL LIMÓN,2,POBLADO COMPLETO,1,2
06,02,01,034,060201034,CERRO COLORADO O LA CORDILLERA,3,POBLADO PARTE,1,2
06,02,01,035,060201035,EL GUANÁBANO,2,POBLADO COMPLETO,1,2
06,02,01,036,060201036,SAN JOSÉ,3,POBLADO PARTE,1,2
06,02,02,001,060202001,BARRERO AMARILLO,2,POBLADO COMPLETO,1,2
06,02,02,002,060202002,LOMA DEL TIGRE,2,POBLADO COMPLETO,1,2
06,02,02,003,060202003,COROTÚ,2,POBLADO COMPLETO,1,2
06,02,02,004,060202004,CHEPO,4,CABECERA PARTE (Mixto),1,2
06,02,02,005,060202005,EL CACAO,2,POBLADO COMPLETO,1,2
06,02,02,006,060202006,EL GUÁNICO,2,POBLADO COMPLETO,1,2
06,02,02,008,060202008,EL JACINTO,3,POBLADO PARTE,1,2
06,02,02,009,060202009,EL SALTO,2,POBLADO COMPLETO,1,2
06,02,02,010,060202010,FILO LLANO,2,POBLADO COMPLETO,1,2
06,02,02,011,060202011,LA DESBARRANCADA,2,POBLADO COMPLETO,1,2
06,02,02,012,060202012,LAS LLANITAS,2,POBLADO COMPLETO,1,2
06,02,02,013,060202013,DOS BOCAS,2,POBLADO COMPLETO,1,2
06,02,02,014,060202014,LAS PLAYITAS,2,POBLADO COMPLETO,1,2
06,02,02,015,060202015,TRES CASAS,2,POBLADO COMPLETO,1,2
06,02,02,016,060202016,LOS GARANGANOS,2,POBLADO COMPLETO,1,2
06,02,02,017,060202017,LOS MACANITOS,2,POBLADO COMPLETO,1,2
06,02,02,018,060202018,MACARAQUITA,2,POBLADO COMPLETO,1,2
06,02,02,019,060202019,RÍO VIEJO,2,POBLADO COMPLETO,1,2
06,02,02,020,060202020,QUEBRADA CHEPO,2,POBLADO COMPLETO,1,2
06,02,02,021,060202021,QUEBRADA DEL CÁNTARO,3,POBLADO PARTE,1,2
06,02,02,022,060202022,QUEBRADA RAMOS,3,POBLADO PARTE,1,2
06,02,02,023,060202023,RÍO JACINTO,2,POBLADO COMPLETO,1,2
06,02,02,024,060202024,RÍO LA VILLA,3,POBLADO PARTE,1,2
06,02,02,025,060202025,RÍO VIEJO ARRIBA,2,POBLADO COMPLETO,1,2
06,02,02,026,060202026,TRES PUNTAS,3,POBLADO PARTE,1,2
06,02,02,027,060202027,RÍO NEGRO,2,POBLADO COMPLETO,1,2
06,02,02,028,060202028,HONDO EL LIMÓN,2,POBLADO COMPLETO,1,2
06,02,02,029,060202029,LAS MATÍAS O RÍO NEGRO ARRIBA,2,POBLADO COMPLETO,1,2
06,02,02,030,060202030,LA MANGLILLOSA,2,POBLADO COMPLETO,1,2
06,02,02,031,060202031,LOS BARTOLOS O LOMA REDONDA,2,POBLADO COMPLETO,1,2
06,02,02,032,060202032,LOS ÑUMIS,2,POBLADO COMPLETO,1,2
06,02,02,034,060202034,RÍO MARIATO,2,POBLADO COMPLETO,1,2
06,02,02,035,060202035,LA SONADORA,2,POBLADO COMPLETO,1,2
06,02,02,036,060202036,EL CAÑAFÍSTULO,3,POBLADO PARTE,1,2
06,02,02,038,060202038,QUEBRADA DE PIEDRA,2,POBLADO COMPLETO,1,2
06,02,02,039,060202039,ALTO AGUACATE,2,POBLADO COMPLETO,1,2
06,02,02,040,060202040,ALTOS DEL CÁNTARO,2,POBLADO COMPLETO,1,2
06,02,02,041,060202041,FLORIDA,2,POBLADO COMPLETO,1,2
06,02,02,043,060202043,LOMA BONITA,2,POBLADO COMPLETO,1,2
06,02,02,046,060202046,QUEBRADA LA LLANITA,2,POBLADO COMPLETO,1,2
06,02,02,047,060202047,RÍO LAS MATAS,2,POBLADO COMPLETO,1,2
06,02,02,048,060202048,RÍO NEGRO ABAJO,2,POBLADO COMPLETO,1,2
06,02,02,051,060202051,RÍO VIEJO ABAJO,2,POBLADO COMPLETO,1,2
06,02,03,001,060203001,CHUMICAL,1,CABECERA,1,2
06,02,03,004,060203004,EL JAZMÍN,2,POBLADO COMPLETO,1,2
06,02,03,006,060203006,MEJÍAS ABAJO,2,POBLADO COMPLETO,1,2
06,02,03,007,060203007,MEJÍAS ARRIBA,2,POBLADO COMPLETO,1,2
06,02,03,008,060203008,NANCE BONITO,2,POBLADO COMPLETO,1,2
06,02,03,009,060203009,EL RASCADOR,2,POBLADO COMPLETO,1,2
06,02,03,010,060203010,LA SERVULACA,2,POBLADO COMPLETO,2,2
06,02,04,004,060204004,ARRAIJÁN,2,POBLADO COMPLETO,1,2
06,02,04,006,060204006,LA CULEBRA,2,POBLADO COMPLETO,1,2
06,02,04,007,060204007,EL BARNIZ,2,POBLADO COMPLETO,1,2
06,02,04,010,060204010,EL COROTÚ,2,POBLADO COMPLETO,1,2
06,02,04,011,060204011,EL MAURE,2,POBLADO COMPLETO,1,2
06,02,04,014,060204014,EL PLATITO,2,POBLADO COMPLETO,1,2
06,02,04,015,060204015,EL TIESTAL,2,POBLADO COMPLETO,1,2
06,02,04,016,060204016,EL TORO,1,CABECERA,1,2
06,02,04,017,060204017,RINCÓN DE JUAN DÍAZ,2,POBLADO COMPLETO,1,2
06,02,04,018,060204018,LA CENIZA,2,POBLADO COMPLETO,1,2
06,02,04,021,060204021,LA MARGAJA,2,POBLADO COMPLETO,1,2
06,02,04,022,060204022,LA MIEL,2,POBLADO COMPLETO,1,2
06,02,04,025,060204025,LA RAYA,2,POBLADO COMPLETO,1,2
06,02,04,028,060204028,LOMA DEL MONTUOSO,2,POBLADO COMPLETO,1,2
06,02,04,029,060204029,QUEBRITO,2,POBLADO COMPLETO,1,2
06,02,04,030,060204030,CHEPO,3,POBLADO PARTE,1,2
06,02,04,031,060204031,EL CAÑAFÍSTULO,3,POBLADO PARTE,1,2
06,02,04,032,060204032,LA MALAGUETA ARRIBA,3,POBLADO PARTE,1,2
06,02,04,033,060204033,LAS LAJITAS,2,POBLADO COMPLETO,1,2
06,02,04,035,060204035,EL MARÍN,2,POBLADO COMPLETO,1,2
06,02,04,036,060204036,ALTO AMBROSIO,2,POBLADO COMPLETO,1,2
06,02,04,037,060204037,LA PIEDRA DEL MUNDO,2,POBLADO COMPLETO,1,2
06,02,04,038,060204038,ALTO EL MARTÍN,2,POBLADO COMPLETO,1,2
06,02,04,039,060204039,CERRO ALTO AMBROSIO,2,POBLADO COMPLETO,2,2
06,02,04,040,060204040,EL CASTILLO,2,POBLADO COMPLETO,1,2
06,02,04,041,060204041,EL COCUYO,2,POBLADO COMPLETO,1,2
06,02,04,042,060204042,LA PEÑA DE TEBARIO O LA PEÑA,2,POBLADO COMPLETO,1,2
06,02,04,043,060204043,LAS HUERTAS,2,POBLADO COMPLETO,1,2
06,02,04,044,060204044,LAS MARÍAS,2,POBLADO COMPLETO,1,2
06,02,05,001,060205001,BUENA VISTA,2,POBLADO COMPLETO,1,2
06,02,05,002,060205002,CALABACITO,2,POBLADO COMPLETO,1,2
06,02,05,003,060205003,CERRO COLORADO O LA CORDILLERA,3,POBLADO PARTE,1,2
06,02,05,004,060205004,CERRO LA VACA,2,POBLADO COMPLETO,1,2
06,02,05,005,060205005,EL CIRUELO,2,POBLADO COMPLETO,1,2
06,02,05,008,060205008,EL ÑUCO,2,POBLADO COMPLETO,1,2
06,02,05,009,060205009,EL ÑUQUITO,3,POBLADO PARTE,1,2
06,02,05,010,060205010,EL SALERO,2,POBLADO COMPLETO,1,2
06,02,05,011,060205011,EL SALERO No.1,2,POBLADO COMPLETO,1,2
06,02,05,012,060205012,EL SUAY,2,POBLADO COMPLETO,1,2
06,02,05,013,060205013,LA MALAGUETA ARRIBA,3,POBLADO PARTE,1,2
06,02,05,014,060205014,LA MIEL,2,POBLADO COMPLETO,1,2
06,02,05,015,060205015,LA PEÑA,2,POBLADO COMPLETO,1,2
06,02,05,016,060205016,LA TORRE,2,POBLADO COMPLETO,1,2
06,02,05,017,060205017,LAS LAJAS,2,POBLADO COMPLETO,1,2
06,02,05,018,060205018,LAS LOMAS,2,POBLADO COMPLETO,1,2
06,02,05,021,060205021,LEONES ARRIBA,1,CABECERA,1,2
06,02,05,022,060205022,LOS CEIBOS,2,POBLADO COMPLETO,1,2
06,02,05,023,060205023,LOS HELECHALES,2,POBLADO COMPLETO,1,2
06,02,05,024,060205024,LOS PICACHOS,2,POBLADO COMPLETO,1,2
06,02,05,025,060205025,LLANO AMADOR,2,POBLADO COMPLETO,1,2
06,02,05,026,060205026,RINCÓN DEL GATO,2,POBLADO COMPLETO,1,2
06,02,05,027,060205027,RÍO PARITA,3,POBLADO PARTE,1,2
06,02,05,030,060205030,LEONES ABAJO,2,POBLADO COMPLETO,1,2
06,02,05,031,060205031,LOS VALDESES,2,POBLADO COMPLETO,1,2
06,02,05,032,060205032,EL SUAY ABAJO,2,POBLADO COMPLETO,1,2
06,02,05,033,060205033,EL SUAY ARRIBA,2,POBLADO COMPLETO,1,2
06,02,05,035,060205035,LAS TRANCAS,3,POBLADO PARTE,1,2
06,02,05,036,060205036,LOMA DE LOS MONOS,2,POBLADO COMPLETO,1,2
06,02,05,037,060205037,TRES PUNTAS,3,POBLADO PARTE,1,2
06,02,05,038,060205038,LA ZATRA,2,POBLADO COMPLETO,1,2
06,02,06,002,060206002,LA CUCHARETA,2,POBLADO COMPLETO,1,2
06,02,06,003,060206003,EL ALGODÓN,2,POBLADO COMPLETO,1,2
06,02,06,005,060206005,EL GALLO,2,POBLADO COMPLETO,1,2
06,02,06,006,060206006,EL PROGRESO O EL GUINEO,2,POBLADO COMPLETO,1,2
06,02,06,007,060206007,EL MACANO,2,POBLADO COMPLETO,1,2
06,02,06,008,060206008,EL NANZAL,2,POBLADO COMPLETO,1,2
06,02,06,010,060206010,LA HUACA,2,POBLADO COMPLETO,1,2
06,02,06,012,060206012,LA PACORA No.1,2,POBLADO COMPLETO,1,2
06,02,06,013,060206013,LA PACORA No.2,2,POBLADO COMPLETO,1,2
06,02,06,015,060206015,LAS YESCAS,2,POBLADO COMPLETO,1,2
06,02,06,018,060206018,LOS PORTORRICOS,2,POBLADO COMPLETO,1,2
06,02,06,020,060206020,EL CACAO,2,POBLADO COMPLETO,1,2
06,02,06,025,060206025,QUEBRADA DEL ROSARIO ABAJO,3,POBLADO PARTE,1,2
06,02,06,026,060206026,QUEBRADA DEL ROSARIO,1,CABECERA,1,2
06,02,06,034,060206034,LA COLORADA,2,POBLADO COMPLETO,1,2
06,02,06,035,060206035,EL JUNCAL,2,POBLADO COMPLETO,1,2
06,02,06,036,060206036,LAS PIPAS,2,POBLADO COMPLETO,1,2
06,02,06,037,060206037,LOMA DEL COPÉ O COPÉ ABAJO,3,POBLADO PARTE,1,2
06,02,06,038,060206038,EL CHUMICO,3,POBLADO PARTE,1,2
06,02,07,001,060207001,EL COPÉ,2,POBLADO COMPLETO,1,2
06,02,07,002,060207002,QUEBRADA EL LIMÓN,2,POBLADO COMPLETO,1,2
06,02,07,003,060207003,EL PARQUE,2,POBLADO COMPLETO,1,2
06,02,07,004,060207004,QUEBRADA PIFÁ,2,POBLADO COMPLETO,1,2
06,02,07,005,060207005,LA CUTARRA,2,POBLADO COMPLETO,1,2
06,02,07,006,060207006,LAS MATAS O LAS MATAS ARRIBA,2,POBLADO COMPLETO,1,2
06,02,07,007,060207007,LOMA AZUL,2,POBLADO COMPLETO,1,2
06,02,07,008,060207008,LOMA DEL RANCHITO,2,POBLADO COMPLETO,1,2
06,02,07,009,060207009,LOS VIROTALES,2,POBLADO COMPLETO,1,2
06,02,07,010,060207010,PAJA DE NATÁ,2,POBLADO COMPLETO,1,2
06,02,07,011,060207011,QUEBRADA DEL CÁNTARO,3,POBLADO PARTE,1,2
06,02,07,012,060207012,QUEBRADA EL CIPRIÁN,1,CABECERA,1,2
06,02,07,013,060207013,QUEBRADA HERNÁNDEZ,2,POBLADO COMPLETO,1,2
06,02,07,014,060207014,QUEBRADA RAMOS,3,POBLADO PARTE,1,2
06,02,07,015,060207015,RÍO LA VILLA,3,POBLADO PARTE,1,2
06,02,07,016,060207016,EL CIPRIÁN,2,POBLADO COMPLETO,1,2
06,02,07,017,060207017,DIVISA,2,POBLADO COMPLETO,1,2
06,02,07,018,060207018,EL JACINTO,3,POBLADO PARTE,1,2
06,02,07,019,060207019,LAS MATAS ABAJO,3,POBLADO PARTE,1,2
06,03,01,001,060301001,AGUACATE,2,POBLADO COMPLETO,1,2
06,03,01,002,060301002,BARRO BLANCO,2,POBLADO COMPLETO,1,2
06,03,01,003,060301003,EL BARRERO,3,POBLADO PARTE,1,2
06,03,01,004,060301004,EL COPÉ,3,POBLADO PARTE,1,2
06,03,01,006,060301006,EL CHORRO,2,POBLADO COMPLETO,1,2
06,03,01,007,060301007,EL PIRO,3,POBLADO PARTE,1,2
06,03,01,008,060301008,EL RODEO,2,POBLADO COMPLETO,1,2
06,03,01,009,060301009,ESQUIGUITA,3,POBLADO PARTE,1,2
06,03,01,010,060301010,HONDURAS,2,POBLADO COMPLETO,1,2
06,03,01,012,060301012,LA LLANITA,2,POBLADO COMPLETO,1,2
06,03,01,013,060301013,LA SABANETA DE LOS LEONES,2,POBLADO COMPLETO,1,2
06,03,01,014,060301014,LAS CUESTAS,2,POBLADO COMPLETO,1,2
06,03,01,016,060301016,LOS POZOS,1,CABECERA,1,2
06,03,01,017,060301017,POZOS ABAJO,2,POBLADO COMPLETO,1,2
06,03,01,018,060301018,POZOS ARRIBA,2,POBLADO COMPLETO,1,2
06,03,01,021,060301021,RÍO ARRIBA,3,POBLADO PARTE,1,2
06,03,01,022,060301022,SAN JOSÉ,3,POBLADO PARTE,1,2
06,03,02,001,060302001,EL CAÑAFÍSTULO,2,POBLADO COMPLETO,1,2
06,03,02,002,060302002,EL CAPURÍ,1,CABECERA,1,2
06,03,02,003,060302003,EL PIXVAE,2,POBLADO COMPLETO,1,2
06,03,02,004,060302004,JACINTILLO,2,POBLADO COMPLETO,1,2
06,03,02,005,060302005,LA PALMA,2,POBLADO COMPLETO,1,2
06,03,02,007,060302007,LAS LAGUNITAS,3,POBLADO PARTE,1,2
06,03,02,008,060302008,RÍO ABAJO,2,POBLADO COMPLETO,1,2
06,03,02,009,060302009,RÍO ARRIBA,3,POBLADO PARTE,1,2
06,03,02,010,060302010,ALTO PANAMÁ,2,POBLADO COMPLETO,1,2
06,03,02,012,060302012,EL GALLO,2,POBLADO COMPLETO,2,2
06,03,02,013,060302013,LA SABANETA,2,POBLADO COMPLETO,1,2
06,03,03,001,060303001,EL BONGO,2,POBLADO COMPLETO,1,2
06,03,03,002,060303002,EL CALABACITO,1,CABECERA,1,2
06,03,03,003,060303003,EL GUAYABITO,2,POBLADO COMPLETO,1,2
06,03,03,005,060303005,LA MONTAÑUELA,3,POBLADO PARTE,1,2
06,03,03,006,060303006,LA CANOA,2,POBLADO COMPLETO,1,2
06,03,03,007,060303007,LA GUABITA,2,POBLADO COMPLETO,1,2
06,03,03,008,060303008,LA JOBERA,2,POBLADO COMPLETO,1,2
06,03,03,009,060303009,LA PALMA,2,POBLADO COMPLETO,1,2
06,03,03,010,060303010,LAS LOMAS,2,POBLADO COMPLETO,1,2
06,03,03,011,060303011,MINA HONDA,2,POBLADO COMPLETO,1,2
06,03,03,012,060303012,OJO DE AGUA,3,POBLADO PARTE,1,2
06,03,03,013,060303013,LA TAGUARA,3,POBLADO PARTE,1,2
06,03,04,001,060304001,EL CACAO,2,POBLADO COMPLETO,1,2
06,03,04,002,060304002,EL CEDRO,1,CABECERA,1,2
06,03,04,003,060304003,PALMERO,2,POBLADO COMPLETO,2,2
06,03,04,005,060304005,EL RODEO,2,POBLADO COMPLETO,1,2
06,03,04,006,060304006,LA CIMARRONERA,2,POBLADO COMPLETO,1,2
06,03,04,007,060304007,SAN BERNARDO BAJO DEL CAJETO,2,POBLADO COMPLETO,1,2
06,03,04,009,060304009,LOS JOBOS,2,POBLADO COMPLETO,1,2
06,03,04,010,060304010,ALTO DEL RÍO,3,POBLADO PARTE,1,2
06,03,04,011,060304011,EL MARAÑÓN,2,POBLADO COMPLETO,1,2
06,03,04,012,060304012,EL PEDERNAL ABAJO,2,POBLADO COMPLETO,1,2
06,03,04,013,060304013,EL PEDERNAL ARRIBA,2,POBLADO COMPLETO,1,2
06,03,04,015,060304015,TIERRAS BLANCAS,2,POBLADO COMPLETO,1,2
06,03,04,016,060304016,EL ALTO,2,POBLADO COMPLETO,1,2
06,03,04,017,060304017,EL JAGÜITO,3,POBLADO PARTE,1,2
06,03,05,001,060305001,EL CIRUELITO,2,POBLADO COMPLETO,1,2
06,03,05,002,060305002,LA ARENA,1,CABECERA,1,2
06,03,05,003,060305003,LA MONTAÑUELA,3,POBLADO PARTE,1,2
06,03,05,004,060305004,LA SABANETA,2,POBLADO COMPLETO,1,2
06,03,05,005,060305005,LOS BAJOS,2,POBLADO COMPLETO,1,2
06,03,05,006,060305006,LOS GÜARUMOS,2,POBLADO COMPLETO,1,2
06,03,05,007,060305007,LOS AJÍES,2,POBLADO COMPLETO,1,2
06,03,05,008,060305008,EL COPÉ,3,POBLADO PARTE,1,2
06,03,05,009,060305009,OJO DE AGUA,3,POBLADO PARTE,1,2
06,03,05,010,060305010,QUEBRADA EL JUNQUITO,2,POBLADO COMPLETO,1,2
06,03,05,011,060305011,LA TAGUARA,3,POBLADO PARTE,1,2
06,03,06,002,060306002,CERRO PELUDO,2,POBLADO COMPLETO,1,2
06,03,06,004,060306004,EL CAÑAFÍSTULO,2,POBLADO COMPLETO,1,2
06,03,06,007,060306007,LA BEJUCOSA,2,POBLADO COMPLETO,1,2
06,03,06,008,060306008,LA BRAVITA,2,POBLADO COMPLETO,1,2
06,03,06,010,060306010,LA HONDA DE LOS ÑOPOS,2,POBLADO COMPLETO,1,2
06,03,06,013,060306013,LA LLANITA,2,POBLADO COMPLETO,1,2
06,03,06,014,060306014,LA PAVA,2,POBLADO COMPLETO,2,2
06,03,06,015,060306015,LAS BÓVEDAS,2,POBLADO COMPLETO,1,2
06,03,06,017,060306017,LA ZAHINOSA,2,POBLADO COMPLETO,1,2
06,03,06,018,060306018,LOS ÑOPOS,2,POBLADO COMPLETO,1,2
06,03,06,021,060306021,PITALOZA ABAJO,2,POBLADO COMPLETO,1,2
06,03,06,022,060306022,PITALOZA ARRIBA,1,CABECERA,1,2
06,03,06,023,060306023,QUEBRADA DE PIEDRA,3,POBLADO PARTE,1,2
06,03,06,025,060306025,LA RIALEJA,3,POBLADO PARTE,1,2
06,03,06,026,060306026,TULÚ ARRIBA,3,POBLADO PARTE,1,2
06,03,06,027,060306027,TUMACO ARRIBA,3,POBLADO PARTE,1,2
06,03,06,028,060306028,EL VIEJO,3,POBLADO PARTE,1,2
06,03,06,030,060306030,HONDO DEL NIGUITO,3,POBLADO PARTE,1,2
06,03,06,031,060306031,SANTA CLARA,3,POBLADO PARTE,1,2
06,03,06,034,060306034,BELLA VISTA,2,POBLADO COMPLETO,1,2
06,03,06,035,060306035,EL CERRO,2,POBLADO COMPLETO,1,2
06,03,06,037,060306037,EL CHIROTE,2,POBLADO COMPLETO,1,2
06,03,06,040,060306040,EL CRUCE DE SANTA CLARA,2,POBLADO COMPLETO,1,2
06,03,06,043,060306043,LA FURNIA,2,POBLADO COMPLETO,1,2
06,03,06,052,060306052,QUEBRADA LA HONDA,2,POBLADO COMPLETO,1,2
06,03,06,054,060306054,RINCÓN SÁNCHEZ,2,POBLADO COMPLETO,1,2
06,03,06,055,060306055,LAS NIGÜAS,2,POBLADO COMPLETO,1,2
06,03,07,001,060307001,BORROLA,3,POBLADO PARTE,1,2
06,03,07,002,060307002,CAMARÓN,3,POBLADO PARTE,1,2
06,03,07,003,060307003,EL BARRERO,3,POBLADO PARTE,1,2
06,03,07,004,060307004,EL GUAYABO,2,POBLADO COMPLETO,1,2
06,03,07,005,060307005,ESQUIGUITA,3,POBLADO PARTE,1,2
06,03,07,006,060307006,JUNCALITO,3,POBLADO PARTE,1,2
06,03,07,007,060307007,LA LEGUA,3,POBLADO PARTE,1,2
06,03,07,008,060307008,LA LOMA,2,POBLADO COMPLETO,1,2
06,03,07,009,060307009,LOS CERRITOS,1,CABECERA,1,2
06,03,07,010,060307010,PASO VIEJO,3,POBLADO PARTE,1,2
06,03,07,011,060307011,EL PIRO,3,POBLADO PARTE,1,2
06,03,08,001,060308001,ALTO DEL RÍO,3,POBLADO PARTE,1,2
06,03,08,002,060308002,BAJOS DEL NARANJO,2,POBLADO COMPLETO,1,2
06,03,08,003,060308003,LA CHORRERITA,2,POBLADO COMPLETO,1,2
06,03,08,004,060308004,BAJO DE LA YESCA,2,POBLADO COMPLETO,1,2
06,03,08,007,060308007,LOMA DEL COPÉ O COPÉ ABAJO,3,POBLADO PARTE,1,2
06,03,08,009,060308009,EL CHORRILLO,2,POBLADO COMPLETO,1,2
06,03,08,010,060308010,EL CHUMICO,3,POBLADO PARTE,1,2
06,03,08,011,060308011,EL GUABO,2,POBLADO COMPLETO,1,2
06,03,08,012,060308012,EL JAGÜITO,3,POBLADO PARTE,1,2
06,03,08,015,060308015,EL PEDERNAL ARRIBA,2,POBLADO COMPLETO,1,2
06,03,08,016,060308016,EL SALITRE ABAJO,2,POBLADO COMPLETO,1,2
06,03,08,017,060308017,EL SALITRE ARRIBA,2,POBLADO COMPLETO,1,2
06,03,08,018,060308018,GUARARÉ,2,POBLADO COMPLETO,1,2
06,03,08,023,060308023,LA SABANETA,2,POBLADO COMPLETO,1,2
06,03,08,025,060308025,LAS PIPAS,2,POBLADO COMPLETO,1,2
06,03,08,026,060308026,LA YEGUA,2,POBLADO COMPLETO,1,2
06,03,08,028,060308028,LOS CERROS DE PAJA,1,CABECERA,1,2
06,03,08,029,060308029,MANANTIALES,2,POBLADO COMPLETO,1,2
06,03,08,030,060308030,LOS TORNOS,2,POBLADO COMPLETO,1,2
06,03,08,031,060308031,PAN DE AZÚCAR,2,POBLADO COMPLETO,1,2
06,03,08,032,060308032,QUEBRADA DEL ROSARIO ABAJO,3,POBLADO PARTE,1,2
06,03,08,035,060308035,LA REQUINTA,2,POBLADO COMPLETO,1,2
06,03,08,036,060308036,RÍO ARRIBA,3,POBLADO PARTE,1,2
06,03,08,039,060308039,EL PIÑAL,2,POBLADO COMPLETO,1,2
06,03,08,040,060308040,EL TEMBLOSO,2,POBLADO COMPLETO,1,2
06,03,08,041,060308041,LA AGUADA,2,POBLADO COMPLETO,1,2
06,03,08,042,060308042,EL CALVARIO,2,POBLADO COMPLETO,1,2
06,03,08,043,060308043,LAS LAGUNITAS,3,POBLADO PARTE,1,2
06,03,08,044,060308044,PEÑAS BLANCAS,2,POBLADO COMPLETO,1,2
06,03,09,001,060309001,ALTO DE SAN MIGUEL,2,POBLADO COMPLETO,1,2
06,03,09,002,060309002,EL CARACUCHO,2,POBLADO COMPLETO,1,2
06,03,09,003,060309003,EL CHUMICO,2,POBLADO COMPLETO,1,2
06,03,09,004,060309004,EL COGOLLAL,2,POBLADO COMPLETO,1,2
06,03,09,006,060309006,EL VIEJO,3,POBLADO PARTE,1,2
06,03,09,007,060309007,LAS MATAS ABAJO,3,POBLADO PARTE,1,2
06,03,09,008,060309008,LLANA ABAJO,1,CABECERA,1,2
06,03,09,009,060309009,LLANA ARRIBA,2,POBLADO COMPLETO,1,2
06,03,09,010,060309010,LOS PELADEROS,2,POBLADO COMPLETO,1,2
06,03,09,011,060309011,PALO ALTO,2,POBLADO COMPLETO,1,2
06,03,09,012,060309012,PALO AMARILLO,2,POBLADO COMPLETO,1,2
06,03,09,014,060309014,PALO MAMEY O EL MAMEY,2,POBLADO COMPLETO,1,2
06,03,09,015,060309015,QUEBRADA DE PIEDRA,3,POBLADO PARTE,1,2
06,03,09,018,060309018,TRES QUEBRADAS,2,POBLADO COMPLETO,1,2
06,04,01,001,060401001,LA CABUYA,2,POBLADO COMPLETO,1,2
06,04,01,005,060401005,EL COPÉ,2,POBLADO COMPLETO,1,2
06,04,01,007,060401007,EL GUABO,2,POBLADO COMPLETO,1,2
06,04,01,009,060401009,EL GUAYABITO,2,POBLADO COMPLETO,1,2
06,04,01,012,060401012,EL HIGUITO DE SEÑALES,2,POBLADO COMPLETO,1,2
06,04,01,014,060401014,EL PICADORAL,2,POBLADO COMPLETO,1,2
06,04,01,015,060401015,EL PILÓN,2,POBLADO COMPLETO,1,2
06,04,01,018,060401018,EL TAMARINDO,2,POBLADO COMPLETO,1,2
06,04,01,021,060401021,HIGUITO DEL LLANO,2,POBLADO COMPLETO,1,2
06,04,01,022,060401022,LA MELA,2,POBLADO COMPLETO,1,2
06,04,01,023,060401023,LA AGUSTINA,2,POBLADO COMPLETO,1,2
06,04,01,027,060401027,LA GALLINAZA,2,POBLADO COMPLETO,1,2
06,04,01,029,060401029,RINCÓN GRANDE,2,POBLADO COMPLETO,1,2
06,04,01,030,060401030,SANTA ROSA,2,POBLADO COMPLETO,1,2
06,04,01,031,060401031,LAS GUABAS,2,POBLADO COMPLETO,1,2
06,04,01,033,060401033,LA TEJA,2,POBLADO COMPLETO,1,2
06,04,01,034,060401034,LOS CARATES,3,POBLADO PARTE,1,2
06,04,01,035,060401035,LOS HOYITOS,2,POBLADO COMPLETO,1,2
06,04,01,036,060401036,LOS MITRES,2,POBLADO COMPLETO,1,2
06,04,01,038,060401038,LOS REMEDIOS,2,POBLADO COMPLETO,1,2
06,04,01,040,060401040,LLANO GRANDE,2,POBLADO COMPLETO,1,2
06,04,01,043,060401043,OCÚ,1,CABECERA,1,1
06,04,01,044,060401044,QUEBRADA DE AGUA,2,POBLADO COMPLETO,1,2
06,04,01,045,060401045,SAN PEDRO,2,POBLADO COMPLETO,1,2
06,04,01,047,060401047,LA CAL,2,POBLADO COMPLETO,1,2
06,04,01,049,060401049,FINCA SEÑALES,3,POBLADO PARTE,1,2
06,04,01,050,060401050,LA GUINDABELA,2,POBLADO COMPLETO,1,2
06,04,01,055,060401055,LA ARAÑITA,2,POBLADO COMPLETO,1,2
06,04,01,058,060401058,VISTA HERMOSA,2,POBLADO COMPLETO,1,2
06,04,01,059,060401059,PASO HONDO,3,POBLADO PARTE,1,2
06,04,01,060,060401060,FINCA VILLA RAQUEL,2,POBLADO COMPLETO,1,2
06,04,01,061,060401061,EL GUÁSIMO,2,POBLADO COMPLETO,1,2
06,04,01,062,060401062,URBANIZACIÓN VILLA CANDE,2,POBLADO COMPLETO,1,2
06,04,01,063,060401063,EL PEÑÓN,2,POBLADO COMPLETO,1,2
06,04,02,003,060402003,CERRO COLORADO,2,POBLADO COMPLETO,1,2
06,04,02,004,060402004,CERRO LARGO,1,CABECERA,1,2
06,04,02,007,060402007,EL BARRERO No.1,2,POBLADO COMPLETO,1,2
06,04,02,009,060402009,EL BEJUCAL,2,POBLADO COMPLETO,1,2
06,04,02,011,060402011,EL GUSANILLO,2,POBLADO COMPLETO,1,2
06,04,02,014,060402014,EL PLAN,2,POBLADO COMPLETO,2,2
06,04,02,018,060402018,GUARUMAL,2,POBLADO COMPLETO,1,2
06,04,02,019,060402019,EL PICACHO,2,POBLADO COMPLETO,1,2
06,04,02,021,060402021,LA FRAGUA,2,POBLADO COMPLETO,1,2
06,04,02,022,060402022,LA SABANETA,2,POBLADO COMPLETO,1,2
06,04,02,024,060402024,LOMA DEL GANADO,2,POBLADO COMPLETO,1,2
06,04,02,028,060402028,LOS CAÑAFÍSTULOS O LOS CALABACITOS,2,POBLADO COMPLETO,1,2
06,04,02,029,060402029,LOS MACANITOS,2,POBLADO COMPLETO,1,2
06,04,02,033,060402033,QUEBRADA RISACUA,2,POBLADO COMPLETO,1,2
06,04,02,034,060402034,CABECERA DE RÍO PARITA,2,POBLADO COMPLETO,1,2
06,04,02,037,060402037,ALTO LOS HELECHALES,2,POBLADO COMPLETO,1,2
06,04,02,039,060402039,RÍO PARITA ABAJO,2,POBLADO COMPLETO,1,2
06,04,02,040,060402040,ALTOS DE CERRO LARGO,2,POBLADO COMPLETO,1,2
06,04,02,041,060402041,LA MICHA,2,POBLADO COMPLETO,2,2
06,04,03,001,060403001,AGUAS AZULES,3,POBLADO PARTE,1,2
06,04,03,006,060403006,EL BALITA,2,POBLADO COMPLETO,2,2
06,04,03,007,060403007,EL BARRIGÓN,2,POBLADO COMPLETO,1,2
06,04,03,010,060403010,EL CORCOVADO,2,POBLADO COMPLETO,1,2
06,04,03,013,060403013,GUAYACÁN,2,POBLADO COMPLETO,1,2
06,04,03,016,060403016,EL RODEO DE LAS HUACAS,2,POBLADO COMPLETO,1,2
06,04,03,017,060403017,ENTRADERO DE TIJERAS,2,POBLADO COMPLETO,1,2
06,04,03,018,060403018,LA ARENA O LA ARENITA,2,POBLADO COMPLETO,1,2
06,04,03,019,060403019,LA ASUNCIÓN,2,POBLADO COMPLETO,1,2
06,04,03,020,060403020,LA CAÑAZOZA ARRIBA,2,POBLADO COMPLETO,1,2
06,04,03,021,060403021,LA IGUANA,2,POBLADO COMPLETO,1,2
06,04,03,022,060403022,LA PENITENCIA,2,POBLADO COMPLETO,1,2
06,04,03,025,060403025,LAS FLORES,2,POBLADO COMPLETO,1,2
06,04,03,026,060403026,LAS HUACAS,2,POBLADO COMPLETO,1,2
06,04,03,031,060403031,LOS HIGOS,2,POBLADO COMPLETO,1,2
06,04,03,033,060403033,LOS JARAMILLOS,2,POBLADO COMPLETO,1,2
06,04,03,034,060403034,LOS LLANOS,1,CABECERA,1,2
06,04,03,036,060403036,LOS PÉREZ,2,POBLADO COMPLETO,1,2
06,04,03,037,060403037,LOS POTREROS,2,POBLADO COMPLETO,1,2
06,04,03,041,060403041,RINCÓN SANTO,2,POBLADO COMPLETO,1,2
06,04,03,042,060403042,SAN JOSÉ,2,POBLADO COMPLETO,1,2
06,04,03,044,060403044,LA CAÑAZOZA ABAJO,2,POBLADO COMPLETO,1,2
06,04,03,045,060403045,PONUGUILLA,2,POBLADO COMPLETO,1,2
06,04,03,047,060403047,LA CHEPA,2,POBLADO COMPLETO,1,2
06,04,04,001,060404001,AGUA BUENA,2,POBLADO COMPLETO,1,2
06,04,04,002,060404002,CALABAZAL,2,POBLADO COMPLETO,1,2
06,04,04,003,060404003,EL CAPACHO,2,POBLADO COMPLETO,1,2
06,04,04,004,060404004,EL GUABILO,2,POBLADO COMPLETO,1,2
06,04,04,005,060404005,EL GUAYMÍE,2,POBLADO COMPLETO,1,2
06,04,04,006,060404006,EL HIGUITO DE LA CAÑADA,2,POBLADO COMPLETO,1,2
06,04,04,007,060404007,EL OJAL,2,POBLADO COMPLETO,1,2
06,04,04,008,060404008,EL PAJONAL,2,POBLADO COMPLETO,1,2
06,04,04,009,060404009,LA BODEGA,2,POBLADO COMPLETO,1,2
06,04,04,010,060404010,LA POLONIA,2,POBLADO COMPLETO,1,2
06,04,04,012,060404012,LAS MANUELAS,2,POBLADO COMPLETO,1,2
06,04,04,013,060404013,LAS PALMAS,2,POBLADO COMPLETO,1,2
06,04,04,014,060404014,LA VALDEZA,2,POBLADO COMPLETO,1,2
06,04,04,015,060404015,LOS CARATITOS,2,POBLADO COMPLETO,1,2
06,04,04,016,060404016,LLANO GRANDE,1,CABECERA,1,2
06,04,04,017,060404017,LLANO HATO,2,POBLADO COMPLETO,1,2
06,04,04,018,060404018,PUEBLO NUEVO,2,POBLADO COMPLETO,1,2
06,04,04,019,060404019,EL BAÑADERO,2,POBLADO COMPLETO,1,2
06,04,04,020,060404020,FINCA PIEDRA PINTADA,2,POBLADO COMPLETO,1,2
06,04,04,021,060404021,PASO HONDO,3,POBLADO PARTE,2,2
06,04,05,002,060405002,EL BARRO O EL BARRITO,2,POBLADO COMPLETO,1,2
06,04,05,004,060405004,EL FLORAL,2,POBLADO COMPLETO,1,2
06,04,05,005,060405005,FOLOFO,2,POBLADO COMPLETO,1,2
06,04,05,007,060405007,EL NEGRITO,2,POBLADO COMPLETO,1,2
06,04,05,008,060405008,JESUITO,2,POBLADO COMPLETO,1,2
06,04,05,009,060405009,LA CHORRERA,2,POBLADO COMPLETO,1,2
06,04,05,011,060405011,LA RAYA,2,POBLADO COMPLETO,1,2
06,04,05,012,060405012,LAS DOS BOCAS,2,POBLADO COMPLETO,1,2
06,04,05,013,060405013,LAS PAREDES,2,POBLADO COMPLETO,1,2
06,04,05,014,060405014,FINCA LA PIÑUELA,2,POBLADO COMPLETO,1,2
06,04,05,015,060405015,LOS CARATES,3,POBLADO PARTE,1,2
06,04,05,017,060405017,LLANO LARGO,2,POBLADO COMPLETO,1,2
06,04,05,019,060405019,PASO LAJAS,2,POBLADO COMPLETO,1,2
06,04,05,020,060405020,PEÑAS CHATAS,1,CABECERA,1,2
06,04,05,021,060405021,CERRO INÉS,2,POBLADO COMPLETO,1,2
06,04,05,023,060405023,MAJARILLA,2,POBLADO COMPLETO,1,2
06,04,05,024,060405024,BECILLA,2,POBLADO COMPLETO,1,2
06,04,05,025,060405025,FINCA LOS VERALES,2,POBLADO COMPLETO,1,2
06,04,06,001,060406001,AGUAS AZULES,3,POBLADO PARTE,1,2
06,04,06,002,060406002,BOQUERÓN,2,POBLADO COMPLETO,1,2
06,04,06,003,060406003,CERRO DE PAJA,2,POBLADO COMPLETO,1,2
06,04,06,004,060406004,EL CEBADERO,2,POBLADO COMPLETO,1,2
06,04,06,005,060406005,EL GUÁSIMO,2,POBLADO COMPLETO,1,2
06,04,06,006,060406006,EL DESBARRANCADO,2,POBLADO COMPLETO,1,2
06,04,06,007,060406007,EL PEÑÓN,2,POBLADO COMPLETO,1,2
06,04,06,008,060406008,LA CULEBRA,2,POBLADO COMPLETO,1,2
06,04,06,009,060406009,LA PEÑA DEL SUAY,2,POBLADO COMPLETO,1,2
06,04,06,010,060406010,LIMÓN DE TIJERAS,1,CABECERA,1,2
06,04,06,011,060406011,LOMA LARGA,2,POBLADO COMPLETO,1,2
06,04,06,012,060406012,LOS ARENALES,2,POBLADO COMPLETO,1,2
06,04,06,013,060406013,LOS PLANES,2,POBLADO COMPLETO,1,2
06,04,06,014,060406014,LOS SALITRES,2,POBLADO COMPLETO,1,2
06,04,06,015,060406015,PASO HONDO,2,POBLADO COMPLETO,1,2
06,04,06,016,060406016,TIJERAS,2,POBLADO COMPLETO,1,2
06,04,07,001,060407001,EL CHORRO,2,POBLADO COMPLETO,1,2
06,04,07,002,060407002,EL POTRERO,2,POBLADO COMPLETO,1,2
06,04,07,003,060407003,EL YERBO,2,POBLADO COMPLETO,1,2
06,04,07,004,060407004,ELAINA,2,POBLADO COMPLETO,1,2
06,04,07,005,060407005,ENTRADERO DE MENCHACA,2,POBLADO COMPLETO,1,2
06,04,07,006,060407006,FINCA SEÑALES,3,POBLADO PARTE,1,2
06,04,07,007,060407007,GUAZAMBA,2,POBLADO COMPLETO,1,2
06,04,07,008,060407008,JAGUA,2,POBLADO COMPLETO,1,2
06,04,07,009,060407009,LA ARENA,2,POBLADO COMPLETO,1,2
06,04,07,010,060407010,LA GAITANA,2,POBLADO COMPLETO,1,2
06,04,07,012,060407012,LAS LAJAS,2,POBLADO COMPLETO,1,2
06,04,07,013,060407013,LOS BAJOS DEL CUSCÚ,2,POBLADO COMPLETO,1,2
06,04,07,014,060407014,MENCHACA,1,CABECERA,1,2
06,04,07,015,060407015,MENCHAQUITA,2,POBLADO COMPLETO,1,2
06,04,07,016,060407016,VALLE RICO,2,POBLADO COMPLETO,1,2
06,04,07,017,060407017,VALLE RICO ABAJO,2,POBLADO COMPLETO,1,2
06,04,07,018,060407018,ALTOS DE LOS GRINGOS,2,POBLADO COMPLETO,1,2
06,04,07,019,060407019,EL SALTO,2,POBLADO COMPLETO,2,2
06,04,08,001,060408001,ALTO DEL CASTILLO,2,POBLADO COMPLETO,1,2
06,04,08,002,060408002,ALTO DE LOS MONTENEGROS,2,POBLADO COMPLETO,1,2
06,04,08,003,060408003,AVE MARÍA ABAJO,2,POBLADO COMPLETO,1,2
06,04,08,004,060408004,CERRO AGUDO,2,POBLADO COMPLETO,1,2
06,04,08,006,060408006,CERRO PRIETO,2,POBLADO COMPLETO,1,2
06,04,08,007,060408007,EL AVE MARÍA,2,POBLADO COMPLETO,1,2
06,04,08,008,060408008,EL CARACUCHO,2,POBLADO COMPLETO,2,2
06,04,08,009,060408009,EL BORRIGUERO,2,POBLADO COMPLETO,1,2
06,04,08,010,060408010,EL PÁJARO,2,POBLADO COMPLETO,1,2
06,04,08,011,060408011,EL RASCADOR,2,POBLADO COMPLETO,1,2
06,04,08,012,060408012,EL ZAPOTAL,2,POBLADO COMPLETO,1,2
06,04,08,013,060408013,ENTRADERO DEL CASTILLO,1,CABECERA,1,2
06,04,08,014,060408014,LA COLORADA,2,POBLADO COMPLETO,1,2
06,04,08,015,060408015,LAS VUELTAS,2,POBLADO COMPLETO,1,2
06,04,08,016,060408016,LOS ASIENTOS,2,POBLADO COMPLETO,1,2
06,04,08,017,060408017,LOS NEGROS,2,POBLADO COMPLETO,1,2
06,04,08,018,060408018,LOS YERBOS,2,POBLADO COMPLETO,1,2
06,04,08,019,060408019,RÍO SEÑALES,2,POBLADO COMPLETO,1,2
06,05,01,001,060501001,AGUA DE MASA,2,POBLADO COMPLETO,1,2
06,05,01,002,060501002,CAÑACILLAS,2,POBLADO COMPLETO,1,2
06,05,01,004,060501004,CERRO GORDO,2,POBLADO COMPLETO,1,2
06,05,01,006,060501006,EL COROZO,2,POBLADO COMPLETO,1,2
06,05,01,008,060501008,LOS TAMBORITOS,2,POBLADO COMPLETO,1,2
06,05,01,009,060501009,EL HATILLO,2,POBLADO COMPLETO,2,2
06,05,01,010,060501010,EL HORCÓN,2,POBLADO COMPLETO,1,2
06,05,01,011,060501011,EL MACANO,2,POBLADO COMPLETO,1,2
06,05,01,012,060501012,EL MANGAL,2,POBLADO COMPLETO,1,2
06,05,01,015,060501015,EL RATÓN,2,POBLADO COMPLETO,1,2
06,05,01,016,060501016,EL RODEO,2,POBLADO COMPLETO,1,2
06,05,01,017,060501017,EL SESTEADERO,2,POBLADO COMPLETO,1,2
06,05,01,018,060501018,JUAN BLANCO,2,POBLADO COMPLETO,1,2
06,05,01,020,060501020,LA PERCHA O LAS FLORES,2,POBLADO COMPLETO,1,2
06,05,01,022,060501022,LAS BOTAS,2,POBLADO COMPLETO,1,2
06,05,01,023,060501023,LAS MERCEDES,2,POBLADO COMPLETO,1,2
06,05,01,025,060501025,LOS GRULLOS O SARIGUA,2,POBLADO COMPLETO,2,2
06,05,01,026,060501026,LOS PANAMAES,2,POBLADO COMPLETO,1,2
06,05,01,028,060501028,MAGALLÓN,2,POBLADO COMPLETO,1,2
06,05,01,030,060501030,PALO GRANDE,2,POBLADO COMPLETO,1,2
06,05,01,031,060501031,PARITA,1,CABECERA,1,1
06,05,01,033,060501033,PUERTO LIMÓN,2,POBLADO COMPLETO,1,2
06,05,01,035,060501035,QUEBRADA GRANDE,3,POBLADO PARTE,1,2
06,05,01,036,060501036,RÍO PARITA,3,POBLADO PARTE,1,2
06,05,01,039,060501039,LA HUACA,2,POBLADO COMPLETO,1,2
06,05,01,042,060501042,LAS BODAS,2,POBLADO COMPLETO,1,2
06,05,01,043,060501043,EL TORONJO,2,POBLADO COMPLETO,1,2
06,05,01,044,060501044,HACIENDA MARÍA,2,POBLADO COMPLETO,1,2
06,05,01,046,060501046,LA DESBARRANCADA,2,POBLADO COMPLETO,1,2
06,05,01,050,060501050,CAMINO EL MANGAL,2,POBLADO COMPLETO,1,2
06,05,01,052,060501052,EL PENONO,2,POBLADO COMPLETO,1,2
06,05,01,053,060501053,LA CAMARONERA,2,POBLADO COMPLETO,2,2
06,05,01,055,060501055,LA TENERÍA,2,POBLADO COMPLETO,1,2
06,05,01,056,060501056,EL GUANÁBANO,2,POBLADO COMPLETO,1,2
06,05,01,057,060501057,FINCA NELLY,2,POBLADO COMPLETO,1,2
06,05,02,001,060502001,CABUYA,1,CABECERA,1,2
06,05,02,003,060502003,EL PEDERNAL,2,POBLADO COMPLETO,1,2
06,05,02,005,060502005,LA BARRERA,2,POBLADO COMPLETO,1,2
06,05,02,007,060502007,LA UVA,2,POBLADO COMPLETO,1,2
06,05,02,008,060502008,LAS MARGARITAS,2,POBLADO COMPLETO,1,2
06,05,02,009,060502009,LOS HIGOS,2,POBLADO COMPLETO,1,2
06,05,02,010,060502010,PALO SECO,2,POBLADO COMPLETO,1,2
06,05,02,011,060502011,POTUGUILLA,2,POBLADO COMPLETO,1,2
06,05,02,015,060502015,FINCA MAREJOBO,3,POBLADO PARTE,2,2
06,05,02,016,060502016,GUERRA,2,POBLADO COMPLETO,2,2
06,05,02,017,060502017,LA GACHA,2,POBLADO COMPLETO,2,2
06,05,02,018,060502018,LAS LAJITAS,2,POBLADO COMPLETO,2,2
06,05,03,001,060503001,EL CASTILLITO,2,POBLADO COMPLETO,1,2
06,05,03,002,060503002,EL CIRUELITO,2,POBLADO COMPLETO,1,2
06,05,03,003,060503003,JENGIBRE O EL JENGIBRE,2,POBLADO COMPLETO,1,2
06,05,03,004,060503004,LAS FLORES,2,POBLADO COMPLETO,1,2
06,05,03,007,060503007,LOS CASTILLOS,1,CABECERA,1,2
06,05,03,008,060503008,OJO DE AGUA,2,POBLADO COMPLETO,1,2
06,05,03,009,060503009,SANTO DOMINGO,2,POBLADO COMPLETO,1,2
06,05,03,010,060503010,FINCA EL LAGO,2,POBLADO COMPLETO,1,2
06,05,04,002,060504002,LOS CANTOS,2,POBLADO COMPLETO,1,2
06,05,04,004,060504004,LLANO DE LA CRUZ,1,CABECERA,1,2
06,05,04,005,060504005,FINCA LOS LIRIOS,2,POBLADO COMPLETO,1,2
06,05,05,001,060505001,CORREA,3,POBLADO PARTE,1,2
06,05,05,002,060505002,EL CANGREJAL,2,POBLADO COMPLETO,1,2
06,05,05,003,060505003,LA COLONIA,2,POBLADO COMPLETO,1,2
06,05,05,004,060505004,LOS BRAVOS,2,POBLADO COMPLETO,1,2
06,05,05,005,060505005,PARÍS,1,CABECERA,1,2
06,05,05,006,060505006,PARÍS VIEJO,2,POBLADO COMPLETO,1,2
06,05,05,007,060505007,FINCA SANTA ROSA,2,POBLADO COMPLETO,1,2
06,05,05,008,060505008,CRUCE DE POTUGA,2,POBLADO COMPLETO,1,2
06,05,05,009,060505009,EL BICUECO,3,POBLADO PARTE,1,2
06,05,05,010,060505010,EL LIRIO,2,POBLADO COMPLETO,1,2
06,05,05,013,060505013,EL PEREQUE,2,POBLADO COMPLETO,2,2
06,05,05,014,060505014,EL REMOLINO,2,POBLADO COMPLETO,2,2
06,05,05,015,060505015,EL TIGRE,2,POBLADO COMPLETO,1,2
06,05,05,016,060505016,FINCA JARAMILLO,2,POBLADO COMPLETO,1,2
06,05,05,017,060505017,FINCA LA MATA O LOS BAJOS,2,POBLADO COMPLETO,1,2
06,05,05,018,060505018,LA PALMA,2,POBLADO COMPLETO,1,2
06,05,05,019,060505019,LA PARIDERA,2,POBLADO COMPLETO,1,2
06,05,05,020,060505020,LOS POZITOS,2,POBLADO COMPLETO,2,2
06,05,05,021,060505021,LLANO ESPINO,2,POBLADO COMPLETO,1,2
06,05,05,022,060505022,LA BOLA DE ORO,2,POBLADO COMPLETO,2,2
06,05,06,002,060506002,EL BICUECO,3,POBLADO PARTE,1,2
06,05,06,005,060506005,LA VALENCIA,2,POBLADO COMPLETO,1,2
06,05,06,006,060506006,PORTOBELILLO,1,CABECERA,1,2
06,05,07,001,060507001,LA CONCEPCIÓN,2,POBLADO COMPLETO,1,2
06,05,07,002,060507002,POTUGA,1,CABECERA,1,2
06,05,07,003,060507003,CORREA,3,POBLADO PARTE,1,2
06,05,07,004,060507004,FINCA MAREJOBO,3,POBLADO PARTE,1,2
06,05,07,005,060507005,EL MARTÍN,2,POBLADO COMPLETO,1,2
06,06,01,001,060601001,PESÉ,1,CABECERA,1,1
06,06,02,001,060602001,BULUNGO,2,POBLADO COMPLETO,1,2
06,06,02,002,060602002,CABUYA,2,POBLADO COMPLETO,1,2
06,06,02,003,060602003,CASCAJALILLO,2,POBLADO COMPLETO,1,2
06,06,02,004,060602004,EL CALABAZO,2,POBLADO COMPLETO,1,2
06,06,02,005,060602005,EL CIRUELITO,2,POBLADO COMPLETO,1,2
06,06,02,006,060602006,LA ARENITA,2,POBLADO COMPLETO,1,2
06,06,02,007,060602007,LAS CABRAS,1,CABECERA,1,2
06,06,02,008,060602008,LAS FLORES,2,POBLADO COMPLETO,1,2
06,06,02,009,060602009,LLANO BARRERO,2,POBLADO COMPLETO,1,2
06,06,02,011,060602011,EL VASCO,2,POBLADO COMPLETO,1,2
06,06,02,013,060602013,FINCA SÓCRATES ATANASIADES O CAÑAZAS,3,POBLADO PARTE,1,2
06,06,02,014,060602014,BARRIADA OMAR TORRIJOS,2,POBLADO COMPLETO,1,2
06,06,02,015,060602015,LLANO DEL RÍO,2,POBLADO COMPLETO,1,2
06,06,02,016,060602016,LA CRIOLLA,2,POBLADO COMPLETO,1,2
06,06,02,017,060602017,LOS MAYAS,2,POBLADO COMPLETO,1,2
06,06,02,018,060602018,LOS VELÁSQUEZ,2,POBLADO COMPLETO,1,2
06,06,02,019,060602019,EL VALLE DE TINAJITA,2,POBLADO COMPLETO,2,2
06,06,02,020,060602020,INGENIO VARELA O FINCA SAN ISIDRO,2,POBLADO COMPLETO,1,2
06,06,03,001,060603001,VILLA ROSA,2,POBLADO COMPLETO,1,2
06,06,03,002,060603002,EL CAPACHO,2,POBLADO COMPLETO,1,2
06,06,03,003,060603003,EL JAZMÍN,2,POBLADO COMPLETO,1,2
06,06,03,004,060603004,EL JAZMINCITO,2,POBLADO COMPLETO,1,2
06,06,03,005,060603005,EL PÁJARO,4,CABECERA PARTE (Mixto),1,2
06,06,03,006,060603006,LA ARENITA,2,POBLADO COMPLETO,1,2
06,06,03,007,060603007,LLANO DEL RÍO,2,POBLADO COMPLETO,1,2
06,06,03,008,060603008,BAYANO,3,POBLADO PARTE,1,2
06,06,03,009,060603009,LA UVITA,2,POBLADO COMPLETO,1,2
06,06,03,010,060603010,OJO DE AGUA,2,POBLADO COMPLETO,1,2
06,06,03,012,060603012,LA MONA,2,POBLADO COMPLETO,1,2
06,06,03,013,060603013,LA VALDESA,2,POBLADO COMPLETO,1,2
06,06,04,001,060604001,BAYANO,3,POBLADO PARTE,1,2
06,06,04,003,060604003,EL BARRERO,4,CABECERA PARTE (Mixto),1,2
06,06,04,004,060604004,EL MARAÑÓN,2,POBLADO COMPLETO,1,2
06,06,04,006,060604006,LOS HATILLOS,2,POBLADO COMPLETO,1,2
06,06,04,007,060604007,LOS METALES,2,POBLADO COMPLETO,1,2
06,06,04,008,060604008,PUEBLO NUEVO,2,POBLADO COMPLETO,1,2
06,06,04,009,060604009,EL PÁJARO,3,POBLADO PARTE,1,2
06,06,04,010,060604010,QUEBRADA GRANDE,3,POBLADO PARTE,1,2
06,06,04,011,060604011,FINCA SÓCRATES ATANASIADES O CAÑAZAS,3,POBLADO PARTE,2,2
06,06,05,001,060605001,EL HATILLO,2,POBLADO COMPLETO,1,2
06,06,05,002,060605002,EL PEDREGOSITO,2,POBLADO COMPLETO,1,2
06,06,05,003,060605003,EL PEDREGOSO,1,CABECERA,1,2
06,06,05,004,060605004,LA CANDELARIA,2,POBLADO COMPLETO,1,2
06,06,06,001,060606001,EL BALILLO,2,POBLADO COMPLETO,1,2
06,06,06,002,060606002,EL CIRUELO,2,POBLADO COMPLETO,1,2
06,06,06,003,060606003,EL CASTILLO,2,POBLADO COMPLETO,1,2
06,06,06,005,060606005,EL PILÓN,2,POBLADO COMPLETO,1,2
06,06,06,006,060606006,LAS MESITAS,2,POBLADO COMPLETO,1,2
06,06,06,007,060606007,LA TRINIDAD,1,CABECERA,1,2
06,06,06,008,060606008,LA TRINIDAITA,2,POBLADO COMPLETO,1,2
06,06,06,009,060606009,LLANO DE LOS REYES O EL CIRUELO ABAJO,2,POBLADO COMPLETO,1,2
06,06,06,010,060606010,EL HATILLITO,2,POBLADO COMPLETO,1,2
06,06,06,011,060606011,LLANO ALMANZA,2,POBLADO COMPLETO,1,2
06,06,06,012,060606012,LOS CHURROS,2,POBLADO COMPLETO,1,2
06,06,06,013,060606013,LOS ANASTACIOS,2,POBLADO COMPLETO,1,2
06,06,06,014,060606014,PASO REAL,2,POBLADO COMPLETO,2,2
06,06,07,001,060607001,ALTO DEL ROSARIO,2,POBLADO COMPLETO,1,2
06,06,07,002,060607002,BAHÍA HONDA,2,POBLADO COMPLETO,1,2
06,06,07,003,060607003,BAHÍA HONDA ARRIBA,2,POBLADO COMPLETO,2,2
06,06,07,004,060607004,LOS BARRERITOS,2,POBLADO COMPLETO,1,2
06,06,07,005,060607005,CERRO PELADO,2,POBLADO COMPLETO,1,2
06,06,07,006,060607006,BARRIADA SAN ISIDRO,2,POBLADO COMPLETO,1,2
06,06,07,007,060607007,EL POTRERO,2,POBLADO COMPLETO,1,2
06,06,07,008,060607008,EL QUIRA,3,POBLADO PARTE,1,2
06,06,07,009,060607009,LAS MARÍAS,2,POBLADO COMPLETO,1,2
06,06,07,010,060607010,LOS CORRALILLOS,2,POBLADO COMPLETO,1,2
06,06,07,011,060607011,MANDINGA,2,POBLADO COMPLETO,1,2
06,06,07,012,060607012,PEÑAS MORADAS,2,POBLADO COMPLETO,1,2
06,06,07,013,060607013,PEÑAS PRIETAS,2,POBLADO COMPLETO,1,2
06,06,07,014,060607014,SABANA GRANDE,1,CABECERA,1,2
06,06,07,015,060607015,FINCA EL MORO,2,POBLADO COMPLETO,1,2
06,06,07,017,060607017,EL MORO,2,POBLADO COMPLETO,1,2
06,06,07,018,060607018,LA ESTANCIA,2,POBLADO COMPLETO,1,2
06,06,08,001,060608001,BORROLA,3,POBLADO PARTE,1,2
06,06,08,002,060608002,CAMARÓN,3,POBLADO PARTE,1,2
06,06,08,003,060608003,EL BANCO,2,POBLADO COMPLETO,1,2
06,06,08,004,060608004,EL COCUYO,2,POBLADO COMPLETO,1,2
06,06,08,005,060608005,EL QUIRA,3,POBLADO PARTE,1,2
06,06,08,006,060608006,ESQUIGUITA,3,POBLADO PARTE,1,2
06,06,08,007,060608007,JUNCALITO,3,POBLADO PARTE,1,2
06,06,08,008,060608008,LA LEGUA,3,POBLADO PARTE,1,2
06,06,08,009,060608009,LOS CARATES,2,POBLADO COMPLETO,1,2
06,06,08,010,060608010,PASO VIEJO,3,POBLADO PARTE,1,2
06,06,08,011,060608011,PEDERNAL,2,POBLADO COMPLETO,1,2
06,06,08,012,060608012,RINCÓN HONDO,1,CABECERA,1,2
06,06,08,013,060608013,EL GUAYABO,2,POBLADO COMPLETO,1,2
06,06,08,014,060608014,EL LIMÓN,2,POBLADO COMPLETO,1,2
06,06,08,015,060608015,BARRIO LINDO,2,POBLADO COMPLETO,1,2
06,06,08,016,060608016,QUEBRADA CAMARÓN,2,POBLADO COMPLETO,1,2
06,07,01,001,060701001,DIVISA,3,POBLADO PARTE,1,2
06,07,01,008,060701008,SANTA MARÍA,1,CABECERA,1,1
06,07,01,009,060701009,CAMPAMENTO LOS CANELOS,2,POBLADO COMPLETO,1,2
06,07,02,002,060702002,CHUPAMPA,1,CABECERA,1,2
06,07,02,003,060702003,EL COCUYO,2,POBLADO COMPLETO,1,2
06,07,02,004,060702004,EL ESPINITO,2,POBLADO COMPLETO,1,2
06,07,02,005,060702005,EL HIGUITO,2,POBLADO COMPLETO,1,2
06,07,02,008,060702008,CONACA O EL ZUECO,2,POBLADO COMPLETO,1,2
06,07,02,012,060702012,SALAMANCA,3,POBLADO PARTE,1,2
06,07,02,013,060702013,PEDRO JUAN O CALLEJÓN HONDO,2,POBLADO COMPLETO,1,2
06,07,02,017,060702017,PUEBLO NUEVO,2,POBLADO COMPLETO,1,2
06,07,02,018,060702018,LA TEJA,2,POBLADO COMPLETO,1,2
06,07,02,019,060702019,LOS PANAMAES,2,POBLADO COMPLETO,1,2
06,07,02,020,060702020,LAS LAJAS,2,POBLADO COMPLETO,1,2
06,07,02,021,060702021,CAÑACILLAS,3,POBLADO PARTE,1,2
06,07,02,022,060702022,EL LIMÓN,3,POBLADO PARTE,1,2
06,07,03,003,060703003,EL RODEO,2,POBLADO COMPLETO,1,2
06,07,03,004,060703004,ESCOTA,2,POBLADO COMPLETO,1,2
06,07,03,005,060703005,EL RINCÓN,1,CABECERA,1,2
06,07,03,006,060703006,EL LIMÓN,2,POBLADO COMPLETO,1,2
06,07,03,007,060703007,RINCÓN GRANDE O LAS MACANAS,2,POBLADO COMPLETO,1,2
06,07,03,008,060703008,EL CAÑAFÍSTULO O LAS GARZAS,2,POBLADO COMPLETO,1,2
06,07,03,009,060703009,EL NARANJAL,3,POBLADO PARTE,1,2
06,07,03,010,060703010,EL TORNO,2,POBLADO COMPLETO,1,2
06,07,03,011,060703011,LAS CORREDORAS,2,POBLADO COMPLETO,1,2
06,07,03,012,060703012,PARQUE LAS MACANAS,2,POBLADO COMPLETO,2,2
06,07,04,001,060704001,CAÑACILLAS,3,POBLADO PARTE,1,2
06,07,04,002,060704002,EL LIMÓN,4,CABECERA PARTE (Mixto),1,2
06,07,04,003,060704003,EL OLIVO,2,POBLADO COMPLETO,1,2
06,07,04,004,060704004,LA ARENITA O LA ARENA,2,POBLADO COMPLETO,1,2
06,07,04,005,060704005,LA CRUZ DEL RAYO,2,POBLADO COMPLETO,1,2
06,07,04,006,060704006,LA ORTÍZ,2,POBLADO COMPLETO,1,2
06,07,04,007,060704007,SANTA ANA,2,POBLADO COMPLETO,1,2
06,07,04,008,060704008,VALDIVIESO,2,POBLADO COMPLETO,1,2
06,07,04,009,060704009,EL CHAPARRAL,2,POBLADO COMPLETO,1,2
06,07,04,010,060704010,FINCA EL GUANÁBANO,2,POBLADO COMPLETO,1,2
06,07,04,011,060704011,SALOBRE,2,POBLADO COMPLETO,2,2
06,07,05,001,060705001,DIVISA,3,POBLADO PARTE,1,2
06,07,05,002,060705002,FINCA LA CHUMICOSA,2,POBLADO COMPLETO,1,2
06,07,05,003,060705003,LOS CALABACITOS O FINCA LOS CALABACITOS,2,POBLADO COMPLETO,1,2
06,07,05,004,060705004,LOS CANELOS,1,CABECERA,1,2
06,07,05,005,060705005,LOS GÜICHICHES,2,POBLADO COMPLETO,1,2
06,07,05,006,060705006,SALAMANCA,3,POBLADO PARTE,1,2
06,07,05,007,060705007,CAÑACILLAS,3,POBLADO PARTE,1,2
06,07,05,008,060705008,FINCA LOS CORRALITOS,2,POBLADO COMPLETO,2,2
06,07,05,009,060705009,EL PARAÍSO,2,POBLADO COMPLETO,1,2
07,01,01,002,070101002,EL CRUCE DEL MONTERO,2,POBLADO COMPLETO,1,2
07,01,01,004,070101004,GUARARÉ,1,CABECERA,1,1
07,01,01,006,070101006,LA GUACA,2,POBLADO COMPLETO,1,2
07,01,01,008,070101008,LAS LAGUNITAS,2,POBLADO COMPLETO,1,2
07,01,01,010,070101010,LOMA DEL JAGUA,2,POBLADO COMPLETO,1,2
07,01,01,011,070101011,EL ESPAVÉ,2,POBLADO COMPLETO,1,2
07,01,01,012,070101012,URBANIZACIÓN MIRADOR DEL BOSQUE,2,POBLADO COMPLETO,1,1
07,01,01,013,070101013,RESIDENCIAL BELLA VISTA,2,POBLADO COMPLETO,1,2
07,01,01,014,070101014,RESIDENCIAL LOMA LA JAGUA,2,POBLADO COMPLETO,1,2
07,01,01,015,070101015,RESIDENCIAL EL MONTERO,3,POBLADO PARTE,1,2
07,01,02,001,070102001,CIÉNAGA LARGA,2,POBLADO COMPLETO,1,2
07,01,02,002,070102002,CHUMAJAL,2,POBLADO COMPLETO,1,2
07,01,02,003,070102003,EL BARRERO,2,POBLADO COMPLETO,1,2
07,01,02,004,070102004,EL CRUCE,2,POBLADO COMPLETO,1,2
07,01,02,005,070102005,EL ESPINAL,4,CABECERA PARTE (Mixto),1,2
07,01,02,006,070102006,EL GALAPAGUERO,2,POBLADO COMPLETO,1,2
07,01,02,007,070102007,EL MANGOTE,2,POBLADO COMPLETO,1,2
07,01,02,008,070102008,LA ALBINA GRANDE,2,POBLADO COMPLETO,1,2
07,01,02,009,070102009,LAGARTILLO,2,POBLADO COMPLETO,1,2
07,01,02,010,070102010,LA LOMA,2,POBLADO COMPLETO,1,2
07,01,02,011,070102011,LA CALZADA,2,POBLADO COMPLETO,1,2
07,01,02,013,070102013,TIERRA BLANCA,2,POBLADO COMPLETO,1,2
07,01,02,015,070102015,EL NANZAL,3,POBLADO PARTE,1,2
07,01,03,001,070103001,BUENA VISTA,2,POBLADO COMPLETO,1,2
07,01,03,002,070103002,CANAJAGUA,3,POBLADO PARTE,1,2
07,01,03,003,070103003,CUCULA,2,POBLADO COMPLETO,1,2
07,01,03,004,070103004,CUCULITA,2,POBLADO COMPLETO,1,2
07,01,03,005,070103005,EL MACANO,1,CABECERA,1,2
07,01,03,006,070103006,LA GUINEA,2,POBLADO COMPLETO,1,2
07,01,03,007,070103007,LOS CALABACITOS,2,POBLADO COMPLETO,1,2
07,01,03,008,070103008,LOS TORETOS,2,POBLADO COMPLETO,1,2
07,01,03,009,070103009,NALU,2,POBLADO COMPLETO,1,2
07,01,03,011,070103011,SANTA ANA,2,POBLADO COMPLETO,1,2
07,01,04,001,070104001,GUARARÉ ARRIBA,1,CABECERA,1,2
07,01,04,003,070104003,EL COCO O PUEBLO NUEVO,2,POBLADO COMPLETO,1,2
07,01,04,004,070104004,QUEBRADA GRANDE,3,POBLADO PARTE,1,2
07,01,04,005,070104005,LA GUACA,2,POBLADO COMPLETO,1,2
07,01,04,006,070104006,LOS PERALES,2,POBLADO COMPLETO,2,2
07,01,04,007,070104007,EL BERBESÍ,2,POBLADO COMPLETO,1,2
07,01,04,008,070104008,LAS PEÑAS,2,POBLADO COMPLETO,1,2
07,01,05,002,070105002,EL PUERTO,2,POBLADO COMPLETO,1,2
07,01,05,003,070105003,LA ALBINA DEL CALABAZO,2,POBLADO COMPLETO,1,2
07,01,05,004,070105004,LA ENEA,1,CABECERA,1,1
07,01,05,006,070105006,LOS CUERNITOS,2,POBLADO COMPLETO,1,2
07,01,05,008,070105008,PLAYA BELLA VISTA,2,POBLADO COMPLETO,1,2
07,01,05,009,070105009,EL PALACIO,2,POBLADO COMPLETO,1,2
07,01,05,010,070105010,PLAYA LONGORONAL,2,POBLADO COMPLETO,1,2
07,01,06,001,070106001,EL NANZAL,3,POBLADO PARTE,1,2
07,01,06,002,070106002,LA PASERA,1,CABECERA,1,2
07,01,06,004,070106004,EL MONTERO,3,POBLADO PARTE,1,2
07,01,06,005,070106005,BARRIADA SANTA LIBRADA,2,POBLADO COMPLETO,1,2
07,01,06,006,070106006,RESIDENCIAL EL MONTERO,3,POBLADO PARTE,1,2
07,01,06,007,070106007,BARRIADA LAS MERCEDES,2,POBLADO COMPLETO,1,2
07,01,06,008,070106008,RESIDENCIAL MARÍA BONITA,2,POBLADO COMPLETO,1,2
07,01,07,001,070107001,CAÑAFÍSTULO,2,POBLADO COMPLETO,1,2
07,01,07,002,070107002,EL CODICIOSO,2,POBLADO COMPLETO,1,2
07,01,07,003,070107003,CHUMICAL,3,POBLADO PARTE,1,2
07,01,07,004,070107004,EL RODEO,2,POBLADO COMPLETO,1,2
07,01,07,006,070107006,LA FLOR,2,POBLADO COMPLETO,1,2
07,01,07,007,070107007,LA PALMA,2,POBLADO COMPLETO,1,2
07,01,07,008,070107008,LA PITA,2,POBLADO COMPLETO,1,2
07,01,07,009,070107009,LAS TRANCAS,1,CABECERA,1,2
07,01,07,010,070107010,LAS TRANQUITAS,2,POBLADO COMPLETO,1,2
07,01,07,012,070107012,EL TORO O CERRO EL TORO,2,POBLADO COMPLETO,1,2
07,01,08,008,070108008,LA PEÑA,2,POBLADO COMPLETO,1,2
07,01,08,011,070108011,LLANO ABAJO,1,CABECERA,1,2
07,01,08,012,070108012,LLANO DE LA PALMA,2,POBLADO COMPLETO,1,2
07,01,08,013,070108013,LOS CERRITOS,2,POBLADO COMPLETO,1,2
07,01,08,018,070108018,LLANO DE LOS CASTROS,2,POBLADO COMPLETO,1,2
07,01,08,019,070108019,CHUMICAL,3,POBLADO PARTE,1,2
07,01,08,020,070108020,EL CHILENO,2,POBLADO COMPLETO,1,2
07,01,09,001,070109001,EL HATO,1,CABECERA,1,2
07,01,09,002,070109002,EL BIJAO,2,POBLADO COMPLETO,1,2
07,01,09,003,070109003,EL JOBO O LOS GUTIÉRREZ,2,POBLADO COMPLETO,1,2
07,01,09,004,070109004,EL TABACAL O SANTA RITA,2,POBLADO COMPLETO,1,2
07,01,09,005,070109005,LA HORQUETILLA,2,POBLADO COMPLETO,1,2
07,01,09,006,070109006,QUEBRADA GRANDE,3,POBLADO PARTE,1,2
07,01,09,007,070109007,SANTA ROSA,2,POBLADO COMPLETO,1,2
07,01,09,008,070109008,SANTA ROSITA,2,POBLADO COMPLETO,1,2
07,01,10,001,070110001,PERALES,4,CABECERA PARTE (Mixto),1,2
07,01,10,002,070110002,QUEBRADA PABLO,2,POBLADO COMPLETO,2,2
07,01,10,003,070110003,SANTA ISABEL,2,POBLADO COMPLETO,1,2
07,02,01,001,070201001,LAS TABLAS,4,CABECERA PARTE (Mixto),1,1
07,02,01,002,070201002,EL MONTERO,3,POBLADO PARTE,1,2
07,02,02,001,070202001,AGUA BUENA,2,POBLADO COMPLETO,1,2
07,02,02,002,070202002,BAJO CORRAL,1,CABECERA,1,2
07,02,02,003,070202003,EL GUANÁBANO,2,POBLADO COMPLETO,1,2
07,02,02,004,070202004,LA ARENA,2,POBLADO COMPLETO,1,2
07,02,02,005,070202005,LOS JUJUCALES,2,POBLADO COMPLETO,1,2
07,02,02,006,070202006,LOS OTOES,2,POBLADO COMPLETO,1,2
07,02,02,007,070202007,QUEBRADA GRANDE DEL TEBUJO,2,POBLADO COMPLETO,1,2
07,02,02,011,070202011,LAS LAGUNITAS,2,POBLADO COMPLETO,1,2
07,02,02,012,070202012,QUEBRADA BUSTAMANTE,3,POBLADO PARTE,1,2
07,02,02,014,070202014,EL CUACO,2,POBLADO COMPLETO,1,2
07,02,02,016,070202016,CIRGÜELERA,2,POBLADO COMPLETO,1,2
07,02,02,017,070202017,EL CHICHICOSO,2,POBLADO COMPLETO,1,2
07,02,02,018,070202018,LA LIÓN,2,POBLADO COMPLETO,1,2
07,02,02,019,070202019,COLÁN,2,POBLADO COMPLETO,2,2
07,02,02,020,070202020,LOMA GRANDE,2,POBLADO COMPLETO,1,2
07,02,03,001,070203001,ALTO DE LOS GONZÁLEZ,2,POBLADO COMPLETO,1,2
07,02,03,002,070203002,BAYANO,1,CABECERA,1,2
07,02,03,003,070203003,CANAJAGUA,3,POBLADO PARTE,1,2
07,02,03,005,070203005,EL FERMÍN,2,POBLADO COMPLETO,1,2
07,02,03,006,070203006,EL GUAYABO,3,POBLADO PARTE,1,2
07,02,03,007,070203007,EL MESO,2,POBLADO COMPLETO,1,2
07,02,03,008,070203008,EL PERFECTO,2,POBLADO COMPLETO,1,2
07,02,03,009,070203009,EL SALITRE,2,POBLADO COMPLETO,1,2
07,02,03,011,070203011,FLOR AMARILLA,2,POBLADO COMPLETO,1,2
07,02,03,013,070203013,LA CANOA,2,POBLADO COMPLETO,1,2
07,02,03,014,070203014,MONAGRILLO,3,POBLADO PARTE,1,2
07,02,03,016,070203016,LAS LAJITAS,2,POBLADO COMPLETO,1,2
07,02,03,017,070203017,LAS PLACETAS,2,POBLADO COMPLETO,1,2
07,02,03,020,070203020,LOS BORRIGUEROS,2,POBLADO COMPLETO,1,2
07,02,03,021,070203021,LOS CHIQUEROS,2,POBLADO COMPLETO,1,2
07,02,03,022,070203022,LOS MUÑOCES,2,POBLADO COMPLETO,1,2
07,02,03,023,070203023,LOS PIROS,2,POBLADO COMPLETO,1,2
07,02,03,024,070203024,EL CRUCE DE FLOR AMARILLA,2,POBLADO COMPLETO,1,2
07,02,03,027,070203027,ORIA ABAJO,2,POBLADO COMPLETO,1,2
07,02,03,028,070203028,ORIA ARRIBA,2,POBLADO COMPLETO,1,2
07,02,03,029,070203029,QUEMA,3,POBLADO PARTE,1,2
07,02,03,030,070203030,QUEBRADA GRANDE,2,POBLADO COMPLETO,1,2
07,02,03,031,070203031,TABOGA,2,POBLADO COMPLETO,1,2
07,02,03,032,070203032,PICADORES,2,POBLADO COMPLETO,2,2
07,02,03,035,070203035,EL CACAO,2,POBLADO COMPLETO,1,2
07,02,03,036,070203036,EL CIRUELITO,2,POBLADO COMPLETO,1,2
07,02,03,037,070203037,EL CORO,2,POBLADO COMPLETO,1,2
07,02,03,038,070203038,MARÍN,2,POBLADO COMPLETO,1,2
07,02,03,039,070203039,LOS YERBOS,2,POBLADO COMPLETO,1,2
07,02,03,040,070203040,EL SILENCIO,2,POBLADO COMPLETO,1,2
07,02,03,041,070203041,LAS TOTUMITAS,3,POBLADO PARTE,1,2
07,02,03,042,070203042,BLAS,2,POBLADO COMPLETO,1,2
07,02,03,043,070203043,LOS CERRITOS,2,POBLADO COMPLETO,1,2
07,02,03,044,070203044,EL PICACHO DE PALMIRA,3,POBLADO PARTE,1,2
07,02,04,001,070204001,EL CARATE,1,CABECERA,1,2
07,02,04,002,070204002,EL GUAYABO,3,POBLADO PARTE,1,2
07,02,04,003,070204003,EL RINCÓN,2,POBLADO COMPLETO,1,2
07,02,04,004,070204004,EL BIJAO,2,POBLADO COMPLETO,1,2
07,02,04,005,070204005,LA GALLINAZA,3,POBLADO PARTE,1,2
07,02,04,006,070204006,LA ISLA,2,POBLADO COMPLETO,1,2
07,02,04,007,070204007,MORALES,2,POBLADO COMPLETO,1,2
07,02,04,008,070204008,EL CASTILLO,2,POBLADO COMPLETO,2,2
07,02,04,009,070204009,RESIDENCIAL COLINAS DEL CARATE,2,POBLADO COMPLETO,1,2
07,02,05,001,070205001,EL COCAL,1,CABECERA,1,2
07,02,05,003,070205003,LA GALLINAZA,3,POBLADO PARTE,1,2
07,02,05,004,070205004,LLANO AFUERA,2,POBLADO COMPLETO,1,2
07,02,05,005,070205005,LLANO GRANDE O MIRAFLORES,2,POBLADO COMPLETO,1,2
07,02,05,011,070205011,EL GUAYABO,3,POBLADO PARTE,1,2
07,02,05,012,070205012,BARRIADA SAN ANTONIO,2,POBLADO COMPLETO,1,2
07,02,05,013,070205013,BARRIADA SAN PABLO,2,POBLADO COMPLETO,1,2
07,02,05,015,070205015,BARRIADA SAN PEDRO,3,POBLADO PARTE,1,2
07,02,05,016,070205016,RESIDENCIAL LA ARBOLEDA,2,POBLADO COMPLETO,1,2
07,02,05,017,070205017,VÍA LLANO AFUERA,2,POBLADO COMPLETO,1,2
07,02,05,018,070205018,RESIDENCIAL ALTOS DE LA ARBOLEDA,2,POBLADO COMPLETO,1,2
07,02,05,019,070205019,ALTOS DE SAN FRANCISCO,2,POBLADO COMPLETO,1,2
07,02,05,020,070205020,RESIDENCIAL SAN ANTONIO,2,POBLADO COMPLETO,1,2
07,02,05,021,070205021,RESIDENCIAL VILLA MARIE,2,POBLADO COMPLETO,1,2
07,02,06,001,070206001,CAMPO ALEGRE,3,POBLADO PARTE,1,2
07,02,06,002,070206002,COCOBOLAS,3,POBLADO PARTE,1,2
07,02,06,003,070206003,EL ESTERITO,2,POBLADO COMPLETO,1,2
07,02,06,004,070206004,EL JOBO,2,POBLADO COMPLETO,1,2
07,02,06,005,070206005,EL MANANTIAL,1,CABECERA,1,2
07,02,06,006,070206006,EL ARBOLITO,3,POBLADO PARTE,1,2
07,02,06,007,070206007,PALMA GRANDE,3,POBLADO PARTE,1,2
07,02,06,008,070206008,BARRIADA LA PRIMAVERA,2,POBLADO COMPLETO,1,2
07,02,06,009,070206009,LAS COMADRES,2,POBLADO COMPLETO,1,2
07,02,06,010,070206010,PLAYA OLIVO,2,POBLADO COMPLETO,1,2
07,02,06,011,070206011,LA CUCHARITA,2,POBLADO COMPLETO,1,2
07,02,06,012,070206012,LA TOYOLOSA,2,POBLADO COMPLETO,1,2
07,02,06,014,070206014,VILLAS COCO DEL MAR,2,POBLADO COMPLETO,1,2
07,02,06,015,070206015,RESIDENCIAL VILLA MILU,2,POBLADO COMPLETO,1,2
07,02,06,016,070206016,RESIDENCIAL CAMPOS DE ARVIKA,2,POBLADO COMPLETO,1,2
07,02,07,001,070207001,AGUA BUENA,2,POBLADO COMPLETO,1,2
07,02,07,002,070207002,CERRO AGUDO,2,POBLADO COMPLETO,1,2
07,02,07,003,070207003,CERRO GRANDE,2,POBLADO COMPLETO,1,2
07,02,07,004,070207004,EL LARGO,2,POBLADO COMPLETO,1,2
07,02,07,005,070207005,EL MUÑÓZ,1,CABECERA,1,2
07,02,07,007,070207007,LOS POTREROS,2,POBLADO COMPLETO,1,2
07,02,07,008,070207008,BAJO EL GUÁSIMO,2,POBLADO COMPLETO,1,2
07,02,07,009,070207009,LOMA HIGUERÓN,2,POBLADO COMPLETO,1,2
07,02,07,010,070207010,PASO LAS TRANCAS,3,POBLADO PARTE,1,2
07,02,07,011,070207011,EL PICACHO ARRIBA,2,POBLADO COMPLETO,1,2
07,02,07,012,070207012,LA MONA,2,POBLADO COMPLETO,1,2
07,02,08,001,070208001,EL PEDREGOSO,1,CABECERA,1,2
07,02,09,001,070209001,LA LAJA,1,CABECERA,1,2
07,02,09,002,070209002,LOMA BONITA,2,POBLADO COMPLETO,1,2
07,02,09,004,070209004,VALLE RICO,2,POBLADO COMPLETO,1,2
07,02,10,002,070210002,EL ASOMADERO,2,POBLADO COMPLETO,1,2
07,02,10,003,070210003,EL LORO,3,POBLADO PARTE,1,2
07,02,10,004,070210004,EL ESPAVEITO,3,POBLADO PARTE,1,2
07,02,10,005,070210005,LA MIEL,1,CABECERA,1,2
07,02,10,006,070210006,LOS DOMÍNGUEZ,2,POBLADO COMPLETO,1,2
07,02,10,007,070210007,EL CACAITO,3,POBLADO PARTE,1,2
07,02,10,008,070210008,EL PITAL,2,POBLADO COMPLETO,1,2
07,02,10,009,070210009,LOS PORTORRICOS,2,POBLADO COMPLETO,1,2
07,02,10,010,070210010,EL MONTOSO,2,POBLADO COMPLETO,1,2
07,02,10,013,070210013,QUEBRADA LA PALMA,2,POBLADO COMPLETO,1,2
07,02,10,014,070210014,LOS NARANJITOS,2,POBLADO COMPLETO,1,2
07,02,10,015,070210015,LA LOMA DEL LORO,2,POBLADO COMPLETO,1,2
07,02,10,016,070210016,LA PIFA,3,POBLADO PARTE,2,2
07,02,11,002,070211002,LA PALMA,1,CABECERA,1,2
07,02,11,003,070211003,LAS CAÑAZAS,2,POBLADO COMPLETO,1,2
07,02,11,004,070211004,EL CEIBO,2,POBLADO COMPLETO,1,2
07,02,11,005,070211005,QUEBRADA ALMARÍA,3,POBLADO PARTE,1,2
07,02,11,006,070211006,EL CUSCÚ,2,POBLADO COMPLETO,1,2
07,02,12,001,070212001,LA TIZA,1,CABECERA,1,2
07,02,12,002,070212002,BARRIADA SAN ANTONIO,2,POBLADO COMPLETO,1,1
07,02,12,003,070212003,SAN MARTÍN,2,POBLADO COMPLETO,1,2
07,02,12,004,070212004,BARRIADA SANTA ELENA,2,POBLADO COMPLETO,1,2
07,02,12,005,070212005,BARRIADA SAN PEDRO,3,POBLADO PARTE,1,2
07,02,12,006,070212006,BARRIADA EL NAZARENO,2,POBLADO COMPLETO,1,2
07,02,12,007,070212007,SANTA MARTA,3,POBLADO PARTE,1,2
07,02,13,001,070213001,EL CHOCLO O BARRIADA 8 DE NOVIEMBRE,2,POBLADO COMPLETO,1,1
07,02,13,002,070213002,LA CHABELA,2,POBLADO COMPLETO,1,2
07,02,13,003,070213003,LAS PALMITAS,1,CABECERA,1,2
07,02,13,004,070213004,LAS PALMITAS CHIQUITAS,2,POBLADO COMPLETO,1,2
07,02,13,006,070213006,SANTA MARTA,3,POBLADO PARTE,1,2
07,02,13,009,070213009,RESIDENCIAL LOS BOSQUES,2,POBLADO COMPLETO,1,2
07,02,13,010,070213010,PERALES,3,POBLADO PARTE,2,2
07,02,14,001,070214001,LAS TABLAS ABAJO,1,CABECERA,1,2
07,02,14,002,070214002,PAUSILIPO,2,POBLADO COMPLETO,1,2
07,02,14,004,070214004,LA COLORADA,2,POBLADO COMPLETO,1,2
07,02,14,005,070214005,LA PETALUÑA O LOS HATILLOS,2,POBLADO COMPLETO,1,2
07,02,14,007,070214007,BARRIADA NUEVA ESPERANZA,2,POBLADO COMPLETO,1,2
07,02,14,008,070214008,LOS SOLICES DE ZARZAVILLA,2,POBLADO COMPLETO,1,2
07,02,14,009,070214009,PLAYA COLORADA,2,POBLADO COMPLETO,1,2
07,02,14,012,070214012,VILLA MARGARITA,2,POBLADO COMPLETO,1,2
07,02,14,013,070214013,BARRIADA ALTOS DE SAN FRANCISCO,2,POBLADO COMPLETO,1,2
07,02,14,014,070214014,BARRIADA DOÑA BLAZA,2,POBLADO COMPLETO,1,2
07,02,14,015,070214015,BARRIADA DOÑA EDITA,2,POBLADO COMPLETO,1,2
07,02,14,016,070214016,RESIDENCIAL LUNA TABLEÑA,2,POBLADO COMPLETO,1,2
07,02,14,017,070214017,LAS TABLAS,3,POBLADO PARTE,1,1
07,02,14,018,070214018,RESIDENCIAL PRADERAS DEL MANANTIAL,2,POBLADO COMPLETO,1,2
07,02,15,002,070215002,LOS CEDROS,2,POBLADO COMPLETO,1,2
07,02,15,003,070215003,EL CACAITO,3,POBLADO PARTE,1,2
07,02,15,005,070215005,LA LOMA,2,POBLADO COMPLETO,1,2
07,02,15,006,070215006,LA VIGÍA,2,POBLADO COMPLETO,1,2
07,02,15,007,070215007,LOS CRESPOS,2,POBLADO COMPLETO,1,2
07,02,15,008,070215008,LOS MEDIOS,2,POBLADO COMPLETO,1,2
07,02,15,009,070215009,NUARIO,1,CABECERA,1,2
07,02,15,014,070215014,HONDO DE LA CUTARRA,2,POBLADO COMPLETO,1,2
07,02,15,015,070215015,LOS BÚHOS,2,POBLADO COMPLETO,1,2
07,02,15,016,070215016,LOS CERRITOS,2,POBLADO COMPLETO,1,2
07,02,15,017,070215017,LOS PLANES,2,POBLADO COMPLETO,1,2
07,02,15,018,070215018,EL MADROÑO,3,POBLADO PARTE,1,2
07,02,15,020,070215020,LA PIFA,3,POBLADO PARTE,2,2
07,02,15,021,070215021,LAS MINERAS,2,POBLADO COMPLETO,2,2
07,02,15,022,070215022,LA ENCAJONÁ,2,POBLADO COMPLETO,1,2
07,02,16,002,070216002,PALMIRA,1,CABECERA,1,2
07,02,17,003,070217003,LOS VERGARA,2,POBLADO COMPLETO,1,2
07,02,17,004,070217004,PEÑA BLANCA,1,CABECERA,1,2
07,02,18,001,070218001,BAJO DEL RÍO,2,POBLADO COMPLETO,1,2
07,02,18,002,070218002,CAÑAZAS,2,POBLADO COMPLETO,1,2
07,02,18,003,070218003,EL BAJO,2,POBLADO COMPLETO,1,2
07,02,18,004,070218004,EL CERRUD,2,POBLADO COMPLETO,1,2
07,02,18,005,070218005,EL JENGIBRE,2,POBLADO COMPLETO,1,2
07,02,18,008,070218008,MONAGRILLO,3,POBLADO PARTE,1,2
07,02,18,009,070218009,RÍO HONDO,1,CABECERA,1,2
07,02,18,010,070218010,LAS ESTANCITAS,2,POBLADO COMPLETO,1,2
07,02,18,011,070218011,LA CULANTROSA,2,POBLADO COMPLETO,1,2
07,02,18,012,070218012,EL PILÓN,2,POBLADO COMPLETO,1,2
07,02,19,002,070219002,LA MINA,2,POBLADO COMPLETO,1,2
07,02,19,004,070219004,LA ESTRELLA,2,POBLADO COMPLETO,1,2
07,02,19,006,070219006,LA MANDINGA,2,POBLADO COMPLETO,1,2
07,02,19,009,070219009,MENSABÉ,2,POBLADO COMPLETO,1,2
07,02,19,010,070219010,EL SALADITO,2,POBLADO COMPLETO,1,2
07,02,19,011,070219011,SAN JOSÉ,1,CABECERA,1,2
07,02,19,012,070219012,LA CALZADA,2,POBLADO COMPLETO,1,2
07,02,19,013,070219013,PARADERO,2,POBLADO COMPLETO,2,2
07,02,19,014,070219014,EL HIGUITO,2,POBLADO COMPLETO,1,2
07,02,19,015,070219015,LA CANTERA,2,POBLADO COMPLETO,1,2
07,02,19,016,070219016,LAS MARIANAS,2,POBLADO COMPLETO,1,2
07,02,19,017,070219017,PIEDRAS BLANCAS O ÁGUILA,2,POBLADO COMPLETO,1,2
07,02,19,018,070219018,BAJO APARICIO,2,POBLADO COMPLETO,1,2
07,02,19,019,070219019,PASO LAS TRANCAS,3,POBLADO PARTE,1,2
07,02,19,020,070219020,QUEBRADA LA PALMA,2,POBLADO COMPLETO,2,2
07,02,20,002,070220002,EL GUABO,2,POBLADO COMPLETO,1,2
07,02,20,003,070220003,SAN MIGUEL O LAS YESCAS,1,CABECERA,1,2
07,02,21,001,070221001,BELLA VISTA,2,POBLADO COMPLETO,1,2
07,02,21,004,070221004,EL UVERITO,2,POBLADO COMPLETO,1,2
07,02,21,005,070221005,LA ENEA DE MENSABÉ,2,POBLADO COMPLETO,1,2
07,02,21,006,070221006,PALMA GRANDE,3,POBLADO PARTE,1,2
07,02,21,007,070221007,PUERTO DE MENSABÉ,2,POBLADO COMPLETO,1,2
07,02,21,008,070221008,SANTO DOMINGO,1,CABECERA,1,1
07,02,21,009,070221009,CAMPO ALEGRE,3,POBLADO PARTE,1,2
07,02,21,010,070221010,COCOBOLAS,3,POBLADO PARTE,2,2
07,02,21,011,070221011,BARRIADA SANTA CRUZ,3,POBLADO PARTE,1,2
07,02,21,012,070221012,EL ARBOLITO,3,POBLADO PARTE,1,2
07,02,21,013,070221013,FINCA FÁTIMA,2,POBLADO COMPLETO,1,2
07,02,21,014,070221014,FINCA DEL RÍO MENSABÉ,2,POBLADO COMPLETO,1,2
07,02,21,015,070221015,PALMA CHIQUITA,2,POBLADO COMPLETO,1,2
07,02,22,001,070222001,PEÑA RODA,2,POBLADO COMPLETO,1,2
07,02,22,002,070222002,SESTEADERO,1,CABECERA,1,2
07,02,22,003,070222003,NANZAL,2,POBLADO COMPLETO,1,2
07,02,22,004,070222004,SAN CRISTÓBAL,2,POBLADO COMPLETO,1,2
07,02,22,005,070222005,PASEO TABLADO,2,POBLADO COMPLETO,1,2
07,02,23,001,070223001,EL ESPAVEITO,3,POBLADO PARTE,1,2
07,02,23,002,070223002,EL GUAYABO,3,POBLADO PARTE,1,2
07,02,23,003,070223003,EL LIMÓN,2,POBLADO COMPLETO,1,2
07,02,23,008,070223008,LOS CEDROS,2,POBLADO COMPLETO,1,2
07,02,23,009,070223009,LOS MARAÑONES,2,POBLADO COMPLETO,1,2
07,02,23,011,070223011,LOS PERONILES,2,POBLADO COMPLETO,1,2
07,02,23,012,070223012,EL PICACHO,2,POBLADO COMPLETO,1,2
07,02,23,014,070223014,PUEBLO NUEVO O ALTOS DEL NANZAL,2,POBLADO COMPLETO,1,2
07,02,23,015,070223015,VALLE RICO,1,CABECERA,1,2
07,02,23,016,070223016,EL LORO,3,POBLADO PARTE,1,2
07,02,23,018,070223018,JAGUE,2,POBLADO COMPLETO,1,2
07,02,23,019,070223019,ORIA,2,POBLADO COMPLETO,1,2
07,02,23,020,070223020,EL PICACHO DE PALMIRA,3,POBLADO PARTE,2,2
07,02,24,002,070224002,TRINIDAD,2,POBLADO COMPLETO,1,2
07,02,24,003,070224003,VALLERRIQUITO,1,CABECERA,1,2
07,02,24,004,070224004,EL CERRO,2,POBLADO COMPLETO,1,2
07,03,01,003,070301003,CAÑA BRAVA No.1,2,POBLADO COMPLETO,1,2
07,03,01,004,070301004,CAÑA BRAVA No.2,2,POBLADO COMPLETO,1,2
07,03,01,005,070301005,CAÑA BRAVA No.3,2,POBLADO COMPLETO,1,2
07,03,01,007,070301007,COLÓN No.2,2,POBLADO COMPLETO,1,2
07,03,01,008,070301008,CERRO EL BARCO,2,POBLADO COMPLETO,1,2
07,03,01,009,070301009,EL BONGO,2,POBLADO COMPLETO,1,2
07,03,01,012,070301012,EL JOBO,3,POBLADO PARTE,2,2
07,03,01,013,070301013,EL RASCADOR,2,POBLADO COMPLETO,1,2
07,03,01,015,070301015,LA VILLA DE LOS SANTOS,1,CABECERA,1,1
07,03,01,016,070301016,SAN AGUSTÍN,3,POBLADO PARTE,1,2
07,03,01,018,070301018,PUENTE MATÍAS HERNÁNDEZ,2,POBLADO COMPLETO,1,2
07,03,01,019,070301019,BARRIADA SANTA CRUZ,3,POBLADO PARTE,1,2
07,03,01,020,070301020,EL EJIDO,3,POBLADO PARTE,1,2
07,03,01,021,070301021,EL HATILLO,2,POBLADO COMPLETO,1,2
07,03,01,023,070301023,EL TOLLAO,2,POBLADO COMPLETO,1,2
07,03,01,024,070301024,HUERTAS ARRIBA,2,POBLADO COMPLETO,1,2
07,03,01,025,070301025,LA REPRESA,2,POBLADO COMPLETO,2,2
07,03,01,026,070301026,LAS HUERTAS,3,POBLADO PARTE,1,2
07,03,01,028,070301028,LOS GUTIÉRREZ,3,POBLADO PARTE,1,2
07,03,01,029,070301029,LOS ZANJONES,3,POBLADO PARTE,1,2
07,03,01,030,070301030,JOBO DULCE,3,POBLADO PARTE,1,2
07,03,01,031,070301031,LA FABIANA,3,POBLADO PARTE,1,2
07,03,01,032,070301032,BUENA VISTA,2,POBLADO COMPLETO,2,2
07,03,01,033,070301033,EL CHATO,3,POBLADO PARTE,2,2
07,03,01,034,070301034,LA LAGUNA,2,POBLADO COMPLETO,1,2
07,03,01,035,070301035,LA YEGUADITA,3,POBLADO PARTE,2,2
07,03,01,036,070301036,LOS BÚHOS,2,POBLADO COMPLETO,1,2
07,03,01,037,070301037,MEMBRILLAL,2,POBLADO COMPLETO,1,2
07,03,01,038,070301038,RESERVA DE AZUERO,2,POBLADO COMPLETO,1,1
07,03,02,001,070302001,SAN LUIS,2,POBLADO COMPLETO,1,2
07,03,02,002,070302002,CERRO HIGO,2,POBLADO COMPLETO,1,2
07,03,02,003,070302003,COCOBO,2,POBLADO COMPLETO,1,2
07,03,02,004,070302004,EL BALSO,2,POBLADO COMPLETO,1,2
07,03,02,005,070302005,EL CHATO,3,POBLADO PARTE,1,2
07,03,02,006,070302006,EL GUÁSIMO,1,CABECERA,1,2
07,03,02,008,070302008,ATALAYITA,2,POBLADO COMPLETO,1,2
07,03,02,009,070302009,LAS LAJITAS,2,POBLADO COMPLETO,1,2
07,03,02,010,070302010,EL SALITRE,2,POBLADO COMPLETO,1,2
07,03,02,011,070302011,TOLETA,2,POBLADO COMPLETO,1,2
07,03,02,012,070302012,BALITAL,2,POBLADO COMPLETO,2,2
07,03,02,014,070302014,EL GUASIMITO,2,POBLADO COMPLETO,1,2
07,03,03,001,070303001,ATALAYITA,2,POBLADO COMPLETO,1,2
07,03,03,002,070303002,CANSINO,2,POBLADO COMPLETO,1,2
07,03,03,003,070303003,COLORADA ABAJO,2,POBLADO COMPLETO,1,2
07,03,03,006,070303006,EL MELÓN,2,POBLADO COMPLETO,1,2
07,03,03,007,070303007,EL GUAYABITO,2,POBLADO COMPLETO,1,2
07,03,03,008,070303008,LA COLORADA,1,CABECERA,1,2
07,03,03,009,070303009,LA CORNETA,2,POBLADO COMPLETO,1,2
07,03,03,010,070303010,LAS MONAS,2,POBLADO COMPLETO,1,2
07,03,03,011,070303011,LOS PICADORES,2,POBLADO COMPLETO,1,2
07,03,03,012,070303012,PICA PICA,2,POBLADO COMPLETO,1,2
07,03,03,013,070303013,RODEITO,2,POBLADO COMPLETO,1,2
07,03,03,014,070303014,BARRIADA SAN ISIDRO,2,POBLADO COMPLETO,1,2
07,03,04,001,070304001,EL CRISTO,2,POBLADO COMPLETO,1,2
07,03,04,002,070304002,LA ESPIGADILLA,1,CABECERA,1,2
07,03,04,003,070304003,LA ESPIGADILLA ARRIBA,2,POBLADO COMPLETO,1,2
07,03,04,004,070304004,LAS LOMITAS,2,POBLADO COMPLETO,1,2
07,03,04,005,070304005,LOS LASOS,2,POBLADO COMPLETO,2,2
07,03,04,006,070304006,LAS LAJAS,3,POBLADO PARTE,1,2
07,03,04,007,070304007,LA YEGUADITA,3,POBLADO PARTE,1,2
07,03,04,008,070304008,LOS GATOS,2,POBLADO COMPLETO,1,2
07,03,05,002,070305002,LA CARRIZALA,2,POBLADO COMPLETO,1,2
07,03,05,003,070305003,COROZAL ABAJO,3,POBLADO PARTE,1,2
07,03,05,004,070305004,LA GALERA,2,POBLADO COMPLETO,1,2
07,03,05,005,070305005,GUARAREITO,2,POBLADO COMPLETO,1,2
07,03,05,006,070305006,LA LIMONA,2,POBLADO COMPLETO,1,2
07,03,05,007,070305007,LAS CRUCES,1,CABECERA,1,2
07,03,05,009,070305009,LOS CHACONES,2,POBLADO COMPLETO,1,2
07,03,05,012,070305012,RINCÓN GRANDE O CABUYA,2,POBLADO COMPLETO,1,2
07,03,05,016,070305016,EL ÑOPO,2,POBLADO COMPLETO,1,2
07,03,05,017,070305017,POZO EL BARRO,2,POBLADO COMPLETO,1,2
07,03,05,019,070305019,LOS LIMONCITOS,2,POBLADO COMPLETO,1,2
07,03,06,004,070306004,EL NANCECILLO,2,POBLADO COMPLETO,1,2
07,03,06,008,070306008,LA MINA,2,POBLADO COMPLETO,1,2
07,03,06,010,070306010,LAS GUABAS,1,CABECERA,1,2
07,03,06,011,070306011,CAÑAZAS,2,POBLADO COMPLETO,1,2
07,03,06,012,070306012,LAS GUABAS ARRIBA,2,POBLADO COMPLETO,1,2
07,03,06,013,070306013,SANTA CLARA,2,POBLADO COMPLETO,1,2
07,03,07,002,070307002,EL DORMILÓN,3,POBLADO PARTE,1,2
07,03,07,003,070307003,LA HONDA,2,POBLADO COMPLETO,2,2
07,03,07,004,070307004,LAS LAJITAS,2,POBLADO COMPLETO,1,2
07,03,07,005,070307005,LOMA LARGA,2,POBLADO COMPLETO,1,2
07,03,07,006,070307006,LOS ÁNGELES,1,CABECERA,1,2
07,03,07,007,070307007,LLANO BONITO,2,POBLADO COMPLETO,1,2
07,03,07,008,070307008,LA HONDA No.2,2,POBLADO COMPLETO,1,2
07,03,08,002,070308002,CIÉNAGA LARGA,2,POBLADO COMPLETO,1,2
07,03,08,003,070308003,EL BIJAO,2,POBLADO COMPLETO,1,2
07,03,08,004,070308004,EL GUAYABAL,2,POBLADO COMPLETO,1,2
07,03,08,005,070308005,LOS OLIVITOS,2,POBLADO COMPLETO,1,2
07,03,08,006,070308006,LOS OLIVOS,1,CABECERA,1,2
07,03,08,008,070308008,QUEBRADA GRANDE,2,POBLADO COMPLETO,1,2
07,03,08,009,070308009,FINCA LOS OLIVOS,2,POBLADO COMPLETO,1,2
07,03,08,010,070308010,LA CHILONGA,2,POBLADO COMPLETO,1,2
07,03,08,011,070308011,LA BOLEDA,2,POBLADO COMPLETO,1,2
07,03,09,001,070309001,JOBO DULCE,3,POBLADO PARTE,1,2
07,03,09,004,070309004,LAS PEÑAS,2,POBLADO COMPLETO,1,2
07,03,09,005,070309005,LLANO LARGO,1,CABECERA,1,2
07,03,09,008,070309008,LOS ZANJONES,3,POBLADO PARTE,1,2
07,03,09,009,070309009,LAS LAJAS,3,POBLADO PARTE,1,2
07,03,09,010,070309010,SAN AGUSTÍN,3,POBLADO PARTE,1,2
07,03,09,011,070309011,BARRIADA EL POZO DEL OBISPO,2,POBLADO COMPLETO,1,2
07,03,09,012,070309012,URBANIZACIÓN LAS DELICIAS,2,POBLADO COMPLETO,1,2
07,03,09,013,070309013,URBANIZACIÓN YOLANDA ROSA,2,POBLADO COMPLETO,1,2
07,03,10,002,070310002,EL DORMILÓN,3,POBLADO PARTE,1,2
07,03,10,003,070310003,EL JATO,2,POBLADO COMPLETO,1,2
07,03,10,004,070310004,EL ROBLE,2,POBLADO COMPLETO,1,2
07,03,10,005,070310005,LA GARNICA,2,POBLADO COMPLETO,1,2
07,03,10,006,070310006,LA JAGUA,2,POBLADO COMPLETO,1,2
07,03,10,007,070310007,EL ESPINAL,3,POBLADO PARTE,1,2
07,03,10,008,070310008,LAS MARÍAS,2,POBLADO COMPLETO,1,2
07,03,10,009,070310009,LAS ZATRAS,3,POBLADO PARTE,1,2
07,03,10,011,070310011,LOS AGALLOS,2,POBLADO COMPLETO,1,2
07,03,10,012,070310012,LOS CHACONES,2,POBLADO COMPLETO,1,2
07,03,10,014,070310014,SABANA GRANDE,1,CABECERA,1,2
07,03,10,015,070310015,SABANA GRANDE ABAJO,2,POBLADO COMPLETO,1,2
07,03,10,016,070310016,SABANA GRANDE ARRIBA,2,POBLADO COMPLETO,1,2
07,03,10,017,070310017,TABOGA,2,POBLADO COMPLETO,1,2
07,03,11,004,070311004,EL JOBO,3,POBLADO PARTE,1,2
07,03,11,010,070311010,PLAYA MONAGRE,2,POBLADO COMPLETO,1,2
07,03,11,011,070311011,SANTA ANA ABAJO,2,POBLADO COMPLETO,1,2
07,03,11,012,070311012,SANTA ANA ARRIBA,4,CABECERA PARTE (Mixto),1,2
07,03,11,013,070311013,BARRIADA SANTA CRUZ,3,POBLADO PARTE,1,2
07,03,11,014,070311014,EL ROMPÍO,2,POBLADO COMPLETO,1,2
07,03,11,017,070311017,LAS HUERTAS,3,POBLADO PARTE,1,2
07,03,11,018,070311018,LOS GUTIÉRREZ,3,POBLADO PARTE,1,2
07,03,11,020,070311020,HONDITA,2,POBLADO COMPLETO,1,2
07,03,11,022,070311022,BOCA VIEJA,2,POBLADO COMPLETO,1,2
07,03,11,023,070311023,EL ESTERO DE LAS GUAYABERAS,2,POBLADO COMPLETO,1,2
07,03,11,024,070311024,LOS ISLONES,2,POBLADO COMPLETO,1,2
07,03,11,025,070311025,EL NIGÜITO,2,POBLADO COMPLETO,1,2
07,03,11,026,070311026,FINCA LOS CAMARONES,2,POBLADO COMPLETO,1,2
07,03,11,027,070311027,JARDINES DEL ROMPÍO,2,POBLADO COMPLETO,1,2
07,03,11,028,070311028,LA CAMARONERA,2,POBLADO COMPLETO,1,2
07,03,11,029,070311029,URBANIZACIÓN VILLAS DEL MAR,2,POBLADO COMPLETO,1,2
07,03,11,030,070311030,BAYANO,2,POBLADO COMPLETO,2,2
07,03,12,004,070312004,TRES QUEBRADAS,1,CABECERA,1,2
07,03,12,005,070312005,LAS TETILLAS,2,POBLADO COMPLETO,1,2
07,03,13,001,070313001,AGUA BUENA,1,CABECERA,1,2
07,03,13,002,070313002,CAÑAZAS,2,POBLADO COMPLETO,1,2
07,03,13,003,070313003,LAS ZATRAS,3,POBLADO PARTE,1,2
07,03,14,001,070314001,CAPURÍ,2,POBLADO COMPLETO,1,2
07,03,14,002,070314002,ENTRADA DE LA MINA,2,POBLADO COMPLETO,1,2
07,03,14,003,070314003,GUEVARA,2,POBLADO COMPLETO,1,2
07,03,14,004,070314004,LA FABIANA,3,POBLADO PARTE,1,2
07,03,14,005,070314005,LA LAJA,2,POBLADO COMPLETO,1,2
07,03,14,007,070314007,LOMA COLORADA,2,POBLADO COMPLETO,1,2
07,03,14,008,070314008,VILLA LOURDES,1,CABECERA,1,2
07,03,15,001,070315001,EL AROMO,2,POBLADO COMPLETO,1,2
07,03,15,002,070315002,EL EJIDO,4,CABECERA PARTE (Mixto),1,2
07,03,15,003,070315003,FINCA EL PARAGUA,2,POBLADO COMPLETO,1,2
07,03,15,004,070315004,LA HONDA,2,POBLADO COMPLETO,1,2
07,03,15,005,070315005,LA LAJA,2,POBLADO COMPLETO,1,2
07,03,15,006,070315006,LOS GUTIÉRREZ,3,POBLADO PARTE,1,2
07,03,15,007,070315007,QUEBRADA HONDA,2,POBLADO COMPLETO,1,2
07,03,15,008,070315008,SANTA ANA ARRIBA,3,POBLADO PARTE,1,2
07,03,15,009,070315009,VILLAS DE SAN JOSÉ,2,POBLADO COMPLETO,1,2
07,03,15,010,070315010,RESIDENCIAL SANTA BÁRBARA,2,POBLADO COMPLETO,1,2
07,03,15,011,070315011,URBANIZACIÓN QUINTAS DEL CARMEN,2,POBLADO COMPLETO,1,2
07,03,15,012,070315012,RESIDENCIAL JACASA,2,POBLADO COMPLETO,1,2
07,03,15,013,070315013,VILLA MERCEDES,2,POBLADO COMPLETO,1,2
07,04,01,002,070401002,BOTELLO,2,POBLADO COMPLETO,1,2
07,04,01,004,070401004,EL ESTACÓN,2,POBLADO COMPLETO,1,2
07,04,01,006,070401006,EL PARADERO,2,POBLADO COMPLETO,1,2
07,04,01,009,070401009,LOS LEALES,3,POBLADO PARTE,1,2
07,04,01,011,070401011,LOS HATILLOS,2,POBLADO COMPLETO,1,2
07,04,01,012,070401012,LOS HIGOS,2,POBLADO COMPLETO,1,2
07,04,01,013,070401013,MACARACAS,1,CABECERA,1,1
07,04,01,015,070401015,BARRIADA 11 DE OCTUBRE O EL GUABO,2,POBLADO COMPLETO,1,2
07,04,01,017,070401017,EL SALITRE O LAS LOMAS,2,POBLADO COMPLETO,1,2
07,04,01,018,070401018,EL TECAL,2,POBLADO COMPLETO,1,2
07,04,01,019,070401019,FINCA SANTA ROSA,2,POBLADO COMPLETO,1,2
07,04,01,020,070401020,LA MIEL,2,POBLADO COMPLETO,1,2
07,04,01,021,070401021,EL FALDAR,3,POBLADO PARTE,2,2
07,04,01,022,070401022,FINCA BOTELLO,2,POBLADO COMPLETO,1,2
07,04,02,001,070402001,BAHÍA HONDA,1,CABECERA,1,2
07,04,02,002,070402002,EL PONTÓN,2,POBLADO COMPLETO,1,2
07,04,02,003,070402003,EL JOBO,2,POBLADO COMPLETO,1,2
07,04,02,004,070402004,LOMA LOS COROZOS,2,POBLADO COMPLETO,2,2
07,04,02,006,070402006,LOMA REDONDA,2,POBLADO COMPLETO,1,2
07,04,02,007,070402007,BOTONCILLO,2,POBLADO COMPLETO,1,2
07,04,02,008,070402008,LOS JACINTOS,2,POBLADO COMPLETO,1,2
07,04,02,010,070402010,PACORITA,2,POBLADO COMPLETO,1,2
07,04,02,011,070402011,RÍO ARRIBA,2,POBLADO COMPLETO,1,2
07,04,02,012,070402012,BAHÍA HONDA ABAJO,2,POBLADO COMPLETO,1,2
07,04,02,013,070402013,LA SABANETA DEL PONTÓN,3,POBLADO PARTE,1,2
07,04,03,002,070403002,BAJOS DE GÜERA,4,CABECERA PARTE (Mixto),1,2
07,04,03,003,070403003,EL CACAO,2,POBLADO COMPLETO,1,2
07,04,03,004,070403004,EL CÁNTARO,2,POBLADO COMPLETO,1,2
07,04,03,006,070403006,EL COMEJÉN,2,POBLADO COMPLETO,1,2
07,04,03,007,070403007,EL MELCHOR,2,POBLADO COMPLETO,1,2
07,04,03,008,070403008,EL TALLO,2,POBLADO COMPLETO,1,2
07,04,03,009,070403009,GÜERITA,2,POBLADO COMPLETO,1,2
07,04,03,010,070403010,EL HORTIGO,3,POBLADO PARTE,2,2
07,04,03,011,070403011,LA PIFA ABAJO,2,POBLADO COMPLETO,1,2
07,04,03,012,070403012,LA HIGUERILLA,2,POBLADO COMPLETO,1,2
07,04,03,013,070403013,LA HIGUERONA,2,POBLADO COMPLETO,1,2
07,04,03,014,070403014,LA LAJITA,3,POBLADO PARTE,1,2
07,04,03,016,070403016,LA PIFA ARRIBA,2,POBLADO COMPLETO,1,2
07,04,03,017,070403017,LA PAULA,2,POBLADO COMPLETO,1,2
07,04,03,018,070403018,LA PRIETA,2,POBLADO COMPLETO,1,2
07,04,03,021,070403021,LOS GATOS,2,POBLADO COMPLETO,1,2
07,04,03,022,070403022,LOS NARANJOS,2,POBLADO COMPLETO,1,2
07,04,03,023,070403023,PASO HONDO,3,POBLADO PARTE,1,2
07,04,03,024,070403024,TULÚ ABAJO,2,POBLADO COMPLETO,1,2
07,04,03,026,070403026,LA COLORADA,2,POBLADO COMPLETO,1,2
07,04,03,027,070403027,LA PALMA,2,POBLADO COMPLETO,1,2
07,04,03,028,070403028,LA POZA VERDE,2,POBLADO COMPLETO,2,2
07,04,03,030,070403030,LA PITA,2,POBLADO COMPLETO,1,2
07,04,03,031,070403031,LA RIALEJA,3,POBLADO PARTE,1,2
07,04,03,032,070403032,TULÚ ARRIBA,3,POBLADO PARTE,1,2
07,04,04,001,070404001,COROZAL,1,CABECERA,1,2
07,04,04,002,070404002,COROZAL ABAJO,3,POBLADO PARTE,1,2
07,04,04,003,070404003,EL BIJAO O COROZAL ARRIBA,2,POBLADO COMPLETO,1,2
07,04,04,004,070404004,EL CASTILLO,2,POBLADO COMPLETO,1,2
07,04,04,005,070404005,PALENQUE,2,POBLADO COMPLETO,1,2
07,04,04,006,070404006,EL PANTANO,2,POBLADO COMPLETO,1,2
07,04,04,007,070404007,LOMA PANAMÁ,2,POBLADO COMPLETO,1,2
07,04,04,008,070404008,LOS CERRITOS,2,POBLADO COMPLETO,1,2
07,04,04,009,070404009,LA SABANETA DEL PONTÓN,3,POBLADO PARTE,1,2
07,04,04,010,070404010,CEDRO ABAJO,3,POBLADO PARTE,1,2
07,04,04,011,070404011,LOS LEALES,3,POBLADO PARTE,2,2
07,04,04,012,070404012,EL CARNERO,3,POBLADO PARTE,1,2
07,04,05,001,070405001,CHUPÁ O LA MESETA,1,CABECERA,1,2
07,04,05,002,070405002,CHUPAITO,2,POBLADO COMPLETO,1,2
07,04,05,003,070405003,EL COMÚN,2,POBLADO COMPLETO,1,2
07,04,05,004,070405004,LA IGUANA,2,POBLADO COMPLETO,1,2
07,04,05,005,070405005,LOS PALMARES,2,POBLADO COMPLETO,1,2
07,04,06,001,070406001,CAPIREJA,2,POBLADO COMPLETO,1,2
07,04,06,002,070406002,CEDRO ABAJO,3,POBLADO PARTE,1,2
07,04,06,003,070406003,CEDRO ARRIBA,1,CABECERA,1,2
07,04,06,004,070406004,EL BRAVO,2,POBLADO COMPLETO,1,2
07,04,06,005,070406005,EL CARNERO,3,POBLADO PARTE,1,2
07,04,06,006,070406006,EL HATO,2,POBLADO COMPLETO,1,2
07,04,06,007,070406007,LA MECA,2,POBLADO COMPLETO,1,2
07,04,06,008,070406008,LOS LEALES,3,POBLADO PARTE,1,2
07,04,06,009,070406009,EL GUAYACÁN,2,POBLADO COMPLETO,1,2
07,04,06,010,070406010,LOS MELGAR,2,POBLADO COMPLETO,1,2
07,04,07,002,070407002,ESPINO PRIETO,2,POBLADO COMPLETO,1,2
07,04,07,003,070407003,ESPINO AMARILLO,1,CABECERA,1,2
07,04,07,005,070407005,LAS MARGARITAS,2,POBLADO COMPLETO,1,2
07,04,07,006,070407006,LOMA AZUL,2,POBLADO COMPLETO,1,2
07,04,07,007,070407007,LOS PALACIOS,2,POBLADO COMPLETO,1,2
07,04,07,008,070407008,PASO LAJA,2,POBLADO COMPLETO,1,2
07,04,07,009,070407009,QUEBRADA FRÍAS,2,POBLADO COMPLETO,1,2
07,04,07,010,070407010,PARADERO,3,POBLADO PARTE,1,2
07,04,07,011,070407011,SABANETA DE LEÓN,2,POBLADO COMPLETO,1,2
07,04,07,012,070407012,LA PALMA,2,POBLADO COMPLETO,1,2
07,04,07,013,070407013,ALTO DE LAS MARGARITAS,2,POBLADO COMPLETO,1,2
07,04,08,001,070408001,EL BALSO,2,POBLADO COMPLETO,1,2
07,04,08,003,070408003,HONDO DEL NARANJO,2,POBLADO COMPLETO,1,2
07,04,08,004,070408004,EL PEDRITO,2,POBLADO COMPLETO,1,2
07,04,08,005,070408005,LA LAJITA,3,POBLADO PARTE,1,2
07,04,08,006,070408006,LA MESA,1,CABECERA,1,2
07,04,08,007,070408007,LA MESITA,2,POBLADO COMPLETO,1,2
07,04,08,008,070408008,LA NONECA,2,POBLADO COMPLETO,1,2
07,04,08,009,070408009,LAS BENITAS,2,POBLADO COMPLETO,1,2
07,04,08,010,070408010,QUITO,2,POBLADO COMPLETO,1,2
07,04,08,011,070408011,TEBARITO,2,POBLADO COMPLETO,1,2
07,04,08,012,070408012,TUMACO ABAJO,2,POBLADO COMPLETO,1,2
07,04,08,013,070408013,HONDO DEL NIGUITO,3,POBLADO PARTE,1,2
07,04,08,014,070408014,TUMACO ARRIBA,3,POBLADO PARTE,1,2
07,04,08,015,070408015,BARRO PRIETO,2,POBLADO COMPLETO,2,2
07,04,08,016,070408016,COCLITAS,2,POBLADO COMPLETO,1,2
07,04,08,017,070408017,LOS CARATALES,2,POBLADO COMPLETO,1,2
07,04,09,001,070409001,BUENA VISTA,2,POBLADO COMPLETO,1,2
07,04,09,002,070409002,EL CARATILLO,2,POBLADO COMPLETO,1,2
07,04,09,003,070409003,EL PÁJARO,2,POBLADO COMPLETO,1,2
07,04,09,004,070409004,LAS PALMAS,1,CABECERA,1,2
07,04,09,005,070409005,LOS BAJITOS ABAJO,2,POBLADO COMPLETO,1,2
07,04,09,006,070409006,LOS BAJITOS ARRIBA,2,POBLADO COMPLETO,1,2
07,04,09,007,070409007,LOS GUAYABOS,2,POBLADO COMPLETO,1,2
07,04,09,008,070409008,LOS NEGROS,2,POBLADO COMPLETO,1,2
07,04,09,009,070409009,LOS RASTROJOS,2,POBLADO COMPLETO,1,2
07,04,09,010,070409010,PICACHO,2,POBLADO COMPLETO,1,2
07,04,09,012,070409012,QUEBRADA DEL CALABAZO,2,POBLADO COMPLETO,1,2
07,04,09,013,070409013,EL MANGLILLO,2,POBLADO COMPLETO,1,2
07,04,09,014,070409014,LA LAGUNA,2,POBLADO COMPLETO,1,2
07,04,09,016,070409016,LOMA SECRETA O LAS LOMAS,2,POBLADO COMPLETO,1,2
07,04,09,018,070409018,LA GUÁCHARA,2,POBLADO COMPLETO,1,2
07,04,09,021,070409021,RIHITO,2,POBLADO COMPLETO,1,2
07,04,10,002,070410002,BOMBACHITO,2,POBLADO COMPLETO,1,2
07,04,10,003,070410003,BOMBACHO,2,POBLADO COMPLETO,1,2
07,04,10,004,070410004,LA LAJA,2,POBLADO COMPLETO,1,2
07,04,10,005,070410005,EL CORRALITO,2,POBLADO COMPLETO,1,2
07,04,10,006,070410006,EL FALDAR,3,POBLADO PARTE,1,2
07,04,10,007,070410007,EL HORTIGO,3,POBLADO PARTE,1,2
07,04,10,008,070410008,EL TIGRE,2,POBLADO COMPLETO,1,2
07,04,10,010,070410010,LA LLANITA,2,POBLADO COMPLETO,1,2
07,04,10,017,070410017,LA VENTA,2,POBLADO COMPLETO,2,2
07,04,10,019,070410019,LLANO DE PIEDRA,1,CABECERA,1,2
07,04,10,020,070410020,LOMA BLANCA,2,POBLADO COMPLETO,1,2
07,04,10,021,070410021,LOS AJÍES,2,POBLADO COMPLETO,1,2
07,04,10,024,070410024,MONGOY,2,POBLADO COMPLETO,1,2
07,04,10,025,070410025,PLATANAL,3,POBLADO PARTE,1,2
07,04,10,026,070410026,RÍO ARRIBA,2,POBLADO COMPLETO,1,2
07,04,10,028,070410028,SAN ANTONIO,2,POBLADO COMPLETO,1,2
07,04,10,030,070410030,LA ANGOSTURA,2,POBLADO COMPLETO,1,2
07,04,10,031,070410031,RÍO ABAJO,3,POBLADO PARTE,1,2
07,04,10,032,070410032,LA LAJITA,3,POBLADO PARTE,1,2
07,04,10,033,070410033,LOMA BOMBACHO,2,POBLADO COMPLETO,1,2
07,04,10,034,070410034,LLANO LARGO,2,POBLADO COMPLETO,2,2
07,04,10,035,070410035,MANDINGA,2,POBLADO COMPLETO,1,2
07,04,10,036,070410036,RÍO TEBARIO,2,POBLADO COMPLETO,1,2
07,04,11,003,070411003,CARIACO,2,POBLADO COMPLETO,1,2
07,04,11,005,070411005,EL ROBLE,2,POBLADO COMPLETO,1,2
07,04,11,006,070411006,LA LOMA DE LA PALMA,2,POBLADO COMPLETO,1,2
07,04,11,008,070411008,LA RANA,2,POBLADO COMPLETO,1,2
07,04,11,010,070411010,LA RAÍZ,2,POBLADO COMPLETO,1,2
07,04,11,011,070411011,MOGOLLÓN,1,CABECERA,1,2
07,04,11,012,070411012,PARADERO,3,POBLADO PARTE,2,2
07,04,11,013,070411013,PLATANAL,3,POBLADO PARTE,1,2
07,04,11,014,070411014,QUEMA,3,POBLADO PARTE,1,2
07,04,11,015,070411015,RÍO ABAJO,3,POBLADO PARTE,1,2
07,04,11,016,070411016,CANAJAGUA,3,POBLADO PARTE,1,2
07,05,01,002,070501002,CUATRO VIENTOS,2,POBLADO COMPLETO,2,2
07,05,01,003,070501003,LA AHUMADA,2,POBLADO COMPLETO,1,2
07,05,01,004,070501004,LA ARENA,2,POBLADO COMPLETO,1,2
07,05,01,005,070501005,LA GARITA,2,POBLADO COMPLETO,1,2
07,05,01,006,070501006,LAS CABEZAS,2,POBLADO COMPLETO,1,2
07,05,01,007,070501007,EL LIMÓN,2,POBLADO COMPLETO,1,2
07,05,01,008,070501008,LOS DESTILADEROS,2,POBLADO COMPLETO,1,2
07,05,01,010,070501010,BARRIADA LOS DESTILADEROS,2,POBLADO COMPLETO,1,2
07,05,01,011,070501011,MATEO,2,POBLADO COMPLETO,1,2
07,05,01,012,070501012,PEDASÍ,1,CABECERA,1,1
07,05,01,013,070501013,PUNTA MALA,2,POBLADO COMPLETO,1,2
07,05,01,014,070501014,LA MONTAÑA DE LA PALMA,2,POBLADO COMPLETO,1,2
07,05,01,015,070501015,RÍO ADENTRO,2,POBLADO COMPLETO,1,2
07,05,01,016,070501016,PUERTO ESCONDIDO,3,POBLADO PARTE,1,2
07,05,01,017,070501017,ROCHA,2,POBLADO COMPLETO,1,2
07,05,01,018,070501018,CALDERA,2,POBLADO COMPLETO,1,2
07,05,01,019,070501019,EL BAJADERO O PLAYA ARENAL,2,POBLADO COMPLETO,1,2
07,05,01,020,070501020,EL TORO O PLAYA EL TORO,2,POBLADO COMPLETO,1,2
07,05,01,021,070501021,CASCAJAL,2,POBLADO COMPLETO,2,2
07,05,01,022,070501022,EL PANTANO O VÍA EL LIMÓN,2,POBLADO COMPLETO,1,2
07,05,01,023,070501023,HACIENDA LOS GAVILANES,2,POBLADO COMPLETO,1,2
07,05,01,024,070501024,LA NONECA,2,POBLADO COMPLETO,1,2
07,05,01,025,070501025,LA GARITA No.2,2,POBLADO COMPLETO,2,2
07,05,01,026,070501026,QUEBRADA LAGARTO,2,POBLADO COMPLETO,2,2
07,05,01,027,070501027,QUEBRADA LA PALMA,2,POBLADO COMPLETO,1,2
07,05,01,028,070501028,BRISAS DEL TORO,2,POBLADO COMPLETO,1,2
07,05,01,029,070501029,COSTA PEDASÍ,2,POBLADO COMPLETO,1,2
07,05,01,030,070501030,EQUUS VILLAGE,2,POBLADO COMPLETO,1,2
07,05,01,031,070501031,RESIDENCIAL ANDRÓMEDA,2,POBLADO COMPLETO,1,2
07,05,02,010,070502010,EL JAZMÍN,2,POBLADO COMPLETO,1,2
07,05,02,012,070502012,EL UVITO,2,POBLADO COMPLETO,2,2
07,05,02,013,070502013,JUAN DÍAZ,2,POBLADO COMPLETO,1,2
07,05,02,015,070502015,PLAYA LA MIEL,2,POBLADO COMPLETO,1,2
07,05,02,021,070502021,LOS ASIENTOS,1,CABECERA,1,2
07,05,02,023,070502023,LOS HIGOS,2,POBLADO COMPLETO,1,2
07,05,02,026,070502026,LOS PORTORRICOS,2,POBLADO COMPLETO,1,2
07,05,02,027,070502027,LOS POZOS,2,POBLADO COMPLETO,1,2
07,05,02,028,070502028,LOS RINCONES,2,POBLADO COMPLETO,1,2
07,05,02,029,070502029,LOS YESCOS,2,POBLADO COMPLETO,1,2
07,05,02,033,070502033,PALACIOS,2,POBLADO COMPLETO,1,2
07,05,02,037,070502037,SAN FRANCISCO,2,POBLADO COMPLETO,1,2
07,05,02,038,070502038,SIETE VUELTAS,2,POBLADO COMPLETO,1,2
07,05,02,041,070502041,LA AGUSTINA,2,POBLADO COMPLETO,1,2
07,05,02,045,070502045,COBACHÓN,2,POBLADO COMPLETO,1,2
07,05,02,047,070502047,ORIA,2,POBLADO COMPLETO,1,2
07,05,02,050,070502050,SANTA LIBRADA,2,POBLADO COMPLETO,1,2
07,05,02,052,070502052,EL CHUMICO,2,POBLADO COMPLETO,1,2
07,05,02,053,070502053,LA CEBOLLA,2,POBLADO COMPLETO,2,2
07,05,02,054,070502054,LA NAZARIO,2,POBLADO COMPLETO,1,2
07,05,02,055,070502055,LOMA VILLA,2,POBLADO COMPLETO,2,2
07,05,02,056,070502056,PLAYA ORIA O BOCA DE ORIA,2,POBLADO COMPLETO,1,2
07,05,02,057,070502057,EL FALDAR,2,POBLADO COMPLETO,1,2
07,05,02,058,070502058,PUERTO ESCONDIDO,3,POBLADO PARTE,1,2
07,05,03,001,070503001,ARBOLITO,2,POBLADO COMPLETO,1,2
07,05,03,002,070503002,FRANCO,2,POBLADO COMPLETO,1,2
07,05,03,005,070503005,MARIABÉ,4,CABECERA PARTE (Mixto),1,2
07,05,03,006,070503006,QUINDI,2,POBLADO COMPLETO,1,2
07,05,03,008,070503008,EL ROBLE,2,POBLADO COMPLETO,1,2
07,05,03,009,070503009,LA ENEA,2,POBLADO COMPLETO,1,2
07,05,03,010,070503010,BOCA DE RÍO PEDASÍ,2,POBLADO COMPLETO,1,2
07,05,03,011,070503011,ISLA IGUANA,2,POBLADO COMPLETO,2,2
07,05,03,012,070503012,PLAYA EL RINCÓN,2,POBLADO COMPLETO,1,2
07,05,03,013,070503013,PLAYA RINCONCITO,2,POBLADO COMPLETO,1,2
07,05,03,014,070503014,PUNTA DEL TIGRE,2,POBLADO COMPLETO,1,2
07,05,03,015,070503015,FINCA LAS PERLAS,2,POBLADO COMPLETO,1,2
07,05,03,016,070503016,PUERTO PURIO,2,POBLADO COMPLETO,1,2
07,05,04,001,070504001,BUENOS AIRES,2,POBLADO COMPLETO,1,2
07,05,04,002,070504002,LOS CERRITOS,2,POBLADO COMPLETO,1,2
07,05,04,003,070504003,PUEBLO NUEVO,2,POBLADO COMPLETO,1,2
07,05,04,004,070504004,PURIO,1,CABECERA,1,2
07,05,04,005,070504005,QUEBRADA LA CRUZ,2,POBLADO COMPLETO,1,2
07,05,04,006,070504006,RÍO PURIO,3,POBLADO PARTE,1,2
07,05,04,007,070504007,MARIABÉ,3,POBLADO PARTE,1,2
07,05,04,008,070504008,BUENA VISTA,2,POBLADO COMPLETO,1,2
07,05,04,009,070504009,SEÑAGO,2,POBLADO COMPLETO,1,2
07,05,04,011,070504011,LOMA GOYO,2,POBLADO COMPLETO,1,2
07,05,04,012,070504012,LOS VÁSQUEZ,2,POBLADO COMPLETO,1,2
07,05,04,013,070504013,OJITO DE AGUA,2,POBLADO COMPLETO,2,2
07,05,05,001,070505001,AGUA BUENA,2,POBLADO COMPLETO,1,2
07,05,05,002,070505002,ALTO DEL ESPINO PRIETO,2,POBLADO COMPLETO,1,2
07,05,05,003,070505003,ALTOS DE LA QUEBRADA GUABO,2,POBLADO COMPLETO,1,2
07,05,05,004,070505004,ALTOS DE LA QUEBRADA MANUEL,2,POBLADO COMPLETO,2,2
07,05,05,005,070505005,ALTOS DEL CAÑAVERAL,2,POBLADO COMPLETO,1,2
07,05,05,006,070505006,CABECERA DE QUEBRADA PALMA,2,POBLADO COMPLETO,1,2
07,05,05,007,070505007,CALABACITO,2,POBLADO COMPLETO,1,2
07,05,05,008,070505008,EL CIRUELO,2,POBLADO COMPLETO,1,2
07,05,05,009,070505009,EL TORO,2,POBLADO COMPLETO,1,2
07,05,05,010,070505010,LA SAÍNA,3,POBLADO PARTE,1,2
07,05,05,011,070505011,LA SECA,2,POBLADO COMPLETO,1,2
07,05,05,012,070505012,LA VACA,3,POBLADO PARTE,1,2
07,05,05,013,070505013,LAS ESCOBAS,2,POBLADO COMPLETO,1,2
07,05,05,014,070505014,LAS ESCOBAS DEL VENADO,2,POBLADO COMPLETO,1,2
07,05,05,015,070505015,LOMA LA PAVA,2,POBLADO COMPLETO,1,2
07,05,05,016,070505016,LOS ACHOTINES,2,POBLADO COMPLETO,1,2
07,05,05,017,070505017,LOS ALGODONES,3,POBLADO PARTE,1,2
07,05,05,018,070505018,LOS COLORADOS,2,POBLADO COMPLETO,1,2
07,05,05,019,070505019,MINA HONDA,2,POBLADO COMPLETO,1,2
07,05,05,020,070505020,ORIA ABAJO,2,POBLADO COMPLETO,1,2
07,05,05,021,070505021,ORIA ARRIBA,1,CABECERA,1,2
07,05,05,022,070505022,ORIA No.1,2,POBLADO COMPLETO,1,2
07,05,05,023,070505023,PLAYA VENAO,2,POBLADO COMPLETO,1,2
07,05,05,024,070505024,PUERCO BLANCO,2,POBLADO COMPLETO,1,2
07,05,05,025,070505025,QUEBRADA LA PALMA,2,POBLADO COMPLETO,1,2
07,05,05,027,070505027,ALTOS DEL CAIMITO,2,POBLADO COMPLETO,1,2
07,05,05,028,070505028,CATIVAL,2,POBLADO COMPLETO,1,2
07,05,05,029,070505029,EL CAIMITO,2,POBLADO COMPLETO,1,2
07,05,05,030,070505030,EL CONEJO,2,POBLADO COMPLETO,1,2
07,05,05,031,070505031,LAS TRES QUEBRADAS,2,POBLADO COMPLETO,1,2
07,05,05,032,070505032,LOS RINCONES,2,POBLADO COMPLETO,1,2
07,05,05,033,070505033,LOS RANCHOS,2,POBLADO COMPLETO,1,2
07,05,05,034,070505034,PUNTA CARACUCHO,2,POBLADO COMPLETO,1,2
07,05,05,035,070505035,MADROÑO,2,POBLADO COMPLETO,1,2
07,05,05,036,070505036,LOMAS DE PLAYA VENAO,2,POBLADO COMPLETO,1,2
07,05,05,037,070505037,BLUE VENAO,2,POBLADO COMPLETO,1,2
07,06,01,002,070601002,LAGARTILLO,2,POBLADO COMPLETO,1,2
07,06,01,003,070601003,EL ROBLILLO,2,POBLADO COMPLETO,1,2
07,06,01,005,070601005,LA CONCEPCIÓN,2,POBLADO COMPLETO,1,2
07,06,01,006,070601006,LA LAGUNA,2,POBLADO COMPLETO,1,2
07,06,01,008,070601008,LAS VERGARAS,2,POBLADO COMPLETO,2,2
07,06,01,009,070601009,POCRÍ,1,CABECERA,1,2
07,06,01,010,070601010,QUEBRADA LA YEGUADA,2,POBLADO COMPLETO,2,2
07,06,01,011,070601011,RÍO MUÑOZ,2,POBLADO COMPLETO,1,2
07,06,01,012,070601012,RÍO PURIO,3,POBLADO PARTE,1,2
07,06,01,013,070601013,TEMPISQUE,2,POBLADO COMPLETO,1,2
07,06,01,014,070601014,EL CALABAZO,2,POBLADO COMPLETO,2,2
07,06,01,015,070601015,EL ESPINAL,2,POBLADO COMPLETO,1,2
07,06,01,016,070601016,EL GUAYABAL,3,POBLADO PARTE,1,2
07,06,01,018,070601018,FINCA LAS LAJITAS,2,POBLADO COMPLETO,1,2
07,06,01,020,070601020,ARANDA,2,POBLADO COMPLETO,1,2
07,06,01,021,070601021,ARENAL,2,POBLADO COMPLETO,1,2
07,06,01,022,070601022,FINCA MAMÁ SARA O EL MELONAL,2,POBLADO COMPLETO,1,2
07,06,01,023,070601023,LA GARITA,2,POBLADO COMPLETO,1,2
07,06,01,024,070601024,ALTO DE LOS HIGOS,2,POBLADO COMPLETO,1,2
07,06,01,025,070601025,LA SALINA,2,POBLADO COMPLETO,2,2
07,06,01,026,070601026,PLAYA LOS BAJADEROS,2,POBLADO COMPLETO,1,2
07,06,01,027,070601027,RÍO POCRÍ,2,POBLADO COMPLETO,1,2
07,06,01,028,070601028,FINCA BELLA VISTA,2,POBLADO COMPLETO,1,2
07,06,02,001,070602001,EL BEBEDERO,2,POBLADO COMPLETO,1,2
07,06,02,002,070602002,COLÁN,2,POBLADO COMPLETO,1,2
07,06,02,003,070602003,EL CAÑAFÍSTULO,1,CABECERA,1,2
07,06,02,004,070602004,MAÑÓN,2,POBLADO COMPLETO,1,2
07,06,02,006,070602006,LOMA GRANDE,2,POBLADO COMPLETO,1,2
07,06,02,009,070602009,EL MARAÑÓN,2,POBLADO COMPLETO,1,2
07,06,02,010,070602010,PUEBLO NUEVO,2,POBLADO COMPLETO,1,2
07,06,02,011,070602011,QUEBRADA BUSTAMANTE,3,POBLADO PARTE,1,2
07,06,02,012,070602012,EL TABANITO,2,POBLADO COMPLETO,1,2
07,06,02,013,070602013,QUEBRADA ALMARÍA,3,POBLADO PARTE,2,2
07,06,02,014,070602014,LAS LOMAS,2,POBLADO COMPLETO,2,2
07,06,03,001,070603001,CALIFORNIA,2,POBLADO COMPLETO,1,2
07,06,03,002,070603002,ENTRE DOS RÍOS,2,POBLADO COMPLETO,1,2
07,06,03,003,070603003,EL CARRIZAL,2,POBLADO COMPLETO,1,2
07,06,03,004,070603004,EL CRIOLLO,2,POBLADO COMPLETO,2,2
07,06,03,005,070603005,LA MADERA,2,POBLADO COMPLETO,1,2
07,06,03,006,070603006,LA NANZOSA,2,POBLADO COMPLETO,1,2
07,06,03,007,070603007,LA PLATANERA,2,POBLADO COMPLETO,1,2
07,06,03,008,070603008,LAJAMINA,1,CABECERA,1,2
07,06,03,010,070603010,LOS CERROS,2,POBLADO COMPLETO,1,2
07,06,03,011,070603011,LOS PANAMAES,2,POBLADO COMPLETO,1,2
07,06,04,002,070604002,LA CANDELARIA,2,POBLADO COMPLETO,1,2
07,06,04,003,070604003,FINCA MAYORCA,2,POBLADO COMPLETO,1,2
07,06,04,004,070604004,NUEVO OCÚ,2,POBLADO COMPLETO,1,2
07,06,04,005,070604005,PARAÍSO,1,CABECERA,1,2
07,06,04,006,070604006,EL ALGARROBO,2,POBLADO COMPLETO,2,2
07,06,04,007,070604007,EL CRUCE,2,POBLADO COMPLETO,1,2
07,06,04,008,070604008,FINCA LAS VERANERAS,2,POBLADO COMPLETO,1,2
07,06,04,009,070604009,FINCA LOS ALGARROBOS,2,POBLADO COMPLETO,1,2
07,06,04,010,070604010,FINCA LOS BAJOS,2,POBLADO COMPLETO,1,2
07,06,04,011,070604011,LA ALBINA,2,POBLADO COMPLETO,1,2
07,06,04,012,070604012,LAS AVISPAS,2,POBLADO COMPLETO,2,2
07,06,04,013,070604013,LAS LOMAS,2,POBLADO COMPLETO,1,2
07,06,04,014,070604014,LAS QUEBRADITAS,2,POBLADO COMPLETO,2,2
07,06,04,015,070604015,LOS BAJOS DE LA PALMA,2,POBLADO COMPLETO,1,2
07,06,04,016,070604016,QUEBRADA ALMARÍA,3,POBLADO PARTE,1,2
07,06,04,017,070604017,EL ESTERO,2,POBLADO COMPLETO,1,2
07,06,04,018,070604018,JUJUCAL,2,POBLADO COMPLETO,2,2
07,06,04,019,070604019,LA MINA,2,POBLADO COMPLETO,2,2
07,06,04,020,070604020,LAS PEÑAS,2,POBLADO COMPLETO,2,2
07,06,04,021,070604021,LA CUTARRA,2,POBLADO COMPLETO,2,2
07,06,04,022,070604022,LAS PLANCHAS,2,POBLADO COMPLETO,1,2
07,06,05,001,070605001,CARRICILLAL,2,POBLADO COMPLETO,1,2
07,06,05,003,070605003,EL TABANO,2,POBLADO COMPLETO,1,2
07,06,05,007,070605007,LA LLEGADA DEL TABANO,2,POBLADO COMPLETO,1,2
07,06,05,008,070605008,LAS HERRERITAS,2,POBLADO COMPLETO,1,2
07,06,05,009,070605009,EL LIMONCITO,2,POBLADO COMPLETO,1,2
07,06,05,010,070605010,LOS MACANITOS,2,POBLADO COMPLETO,1,2
07,06,05,011,070605011,LOS MALAGUETOS,2,POBLADO COMPLETO,1,2
07,06,05,012,070605012,PARITILLA,1,CABECERA,1,2
07,06,05,013,070605013,QUEBRADA EL POTRERO,2,POBLADO COMPLETO,1,2
07,06,05,014,070605014,SAN ANTONIO,2,POBLADO COMPLETO,1,2
07,06,05,015,070605015,LA VACA,3,POBLADO PARTE,1,2
07,06,05,017,070605017,EL NONECO,2,POBLADO COMPLETO,1,2
07,06,05,018,070605018,FINCA PARITILLA,2,POBLADO COMPLETO,1,2
07,06,05,019,070605019,LOS ALGODONES,3,POBLADO PARTE,1,2
07,06,05,020,070605020,LA LOMA,2,POBLADO COMPLETO,1,2
07,06,05,021,070605021,EL GUAYABAL,3,POBLADO PARTE,2,2
07,06,05,022,070605022,CORDILLERITA,2,POBLADO COMPLETO,1,2
07,07,01,003,070701003,CHARA,2,POBLADO COMPLETO,1,2
07,07,01,005,070701005,EL GUÁSIMO,2,POBLADO COMPLETO,1,2
07,07,01,007,070701007,BÚCARO,2,POBLADO COMPLETO,1,2
07,07,01,008,070701008,RÍO VIEJO DE LOS RODRÍGUEZ,3,POBLADO PARTE,1,2
07,07,01,011,070701011,TONOSÍ,1,CABECERA,1,1
07,07,01,012,070701012,RÍO VIEJO ABAJO O CHARA ABAJO,3,POBLADO PARTE,1,2
07,07,01,013,070701013,BELLA VISTA,2,POBLADO COMPLETO,1,2
07,07,01,014,070701014,CAMINO DE BÚCARO,3,POBLADO PARTE,1,2
07,07,01,015,070701015,EL PITAL,2,POBLADO COMPLETO,1,2
07,07,01,017,070701017,LA BERNARDINA,2,POBLADO COMPLETO,1,2
07,07,01,019,070701019,LAS MINITAS,3,POBLADO PARTE,1,2
07,07,01,020,070701020,PUERTO PIÑA,2,POBLADO COMPLETO,1,2
07,07,01,021,070701021,LOMA DEL MACHO,3,POBLADO PARTE,1,2
07,07,01,022,070701022,EL BEBEDERO,3,POBLADO PARTE,1,2
07,07,01,023,070701023,LA PALMA No.1,3,POBLADO PARTE,1,2
07,07,01,024,070701024,LOS NARANJOS,3,POBLADO PARTE,1,2
07,07,01,025,070701025,OCHO PASOS,3,POBLADO PARTE,1,2
07,07,01,026,070701026,RÍO VIEJO DE LOS VALDÉS,3,POBLADO PARTE,1,2
07,07,01,027,070701027,LAS PALMITAS,2,POBLADO COMPLETO,1,2
07,07,01,028,070701028,LA ISLITA,2,POBLADO COMPLETO,1,2
07,07,02,001,070702001,ALTOS DE GÜERA,1,CABECERA,1,2
07,07,02,003,070702003,BAJO BONITO,2,POBLADO COMPLETO,1,2
07,07,02,004,070702004,BAJOS DE GÜERA,3,POBLADO PARTE,1,2
07,07,02,005,070702005,EL BAJO DE LA PINTADA,2,POBLADO COMPLETO,1,2
07,07,02,006,070702006,BOCA DE QUEMA,2,POBLADO COMPLETO,1,2
07,07,02,007,070702007,BOCA DE TORO,2,POBLADO COMPLETO,1,2
07,07,02,009,070702009,EL CARRIÓN,2,POBLADO COMPLETO,1,2
07,07,02,010,070702010,ESPAVEITO,2,POBLADO COMPLETO,1,2
07,07,02,013,070702013,LOS CARACUCHOS,2,POBLADO COMPLETO,1,2
07,07,02,016,070702016,LOS PLANES,2,POBLADO COMPLETO,1,2
07,07,02,017,070702017,LOS ZATRALES,2,POBLADO COMPLETO,1,2
07,07,02,018,070702018,MANO DE PIEDRA,2,POBLADO COMPLETO,1,2
07,07,02,019,070702019,MARROQUÍN,2,POBLADO COMPLETO,1,2
07,07,02,020,070702020,PASO HONDO,3,POBLADO PARTE,1,2
07,07,02,021,070702021,AGUAS CLARAS,2,POBLADO COMPLETO,1,2
07,07,02,022,070702022,QUEBRADA DE QUEMA ARRIBA,2,POBLADO COMPLETO,1,2
07,07,02,023,070702023,RÍO QUEMA,2,POBLADO COMPLETO,1,2
07,07,02,024,070702024,SALAMÍN,2,POBLADO COMPLETO,1,2
07,07,03,001,070703001,AGUA BUENA,3,POBLADO PARTE,1,2
07,07,03,002,070703002,BELLA VISTA,2,POBLADO COMPLETO,1,2
07,07,03,003,070703003,LA SAÍNA,3,POBLADO PARTE,1,2
07,07,03,004,070703004,CAÑA BRAVA,2,POBLADO COMPLETO,1,2
07,07,03,005,070703005,CAÑAS,1,CABECERA,1,2
07,07,03,006,070703006,EL CEDRO DE AGUA BUENA,3,POBLADO PARTE,1,2
07,07,03,007,070703007,EL CIGÜA,3,POBLADO PARTE,1,2
07,07,03,009,070703009,EL PARADERO,2,POBLADO COMPLETO,1,2
07,07,03,012,070703012,LA MINA,2,POBLADO COMPLETO,1,2
07,07,03,014,070703014,LA RAIZOSA,2,POBLADO COMPLETO,1,2
07,07,03,015,070703015,LA COLORADA,2,POBLADO COMPLETO,1,2
07,07,03,017,070703017,EL MADROÑO,3,POBLADO PARTE,1,2
07,07,03,018,070703018,OJO DE AGUA,2,POBLADO COMPLETO,1,2
07,07,03,019,070703019,AGUA DE LA LOMA,2,POBLADO COMPLETO,1,2
07,07,03,020,070703020,PUEBLO NUEVO,2,POBLADO COMPLETO,1,2
07,07,03,022,070703022,PEÑA VISTA,2,POBLADO COMPLETO,1,2
07,07,03,026,070703026,BUENA VISTA,2,POBLADO COMPLETO,1,2
07,07,03,027,070703027,ALTOS DEL CAIMITO,2,POBLADO COMPLETO,1,2
07,07,03,028,070703028,CIGÜA ARRIBA,2,POBLADO COMPLETO,1,2
07,07,03,029,070703029,LA LOMA,2,POBLADO COMPLETO,1,2
07,07,03,030,070703030,LA VIGÍA,2,POBLADO COMPLETO,1,2
07,07,03,031,070703031,LA MONTAÑITA,2,POBLADO COMPLETO,1,2
07,07,04,004,070704004,BUENOS AIRES,2,POBLADO COMPLETO,1,2
07,07,04,006,070704006,EL BEBEDERO,4,CABECERA PARTE (Mixto),1,2
07,07,04,008,070704008,EL JACINTAL O NUARIO,2,POBLADO COMPLETO,1,2
07,07,04,013,070704013,LA BONITA,2,POBLADO COMPLETO,1,2
07,07,04,014,070704014,LA CACICA,2,POBLADO COMPLETO,1,2
07,07,04,016,070704016,LA COROCITA,2,POBLADO COMPLETO,1,2
07,07,04,017,070704017,LA COROTÚA,2,POBLADO COMPLETO,1,2
07,07,04,018,070704018,LA CULEBRA,2,POBLADO COMPLETO,1,2
07,07,04,019,070704019,LA JOBA,2,POBLADO COMPLETO,1,2
07,07,04,022,070704022,LA PALMA,2,POBLADO COMPLETO,1,2
07,07,04,025,070704025,HACIENDA LA BARRERA,2,POBLADO COMPLETO,1,2
07,07,04,026,070704026,LA ZAHUMERIA,2,POBLADO COMPLETO,1,2
07,07,04,027,070704027,LAS MINITAS,3,POBLADO PARTE,1,2
07,07,04,028,070704028,LOMA DE BAJO LIMPIO,3,POBLADO PARTE,1,2
07,07,04,031,070704031,OCHO PASOS,3,POBLADO PARTE,1,2
07,07,04,032,070704032,PASO REAL,2,POBLADO COMPLETO,1,2
07,07,04,033,070704033,RÍO VIEJO DE LOS VALDÉS,3,POBLADO PARTE,1,2
07,07,04,034,070704034,RÍO VIEJO DE PERINA,2,POBLADO COMPLETO,1,2
07,07,04,037,070704037,MONTEVIDEO O AGUAS AZULES,2,POBLADO COMPLETO,1,2
07,07,04,038,070704038,LOS BIJAGUALES,2,POBLADO COMPLETO,1,2
07,07,04,039,070704039,CABECERA COLORADILLA,2,POBLADO COMPLETO,1,2
07,07,04,041,070704041,COROCITA ARRIBA,2,POBLADO COMPLETO,1,2
07,07,04,045,070704045,EL CARBÓN,3,POBLADO PARTE,1,2
07,07,05,001,070705001,AGUA BUENA,3,POBLADO PARTE,1,2
07,07,05,003,070705003,EL CACAO,1,CABECERA,1,2
07,07,05,004,070705004,EL LIMÓN,2,POBLADO COMPLETO,1,2
07,07,05,005,070705005,EL MANZANO,2,POBLADO COMPLETO,1,2
07,07,05,006,070705006,LA BONITA DE FLORES,2,POBLADO COMPLETO,1,2
07,07,05,007,070705007,EL CATALINO,2,POBLADO COMPLETO,1,2
07,07,05,009,070705009,LAS HUERTAS,2,POBLADO COMPLETO,1,2
07,07,05,011,070705011,EL BIJAGUAL O LOS BIJAGUALES,2,POBLADO COMPLETO,1,2
07,07,05,012,070705012,EL CRUCE,2,POBLADO COMPLETO,1,2
07,07,05,013,070705013,LOS NARANJOS,2,POBLADO COMPLETO,1,2
07,07,05,014,070705014,EL PITAL,2,POBLADO COMPLETO,1,2
07,07,05,015,070705015,JOAQUÍN ABAJO,3,POBLADO PARTE,1,2
07,07,05,017,070705017,RÍO VIEJO DE LOS RODRÍGUEZ,3,POBLADO PARTE,1,2
07,07,05,018,070705018,RÍO VIEJO DEL SOLAR,2,POBLADO COMPLETO,1,2
07,07,05,020,070705020,RÍO VIEJO DE LOS VALDÉS,3,POBLADO PARTE,1,2
07,07,05,022,070705022,RÍO VIEJO ABAJO O CHARA ABAJO,3,POBLADO PARTE,1,2
07,07,05,023,070705023,EL GUÁBILO,2,POBLADO COMPLETO,1,2
07,07,05,024,070705024,LA BONITA DE LAS PALMITAS,2,POBLADO COMPLETO,1,2
07,07,06,001,070706001,AGUA CALIENTE,3,POBLADO PARTE,1,2
07,07,06,002,070706002,EL CORTEZO ABAJO,2,POBLADO COMPLETO,1,2
07,07,06,004,070706004,EL CORTEZO,1,CABECERA,1,2
07,07,06,006,070706006,EL QUIRA,2,POBLADO COMPLETO,1,2
07,07,06,008,070706008,LA PINTADA,2,POBLADO COMPLETO,1,2
07,07,06,009,070706009,LA PINTADITA,2,POBLADO COMPLETO,1,2
07,07,06,011,070706011,LA PROVINCIA O PROVINCIA,2,POBLADO COMPLETO,1,2
07,07,06,013,070706013,LAS VIDAS,2,POBLADO COMPLETO,1,2
07,07,06,014,070706014,LOS AROMOS,2,POBLADO COMPLETO,1,2
07,07,06,015,070706015,LOS CHIQUEROS,2,POBLADO COMPLETO,1,2
07,07,06,016,070706016,MAQUENCAL O LOS MAQUENCALES,2,POBLADO COMPLETO,1,2
07,07,06,019,070706019,AGUAS TIBIAS,2,POBLADO COMPLETO,1,2
07,07,06,021,070706021,LA ANGUILLA,2,POBLADO COMPLETO,1,2
07,07,06,022,070706022,EL COPIHUA,2,POBLADO COMPLETO,1,2
07,07,06,023,070706023,EL SUAY,3,POBLADO PARTE,1,2
07,07,06,024,070706024,GUANIQUITO ARRIBA,3,POBLADO PARTE,1,2
07,07,06,026,070706026,BARRO PRIETO,2,POBLADO COMPLETO,1,2
07,07,06,027,070706027,EL MACHO,2,POBLADO COMPLETO,1,2
07,07,06,029,070706029,EL SILENCIO,2,POBLADO COMPLETO,1,2
07,07,06,030,070706030,BAJO GRANDE,2,POBLADO COMPLETO,1,2
07,07,06,031,070706031,EL PILÓN,2,POBLADO COMPLETO,1,2
07,07,06,032,070706032,LAS LOMAS,2,POBLADO COMPLETO,1,2
07,07,06,033,070706033,RÍO MARROQUÍN,2,POBLADO COMPLETO,1,2
07,07,07,001,070707001,COIBA,2,POBLADO COMPLETO,1,2
07,07,07,002,070707002,DESEMBOCADURA DE QUEBRADA PRIETA,2,POBLADO COMPLETO,1,2
07,07,07,004,070707004,EL ESPAVÉ,2,POBLADO COMPLETO,1,2
07,07,07,006,070707006,FLORES,1,CABECERA,1,2
07,07,07,008,070707008,JOAQUÍN,2,POBLADO COMPLETO,1,2
07,07,07,012,070707012,LA NISPEROSA,2,POBLADO COMPLETO,1,2
07,07,07,013,070707013,LA PALMOSA,2,POBLADO COMPLETO,1,2
07,07,07,014,070707014,LA PRIETA,2,POBLADO COMPLETO,1,2
07,07,07,016,070707016,LAS TOTUMITAS,3,POBLADO PARTE,1,2
07,07,07,018,070707018,LA ISLA,2,POBLADO COMPLETO,1,2
07,07,07,019,070707019,TRES QUEBRADAS,2,POBLADO COMPLETO,1,2
07,07,07,020,070707020,LOS CABIMOS,2,POBLADO COMPLETO,1,2
07,07,07,021,070707021,MONTOSO,2,POBLADO COMPLETO,1,2
07,07,07,023,070707023,OLIVITA,2,POBLADO COMPLETO,1,2
07,07,07,024,070707024,OLIVITA ABAJO,2,POBLADO COMPLETO,1,2
07,07,07,025,070707025,OLIVITA ARRIBA,2,POBLADO COMPLETO,1,2
07,07,07,027,070707027,JOAQUÍN ARRIBA,2,POBLADO COMPLETO,1,2
07,07,07,028,070707028,LOMA GRANDE,2,POBLADO COMPLETO,1,2
07,07,07,029,070707029,JOAQUÍN ABAJO,3,POBLADO PARTE,1,2
07,07,08,001,070708001,AVE MARÍA,1,CABECERA,1,2
07,07,08,004,070708004,CAMBUTALITO,2,POBLADO COMPLETO,1,2
07,07,08,009,070708009,GUÁNICO ABAJO,2,POBLADO COMPLETO,1,2
07,07,08,011,070708011,JOBERO,2,POBLADO COMPLETO,1,2
07,07,08,014,070708014,LA LIBORIA,2,POBLADO COMPLETO,1,2
07,07,08,015,070708015,LA PALMA,2,POBLADO COMPLETO,1,2
07,07,08,017,070708017,LA ZAPOTOSA,2,POBLADO COMPLETO,1,2
07,07,08,020,070708020,OSTIONAL,2,POBLADO COMPLETO,1,2
07,07,08,024,070708024,GUÁNICO ARRIBA,2,POBLADO COMPLETO,1,2
07,07,08,025,070708025,LA ARENOSA,2,POBLADO COMPLETO,1,2
07,07,08,026,070708026,CAÑA BLANCAL,2,POBLADO COMPLETO,1,2
07,07,08,028,070708028,LOS NARANJOS,3,POBLADO PARTE,1,2
07,07,08,029,070708029,LAS MARÍAS,2,POBLADO COMPLETO,1,2
07,07,08,030,070708030,LOMA DEL MACHO,3,POBLADO PARTE,1,2
07,07,08,031,070708031,EL CARBÓN,3,POBLADO PARTE,1,2
07,07,08,032,070708032,FINCA EL JOBO,2,POBLADO COMPLETO,1,2
07,07,08,033,070708033,JOBERITO,2,POBLADO COMPLETO,1,2
07,07,08,034,070708034,LA PAVITA,2,POBLADO COMPLETO,1,2
07,07,08,035,070708035,CAMINO DE BÚCARO,3,POBLADO PARTE,1,2
07,07,08,036,070708036,LA PALMA No.1,3,POBLADO PARTE,1,2
07,07,08,037,070708037,LA MARINERA,2,POBLADO COMPLETO,1,2
07,07,08,038,070708038,LA MONTAÑA,2,POBLADO COMPLETO,2,2
07,07,09,002,070709002,AGUA CALIENTE,3,POBLADO PARTE,1,2
07,07,09,003,070709003,BARRANCÓN,2,POBLADO COMPLETO,1,2
07,07,09,005,070709005,EL CASTILLO,2,POBLADO COMPLETO,1,2
07,07,09,007,070709007,EL GUAYABO,2,POBLADO COMPLETO,1,2
07,07,09,009,070709009,EL SUAY,3,POBLADO PARTE,1,2
07,07,09,011,070709011,LA CALIZA DE AZUERO,2,POBLADO COMPLETO,1,2
07,07,09,013,070709013,GUANIQUITO ARRIBA,3,POBLADO PARTE,1,2
07,07,09,014,070709014,GÜERA,2,POBLADO COMPLETO,1,2
07,07,09,016,070709016,LA LLANA,2,POBLADO COMPLETO,1,2
07,07,09,017,070709017,LA TRONOSA,1,CABECERA,1,2
07,07,09,018,070709018,LOMA DE BAJO LIMPIO,3,POBLADO PARTE,1,2
07,07,09,020,070709020,PLAN BONITO,2,POBLADO COMPLETO,1,2
07,07,09,022,070709022,QUEBRADA LA MIELITA,2,POBLADO COMPLETO,1,2
07,07,09,023,070709023,QUEBRADA LIMÓN ARRIBA,2,POBLADO COMPLETO,1,2
07,07,09,024,070709024,QUEBRADA LLANA ARRIBA,2,POBLADO COMPLETO,1,2
07,07,09,025,070709025,LA REDONDA,2,POBLADO COMPLETO,1,2
07,07,09,026,070709026,MAQUENCAL,2,POBLADO COMPLETO,1,2
07,07,09,027,070709027,LA TRONOSITA,2,POBLADO COMPLETO,1,2
07,07,10,001,070710001,CAMBUTAL,1,CABECERA,1,2
07,07,10,002,070710002,CABECERA DE QUEBRADA GRANDE,2,POBLADO COMPLETO,1,2
07,07,10,003,070710003,EL COGOLLO,2,POBLADO COMPLETO,1,2
07,07,10,004,070710004,HORCONES,2,POBLADO COMPLETO,1,2
07,07,10,005,070710005,HORCONES ARRIBA,2,POBLADO COMPLETO,1,2
07,07,10,006,070710006,LA CUCHILLA,2,POBLADO COMPLETO,1,2
07,07,10,007,070710007,LOS BUZOS,2,POBLADO COMPLETO,1,2
07,07,10,008,070710008,PEDREGAL,2,POBLADO COMPLETO,1,2
07,07,10,009,070710009,PEDREGAL ARRIBA,2,POBLADO COMPLETO,1,2
07,07,10,010,070710010,PEDREGALITO,2,POBLADO COMPLETO,1,2
07,07,10,011,070710011,PORTOBELO,2,POBLADO COMPLETO,1,2
07,07,10,012,070710012,PUNTA BLANCA,2,POBLADO COMPLETO,1,2
07,07,10,013,070710013,SALAMÍN,2,POBLADO COMPLETO,1,2
07,07,10,014,070710014,LA BAJÍA,2,POBLADO COMPLETO,1,2
07,07,10,015,070710015,LA PIPA,2,POBLADO COMPLETO,1,2
07,07,10,016,070710016,MORRO DE PUERCO,2,POBLADO COMPLETO,1,2
07,07,10,017,070710017,PIEDRA CARETA,2,POBLADO COMPLETO,1,2
07,07,10,018,070710018,EL DIMA,2,POBLADO COMPLETO,1,2
07,07,11,001,070711001,AGUA BUENA,3,POBLADO PARTE,1,2
07,07,11,002,070711002,EL BANCO,2,POBLADO COMPLETO,1,2
07,07,11,003,070711003,EL CEDRO DE AGUA BUENA,3,POBLADO PARTE,1,2
07,07,11,004,070711004,EL CIGÜA,3,POBLADO PARTE,1,2
07,07,11,005,070711005,ISLA DE CAÑAS,1,CABECERA,1,2
07,07,11,006,070711006,LOS TRABAJADEROS O PUNTA CAÑA,2,POBLADO COMPLETO,1,2
07,07,11,007,070711007,VENANCIO,2,POBLADO COMPLETO,1,2
07,07,11,008,070711008,LA ALBINA,2,POBLADO COMPLETO,1,2
08,02,01,002,080201002,CASAYA,2,POBLADO COMPLETO,1,2
08,02,01,010,080201010,MARTÍN PÉREZ AFUERA,2,POBLADO COMPLETO,1,2
08,02,01,011,080201011,MEDINA,2,POBLADO COMPLETO,1,2
08,02,01,020,080201020,SAN MIGUEL,1,CABECERA,1,2
08,02,01,024,080201024,PLAYA SANTANA,2,POBLADO COMPLETO,1,2
08,02,01,026,080201026,RANCHO GRANDE,2,POBLADO COMPLETO,1,2
08,02,01,028,080201028,SIRENA,2,POBLADO COMPLETO,1,2
08,02,01,030,080201030,VIVEROS,2,POBLADO COMPLETO,1,2
08,02,01,031,080201031,ISLETA DE GALLO,2,POBLADO COMPLETO,2,2
08,02,02,003,080202003,LA ENSENADA,1,CABECERA,1,2
08,02,02,004,080202004,SAN JUAN,2,POBLADO COMPLETO,2,2
08,02,02,005,080202005,EL CHORRO,2,POBLADO COMPLETO,2,2
08,02,03,003,080203003,LA ESMERALDA,1,CABECERA,1,2
08,02,03,006,080203006,PUNTA COCO,2,POBLADO COMPLETO,2,2
08,02,03,009,080203009,PLAYA GORGONA,2,POBLADO COMPLETO,1,2
08,02,04,005,080204005,LA GUINEA,1,CABECERA,1,2
08,02,05,003,080205003,PEDRO GONZÁLEZ,1,CABECERA,1,2
08,02,05,004,080205004,BARRIO LA PISTA,2,POBLADO COMPLETO,1,2
08,02,05,005,080205005,BODEGA,2,POBLADO COMPLETO,2,2
08,02,05,007,080205007,CUATRO CAMINOS,2,POBLADO COMPLETO,1,2
08,02,05,008,080205008,ISLA SAN JOSÉ,2,POBLADO COMPLETO,1,2
08,02,05,009,080205009,PEARL ISLAND,2,POBLADO COMPLETO,1,2
08,02,06,001,080206001,CONTADORA,2,POBLADO COMPLETO,1,2
08,02,06,002,080206002,SABOGA,1,CABECERA,1,2
08,02,06,003,080206003,ISLA PACHECA,2,POBLADO COMPLETO,1,2
08,02,06,004,080206004,CHAPERA,2,POBLADO COMPLETO,1,2
08,02,06,005,080206005,EL ATOLÓN,2,POBLADO COMPLETO,2,2
08,02,06,006,080206006,EL ENCANTO BAY,2,POBLADO COMPLETO,1,2
08,05,01,006,080501006,ASENTAMIENTO SUPERACIÓN CAMPESINA,2,POBLADO COMPLETO,1,2
08,05,01,011,080501011,UNIÓN DE AZUERO,2,POBLADO COMPLETO,1,2
08,05,01,012,080501012,SEIS REALES,2,POBLADO COMPLETO,1,2
08,05,01,013,080501013,CUARENTA BOLLOS,3,POBLADO PARTE,1,2
08,05,01,015,080501015,LAS LAJITAS,3,POBLADO PARTE,1,2
08,05,01,016,080501016,CHEPO,1,CABECERA,1,1
08,05,01,017,080501017,CHICHEBRE,2,POBLADO COMPLETO,1,2
08,05,01,018,080501018,ALTOS DEL BAYANO,2,POBLADO COMPLETO,1,2
08,05,01,022,080501022,EL TIGRE ARRIBA,3,POBLADO PARTE,1,2
08,05,01,023,080501023,ESCOBAL,2,POBLADO COMPLETO,1,2
08,05,01,024,080501024,ESPAVÉ,2,POBLADO COMPLETO,1,2
08,05,01,026,080501026,MALAMBO,2,POBLADO COMPLETO,1,2
08,05,01,027,080501027,GUARUMAL,2,POBLADO COMPLETO,1,2
08,05,01,028,080501028,VIEJO JESÚS MARÍA,2,POBLADO COMPLETO,1,2
08,05,01,029,080501029,JUAN BAÑÓN,2,POBLADO COMPLETO,1,2
08,05,01,031,080501031,COQUIRA,2,POBLADO COMPLETO,1,2
08,05,01,034,080501034,LA PITA,2,POBLADO COMPLETO,1,2
08,05,01,036,080501036,LA VETA,2,POBLADO COMPLETO,1,2
08,05,01,038,080501038,GARRAPATA,3,POBLADO PARTE,1,2
08,05,01,039,080501039,LIMONADA ABAJO,2,POBLADO COMPLETO,1,2
08,05,01,051,080501051,NARANJAL,2,POBLADO COMPLETO,1,2
08,05,01,055,080501055,PLATANARES,3,POBLADO PARTE,1,2
08,05,01,056,080501056,PUEBLO NUEVO,2,POBLADO COMPLETO,1,2
08,05,01,060,080501060,SAN ANTONIO,2,POBLADO COMPLETO,1,2
08,05,01,062,080501062,SAN ISIDRO,2,POBLADO COMPLETO,1,2
08,05,01,063,080501063,SAN JOAQUÍN,2,POBLADO COMPLETO,1,2
08,05,01,064,080501064,SAN JUDAS,2,POBLADO COMPLETO,1,2
08,05,01,067,080501067,SANTA CRUZ,2,POBLADO COMPLETO,1,2
08,05,01,068,080501068,TAPAGRA,2,POBLADO COMPLETO,1,2
08,05,01,069,080501069,TRANQUILLA,2,POBLADO COMPLETO,1,2
08,05,01,074,080501074,UNIÓN TABLEÑA,2,POBLADO COMPLETO,1,2
08,05,01,076,080501076,CALOBRE PIEDRA,3,POBLADO PARTE,1,2
08,05,01,077,080501077,CALOBRE ARRIBA,3,POBLADO PARTE,1,2
08,05,01,078,080501078,CULEBRA AFUERA,2,POBLADO COMPLETO,1,2
08,05,01,079,080501079,CULEBRA ADENTRO,2,POBLADO COMPLETO,1,2
08,05,01,080,080501080,TRAPICHE ABAJO,2,POBLADO COMPLETO,1,2
08,05,01,081,080501081,TRAPICHE ARRIBA,2,POBLADO COMPLETO,1,2
08,05,01,083,080501083,TIERRA PROMETIDA,2,POBLADO COMPLETO,1,2
08,05,01,084,080501084,UNIÓN PALMEÑA,3,POBLADO PARTE,1,2
08,05,01,085,080501085,CALOBRE ABAJO,3,POBLADO PARTE,1,2
08,05,01,089,080501089,LA CAÑADA,2,POBLADO COMPLETO,2,2
08,05,01,090,080501090,QUEBRADA AGUACATE,2,POBLADO COMPLETO,1,2
08,05,01,093,080501093,CABECERA DE CULEBRA,2,POBLADO COMPLETO,1,2
08,05,01,094,080501094,DOS BRAZOS,2,POBLADO COMPLETO,1,2
08,05,01,095,080501095,DUERMISOLO O ESCOBAL,2,POBLADO COMPLETO,1,2
08,05,01,097,080501097,EL TIGRE ABAJO,3,POBLADO PARTE,1,2
08,05,01,098,080501098,FINCA LAS COLINAS,2,POBLADO COMPLETO,1,2
08,05,01,100,080501100,LOMA COLORADA,2,POBLADO COMPLETO,1,2
08,05,01,101,080501101,PUERTO MELO O VÍA MELO,2,POBLADO COMPLETO,1,2
08,05,01,102,080501102,VÍA PANAMERICANA,2,POBLADO COMPLETO,1,2
08,05,01,103,080501103,ALTO DEL LAGO,2,POBLADO COMPLETO,1,2
08,05,01,104,080501104,ALTOS DE LA GLORIA,2,POBLADO COMPLETO,1,2
08,05,01,105,080501105,ALTOS DE TANARA,2,POBLADO COMPLETO,1,2
08,05,01,106,080501106,ALTOS DEL ESPAVÉ,2,POBLADO COMPLETO,1,2
08,05,01,107,080501107,BARRIADA SANTA EDUVIGES,2,POBLADO COMPLETO,1,2
08,05,01,108,080501108,BOLLO ADENTRO,2,POBLADO COMPLETO,1,2
08,05,01,109,080501109,BONETE,3,POBLADO PARTE,1,2
08,05,01,110,080501110,BRISAS DEL NARANJAL,2,POBLADO COMPLETO,1,2
08,05,01,111,080501111,CERRILLO O PARAGÜITO,3,POBLADO PARTE,1,2
08,05,01,112,080501112,CERRO SAN FRANCISCO,2,POBLADO COMPLETO,1,2
08,05,01,113,080501113,COLINAS DEL NARANJAL,2,POBLADO COMPLETO,1,2
08,05,01,115,080501115,ESPAVÉ No.2,2,POBLADO COMPLETO,1,2
08,05,01,116,080501116,FINCA ITACA,2,POBLADO COMPLETO,1,2
08,05,01,117,080501117,LIMONADA ARRIBA,2,POBLADO COMPLETO,1,2
08,05,01,118,080501118,NUEVO JESÚS MARÍA,2,POBLADO COMPLETO,1,2
08,05,01,119,080501119,RESIDENCIAL TANARA,2,POBLADO COMPLETO,1,2
08,05,01,121,080501121,SAN JUAN DE DIOS,2,POBLADO COMPLETO,1,2
08,05,01,122,080501122,SAN LÁZARO,3,POBLADO PARTE,2,2
08,05,01,123,080501123,TANARA,2,POBLADO COMPLETO,1,2
08,05,01,124,080501124,BARRIADA MICROPRODUCTORES DE TANARA,2,POBLADO COMPLETO,1,2
08,05,01,126,080501126,QUINTAS DE TANARA,2,POBLADO COMPLETO,1,2
08,05,01,127,080501127,VILLAS DE TANARA,2,POBLADO COMPLETO,1,2
08,05,01,128,080501128,CIUDAD BRISAS DE TANARA,2,POBLADO COMPLETO,1,2
08,05,01,129,080501129,BOSQUES DE TANARA,2,POBLADO COMPLETO,1,2
08,05,01,130,080501130,LA BENDICIÓN DE TANARA,2,POBLADO COMPLETO,1,2
08,05,01,131,080501131,ALTO DE CERRO CARBUNCO,2,POBLADO COMPLETO,1,2
08,05,01,132,080501132,ALTO DEL NANCE,3,POBLADO PARTE,1,2
08,05,01,134,080501134,ALTOS DE CHICHEBRE,2,POBLADO COMPLETO,1,2
08,05,01,135,080501135,BRISAS DE BAJO CHICHEBRE,2,POBLADO COMPLETO,1,2
08,05,01,136,080501136,URBANIZACIÓN LA FLORESTA,2,POBLADO COMPLETO,1,2
08,05,01,137,080501137,VALLE PRÓSPERO,2,POBLADO COMPLETO,1,2
08,05,01,138,080501138,VILLA CHINA,2,POBLADO COMPLETO,1,2
08,05,01,139,080501139,VILLA YAZMÍN,2,POBLADO COMPLETO,1,2
08,05,01,140,080501140,VILLA MONTE,2,POBLADO COMPLETO,1,2
08,05,01,141,080501141,PRADERAS DEL VALLE,2,POBLADO COMPLETO,1,2
08,05,01,142,080501142,CERRO CARBUNCO,2,POBLADO COMPLETO,1,2
08,05,02,002,080502002,BUENOS AIRES,2,POBLADO COMPLETO,1,2
08,05,02,003,080502003,CAÑITA,1,CABECERA,1,2
08,05,02,006,080502006,FLOR DE LAGUNA,2,POBLADO COMPLETO,1,2
08,05,02,007,080502007,JENENÉ,2,POBLADO COMPLETO,1,2
08,05,02,010,080502010,QUEBRADA DEL MEDIO,2,POBLADO COMPLETO,1,2
08,05,02,013,080502013,RÍO PAJA,2,POBLADO COMPLETO,1,2
08,05,02,014,080502014,RÍO PIEDRA,2,POBLADO COMPLETO,1,2
08,05,02,016,080502016,ROMPE OLAS,2,POBLADO COMPLETO,1,2
08,05,02,017,080502017,VIEJO PEDRO O AKUASIBUDIAN,3,POBLADO PARTE,1,2
08,05,02,018,080502018,EL CEIBO,2,POBLADO COMPLETO,1,2
08,05,02,020,080502020,LAS MAÑANITAS,2,POBLADO COMPLETO,1,2
08,05,02,022,080502022,SAN FRANCISCO,2,POBLADO COMPLETO,1,2
08,05,02,024,080502024,LA FLORIDA,2,POBLADO COMPLETO,1,2
08,05,02,025,080502025,QUEBRADA CHICHO,2,POBLADO COMPLETO,1,2
08,05,02,026,080502026,CAMPO ALEGRE,2,POBLADO COMPLETO,1,2
08,05,02,027,080502027,CABECERA DEL RÍO PAJA,2,POBLADO COMPLETO,1,2
08,05,02,028,080502028,NUEVO MUNDO,2,POBLADO COMPLETO,1,2
08,05,02,029,080502029,TAGUA,2,POBLADO COMPLETO,1,2
08,05,02,030,080502030,BAJERÍA,2,POBLADO COMPLETO,1,2
08,05,02,034,080502034,CHULUNGANTÍ,2,POBLADO COMPLETO,1,2
08,05,02,035,080502035,ALTO DEL CICLO,2,POBLADO COMPLETO,1,2
08,05,02,036,080502036,BARRIADA 20 DE DICIEMBRE,2,POBLADO COMPLETO,1,2
08,05,02,037,080502037,BARRIADA NUEVO HORIZONTE,2,POBLADO COMPLETO,1,2
08,05,02,038,080502038,BRAZOS,2,POBLADO COMPLETO,1,2
08,05,02,039,080502039,BRAZOS DE PLAYITA,2,POBLADO COMPLETO,1,2
08,05,02,040,080502040,CERILLOS,2,POBLADO COMPLETO,1,2
08,05,02,041,080502041,GUAYABAL,2,POBLADO COMPLETO,1,2
08,05,02,042,080502042,LOS GUAYACANES,2,POBLADO COMPLETO,1,2
08,05,02,043,080502043,PLAYITA,2,POBLADO COMPLETO,1,2
08,05,02,045,080502045,RESIDENCIAL CAÑITA,2,POBLADO COMPLETO,1,2
08,05,02,046,080502046,EL SILENCIO,3,POBLADO PARTE,1,2
08,05,02,047,080502047,LAS PRADERAS DE LLANO CARTÍ,3,POBLADO PARTE,1,2
08,05,02,048,080502048,LLANO CARTÍ,3,POBLADO PARTE,1,2
08,05,03,001,080503001,CHEPILLO,1,CABECERA,1,2
08,05,04,003,080504003,BEJUCO REAL,2,POBLADO COMPLETO,1,2
08,05,04,010,080504010,CALOBRE CIÉNEGA ARRIBA,2,POBLADO COMPLETO,1,2
08,05,04,011,080504011,ALTOS DEL NARANJO O CANCHIGÜA,2,POBLADO COMPLETO,1,2
08,05,04,015,080504015,BEJUCO REAL ARRIBA,2,POBLADO COMPLETO,1,2
08,05,04,016,080504016,CUARENTA BOLLOS,3,POBLADO PARTE,1,2
08,05,04,017,080504017,CHIMBORAZO,2,POBLADO COMPLETO,1,2
08,05,04,018,080504018,DON DIEGO O SAN JUDAS TADEO,2,POBLADO COMPLETO,1,2
08,05,04,020,080504020,EL LLANO,1,CABECERA,1,2
08,05,04,021,080504021,FLOR BONITA,2,POBLADO COMPLETO,1,2
08,05,04,026,080504026,ISLA PATO,2,POBLADO COMPLETO,1,2
08,05,04,028,080504028,JUAN PELÓN U HONDURA,2,POBLADO COMPLETO,1,2
08,05,04,029,080504029,LAGARTERO,2,POBLADO COMPLETO,2,2
08,05,04,030,080504030,LA LOMA,2,POBLADO COMPLETO,1,2
08,05,04,031,080504031,LA PALMA,2,POBLADO COMPLETO,1,2
08,05,04,038,080504038,LOMA DEL NARANJO,2,POBLADO COMPLETO,1,2
08,05,04,040,080504040,LOS RIZOS,2,POBLADO COMPLETO,1,2
08,05,04,042,080504042,EL CRUCE DE MAJECITO,2,POBLADO COMPLETO,1,2
08,05,04,043,080504043,MAJECITO ARRIBA,2,POBLADO COMPLETO,1,2
08,05,04,044,080504044,MAULERO,2,POBLADO COMPLETO,1,2
08,05,04,051,080504051,PLATANARES,3,POBLADO PARTE,1,2
08,05,04,054,080504054,PUEBLO NUEVO No.1,2,POBLADO COMPLETO,1,2
08,05,04,066,080504066,RÍO POLÍN,2,POBLADO COMPLETO,1,2
08,05,04,068,080504068,TIGRÓN,2,POBLADO COMPLETO,1,2
08,05,04,071,080504071,SAN AGUSTÍN O CANCHIGÜA,2,POBLADO COMPLETO,1,2
08,05,04,073,080504073,SAN FELIPE,2,POBLADO COMPLETO,1,2
08,05,04,074,080504074,TERABLE ARRIBA,2,POBLADO COMPLETO,1,2
08,05,04,076,080504076,TERABLE O LA PUENTE,2,POBLADO COMPLETO,1,2
08,05,04,081,080504081,UNI,2,POBLADO COMPLETO,1,2
08,05,04,082,080504082,UNICITO,2,POBLADO COMPLETO,1,2
08,05,04,083,080504083,VILLA RICA,2,POBLADO COMPLETO,1,2
08,05,04,085,080504085,ZANJA DE MACHO,2,POBLADO COMPLETO,1,2
08,05,04,087,080504087,CUARENTA BOLLOS ADENTRO,2,POBLADO COMPLETO,1,2
08,05,04,088,080504088,LOS CORRALES,2,POBLADO COMPLETO,2,2
08,05,04,092,080504092,BAJO BONITO,2,POBLADO COMPLETO,1,2
08,05,04,093,080504093,SOLEDAD,2,POBLADO COMPLETO,1,2
08,05,04,095,080504095,CALOBRE ARRIBA,3,POBLADO PARTE,1,2
08,05,04,097,080504097,TARDECITA ALEGRE,2,POBLADO COMPLETO,1,2
08,05,04,099,080504099,CALOBRE PIEDRA,3,POBLADO PARTE,1,2
08,05,04,100,080504100,LAS LAJITAS,3,POBLADO PARTE,1,2
08,05,04,102,080504102,MEMBRILLAL O MEMBRILLAL ARRIBA,2,POBLADO COMPLETO,1,2
08,05,04,104,080504104,EL CEDRO O EL CEIBO,2,POBLADO COMPLETO,1,2
08,05,04,105,080504105,AGUA BUENA No.1,2,POBLADO COMPLETO,1,2
08,05,04,120,080504120,LA GALLOTA,2,POBLADO COMPLETO,1,2
08,05,04,123,080504123,POLÍN ARRIBA,2,POBLADO COMPLETO,1,2
08,05,04,124,080504124,BOCA DE POLÍN,2,POBLADO COMPLETO,2,2
08,05,04,125,080504125,CALOBRE ABAJO,3,POBLADO PARTE,1,2
08,05,04,126,080504126,BOLAÑOS,2,POBLADO COMPLETO,1,2
08,05,04,128,080504128,CALOBRE CIÉNEGA ABAJO,3,POBLADO PARTE,1,2
08,05,04,131,080504131,LOS PLANES,2,POBLADO COMPLETO,1,2
08,05,04,134,080504134,ISLA IRHE O ISLA GUAYABO,2,POBLADO COMPLETO,1,2
08,05,04,137,080504137,NUEVA YORK,2,POBLADO COMPLETO,1,2
08,05,04,162,080504162,TRES QUEBRADAS,2,POBLADO COMPLETO,1,2
08,05,04,163,080504163,QUEBRADA LOS MENDOZA,2,POBLADO COMPLETO,2,2
08,05,04,173,080504173,VALLE RICO O VALLERRIQUITO,2,POBLADO COMPLETO,1,2
08,05,04,174,080504174,RÍO TIGRE O RÍO TIGRE ABAJO,2,POBLADO COMPLETO,1,2
08,05,04,175,080504175,RÍO TIGRE ARRIBA,2,POBLADO COMPLETO,1,2
08,05,04,176,080504176,RÍO PLAYITA O RÍO PAVITA,2,POBLADO COMPLETO,1,2
08,05,04,177,080504177,VISTA ALEGRE,2,POBLADO COMPLETO,1,2
08,05,04,191,080504191,PALO SECO O LA PISTA,2,POBLADO COMPLETO,1,2
08,05,04,195,080504195,LLANO CARTÍ,3,POBLADO PARTE,1,2
08,05,04,200,080504200,QUEBRADA BONITA,2,POBLADO COMPLETO,1,2
08,05,04,204,080504204,PUEBLO NUEVO No.2,2,POBLADO COMPLETO,1,2
08,05,04,205,080504205,BUENA VISTA,2,POBLADO COMPLETO,1,2
08,05,04,206,080504206,PALMAS BELLAS,2,POBLADO COMPLETO,1,2
08,05,04,207,080504207,LA NICORA,2,POBLADO COMPLETO,1,2
08,05,04,208,080504208,BARRIADA EL IRHE,2,POBLADO COMPLETO,2,2
08,05,04,211,080504211,BETEL,2,POBLADO COMPLETO,1,2
08,05,04,212,080504212,CABECERA DE RÍO PAVA,3,POBLADO PARTE,1,2
08,05,04,213,080504213,LOS LAGOS,2,POBLADO COMPLETO,2,2
08,05,04,214,080504214,LOS MANGELES,2,POBLADO COMPLETO,1,2
08,05,04,215,080504215,PIEDRAS BLANCAS,2,POBLADO COMPLETO,1,2
08,05,04,217,080504217,RÍO SECO No.3,2,POBLADO COMPLETO,1,2
08,05,04,218,080504218,ALTOS DEL SOL,2,POBLADO COMPLETO,2,2
08,05,04,219,080504219,BOCA DE TIGRÓN,2,POBLADO COMPLETO,2,2
08,05,04,220,080504220,CHARCO TIGRÓN,2,POBLADO COMPLETO,2,2
08,05,04,221,080504221,EL GORGAS,2,POBLADO COMPLETO,1,2
08,05,04,223,080504223,PLAN BONITO,2,POBLADO COMPLETO,1,2
08,05,04,225,080504225,URBANIZACIÓN ALTOS DE EL LLANO,2,POBLADO COMPLETO,1,2
08,05,04,226,080504226,MONGORA TORRÓ,2,POBLADO COMPLETO,1,2
08,05,04,227,080504227,EL SILENCIO,3,POBLADO PARTE,1,2
08,05,04,228,080504228,LAS PRADERAS DE LLANO CARTÍ,3,POBLADO PARTE,1,2
08,05,05,001,080505001,LAS MARGARITAS,1,CABECERA,1,1
08,05,05,002,080505002,CERRILLO O PARAGÜITO,3,POBLADO PARTE,1,2
08,05,05,004,080505004,GASPAR SABANA,2,POBLADO COMPLETO,1,2
08,05,05,005,080505005,EL SALTO O LOS SALTOS,2,POBLADO COMPLETO,1,2
08,05,05,006,080505006,CHARARÉ,2,POBLADO COMPLETO,1,2
08,05,05,007,080505007,GARRAPATA,3,POBLADO PARTE,1,2
08,05,05,010,080505010,RÍO INDIO,2,POBLADO COMPLETO,1,2
08,05,05,014,080505014,CORPUS CHRISTI ABAJO,2,POBLADO COMPLETO,1,2
08,05,05,015,080505015,CORPUS CHRISTI ARRIBA,2,POBLADO COMPLETO,1,2
08,05,05,017,080505017,RÍO BONITO,2,POBLADO COMPLETO,1,2
08,05,05,018,080505018,LA MILAGROSA,2,POBLADO COMPLETO,1,2
08,05,05,019,080505019,MAMONÍ ABAJO,2,POBLADO COMPLETO,1,2
08,05,05,020,080505020,MAMONÍ ARRIBA,2,POBLADO COMPLETO,1,2
08,05,05,022,080505022,LA ZAHÍNA,2,POBLADO COMPLETO,1,2
08,05,05,023,080505023,SAN LÁZARO,3,POBLADO PARTE,1,2
08,05,05,026,080505026,CAMARÓN,2,POBLADO COMPLETO,1,2
08,05,05,027,080505027,BONETE,3,POBLADO PARTE,1,2
08,05,05,028,080505028,UNIÓN SANTEÑA,2,POBLADO COMPLETO,1,2
08,05,05,029,080505029,LA TRONOSA,2,POBLADO COMPLETO,1,2
08,05,05,031,080505031,SAN JOSÉ DE MADROÑO,2,POBLADO COMPLETO,1,2
08,05,05,032,080505032,REAL DEL GATO,2,POBLADO COMPLETO,1,2
08,05,05,033,080505033,EL VALLE DE MADROÑO,2,POBLADO COMPLETO,1,2
08,05,05,035,080505035,LOS NARANJOS,2,POBLADO COMPLETO,1,2
08,05,05,037,080505037,EL GUABO O LOS GUABOS,2,POBLADO COMPLETO,1,2
08,05,05,038,080505038,LA ESCANDALOSA,2,POBLADO COMPLETO,1,2
08,05,05,040,080505040,EL MADROÑO,2,POBLADO COMPLETO,1,2
08,05,05,042,080505042,CARACOL,2,POBLADO COMPLETO,1,2
08,05,05,043,080505043,EL TECAL,2,POBLADO COMPLETO,1,2
08,05,05,045,080505045,QUEBRADA BONITA,2,POBLADO COMPLETO,1,2
08,05,06,003,080506003,TORÍN,2,POBLADO COMPLETO,1,2
08,05,06,004,080506004,EL TIGRE ABAJO,3,POBLADO PARTE,1,2
08,05,06,005,080506005,ENSENADA RICA,2,POBLADO COMPLETO,1,2
08,05,06,011,080506011,TRANCA,2,POBLADO COMPLETO,1,2
08,05,06,015,080506015,MANUEL ANTONIO,2,POBLADO COMPLETO,1,2
08,05,06,021,080506021,CHININA ABAJO O PUEBLO NUEVO,1,CABECERA,1,2
08,05,06,024,080506024,SANTA FE,2,POBLADO COMPLETO,1,2
08,05,06,026,080506026,SORIANO,2,POBLADO COMPLETO,1,2
08,05,06,030,080506030,COROZAL,2,POBLADO COMPLETO,1,2
08,05,06,031,080506031,MARCHENA ABAJO,2,POBLADO COMPLETO,1,2
08,05,06,032,080506032,BARBUDERA,2,POBLADO COMPLETO,1,2
08,05,06,033,080506033,QUEBRADA FÉLIX,2,POBLADO COMPLETO,1,2
08,05,06,034,080506034,LA LAJOSA,2,POBLADO COMPLETO,1,2
08,05,06,035,080506035,MARCHENA ARRIBA,2,POBLADO COMPLETO,1,2
08,05,06,036,080506036,PLAYA MARTÍN O PLAYA MARTÍNEZ,2,POBLADO COMPLETO,1,2
08,05,06,038,080506038,LAGARTO,2,POBLADO COMPLETO,1,2
08,05,06,039,080506039,LAGARTO ARRIBA,2,POBLADO COMPLETO,1,2
08,05,06,041,080506041,MANUEL SANTOS,2,POBLADO COMPLETO,1,2
08,05,06,042,080506042,ENSENADA RICA ARRIBA,2,POBLADO COMPLETO,1,2
08,05,06,043,080506043,ENSENADA RICA ABAJO,2,POBLADO COMPLETO,1,2
08,05,06,044,080506044,RÍO NAZARENO ABAJO,2,POBLADO COMPLETO,1,2
08,05,06,045,080506045,PÁSIGA ARRIBA,2,POBLADO COMPLETO,1,2
08,05,06,046,080506046,UNIÓN HERRERANA,2,POBLADO COMPLETO,1,2
08,05,06,047,080506047,RÍO NAZARENO ARRIBA,2,POBLADO COMPLETO,1,2
08,05,06,050,080506050,BAJO BONITO,2,POBLADO COMPLETO,1,2
08,05,06,051,080506051,SANTA ANA O LOS VEGAS,2,POBLADO COMPLETO,1,2
08,05,06,054,080506054,EL VALLE DE LA UNIÓN,2,POBLADO COMPLETO,1,2
08,05,06,055,080506055,LA PITOZA,2,POBLADO COMPLETO,1,2
08,05,06,058,080506058,QUEBRADA SECA No.1,2,POBLADO COMPLETO,1,2
08,05,06,059,080506059,LA COQUERA O EL CERRO,2,POBLADO COMPLETO,1,2
08,05,06,060,080506060,SABANETA,2,POBLADO COMPLETO,1,2
08,05,06,062,080506062,TRES BRAZOS,2,POBLADO COMPLETO,1,2
08,05,06,063,080506063,BAJO LIMPIO,2,POBLADO COMPLETO,1,2
08,05,06,064,080506064,RÍO NAZARENO O LA PLACITA,2,POBLADO COMPLETO,1,2
08,05,06,066,080506066,EL JAGÜITO,3,POBLADO PARTE,1,2
08,05,06,067,080506067,POTRERILLOS,2,POBLADO COMPLETO,1,2
08,05,06,068,080506068,QUEBRADA LA PITA,2,POBLADO COMPLETO,1,2
08,05,06,069,080506069,UNIÓN PALMEÑA,3,POBLADO PARTE,1,2
08,05,06,070,080506070,MARTINAMBO ARRIBA,2,POBLADO COMPLETO,1,2
08,05,06,071,080506071,MARTINAMBO MEDIO,2,POBLADO COMPLETO,1,2
08,05,06,072,080506072,MARTINAMBO ABAJO,2,POBLADO COMPLETO,1,2
08,05,06,073,080506073,SAN JOSÉ,2,POBLADO COMPLETO,1,2
08,05,06,074,080506074,QUEBRADA EL MACHO,2,POBLADO COMPLETO,1,2
08,05,06,077,080506077,RÍO SERENO ARRIBA,2,POBLADO COMPLETO,1,2
08,05,06,081,080506081,DOS BOCAS,2,POBLADO COMPLETO,1,2
08,05,06,082,080506082,EL TIGRE ARRIBA,3,POBLADO PARTE,1,2
08,05,06,083,080506083,LA COCINERA,2,POBLADO COMPLETO,1,2
08,05,06,084,080506084,RÍO ZAÍNO O PATIO BONITO,2,POBLADO COMPLETO,1,2
08,05,06,085,080506085,QUEBRADA SECA ABAJO,2,POBLADO COMPLETO,1,2
08,05,06,086,080506086,HUERTA JUAN GARCIANO,2,POBLADO COMPLETO,1,2
08,05,06,087,080506087,LAS LAJITAS,3,POBLADO PARTE,1,2
08,05,07,001,080507001,AGUAS CLARAS O KIKAGANDI,2,POBLADO COMPLETO,1,3
08,05,07,002,080507002,AKUAYALA O PUENTE BAYANO,1,CABECERA,1,3
08,05,07,003,080507003,CAÑAZAS O NARGANDÍ,2,POBLADO COMPLETO,1,3
08,05,07,004,080507004,CURTÍ,3,POBLADO PARTE,1,3
08,05,07,006,080507006,IPETÍ KUNA O IBEGADI,2,POBLADO COMPLETO,1,3
08,05,07,008,080507008,PINTUPU O IGUAYALA,2,POBLADO COMPLETO,1,3
08,05,07,009,080507009,PIRIA O BIRIA,2,POBLADO COMPLETO,1,3
08,05,07,010,080507010,PUERTO LIMÓN O NARASGANDÍ,2,POBLADO COMPLETO,1,3
08,05,07,011,080507011,RÍO PIRAGUA O DABARDI,2,POBLADO COMPLETO,1,3
08,05,07,012,080507012,RÍO CAÑAZAS O AKANWILA,2,POBLADO COMPLETO,1,3
08,05,07,013,080507013,RÍO DIABLO O AIDIRGANDÍ,2,POBLADO COMPLETO,1,3
08,05,07,015,080507015,RÍO RUBÉN O QUIDMORGANDI,3,POBLADO PARTE,1,3
08,05,07,016,080507016,RÍO SÁBALO O KUINUBDI,2,POBLADO COMPLETO,1,3
08,05,07,018,080507018,DIWARSICUA O CHICULA CHICULA,2,POBLADO COMPLETO,1,3
08,05,07,019,080507019,WACUCO O DIANWARDUMAD,3,POBLADO PARTE,1,3
08,05,07,033,080507033,NACA U OGOBNAWILA,2,POBLADO COMPLETO,1,3
08,05,07,034,080507034,WAGANDÍ,2,POBLADO COMPLETO,1,3
08,05,07,035,080507035,VIEJO PEDRO O AKUASIBUDIAN,3,POBLADO PARTE,1,3
08,05,07,036,080507036,ISLA GAVILANA O IBESUID,2,POBLADO COMPLETO,1,3
08,05,07,037,080507037,LOMA BONITA ABAJO O LOS BAJOS,2,POBLADO COMPLETO,1,3
08,05,07,038,080507038,RÍO PIRAGUA O ARGUIDI O TABARDÍ,2,POBLADO COMPLETO,1,3
08,05,07,039,080507039,USNUNDI O KAPANDI,2,POBLADO COMPLETO,1,3
08,05,07,040,080507040,WACUCO ABAJO,2,POBLADO COMPLETO,2,3
08,05,07,041,080507041,LA TROCHA DE TORTÍ ABAJO,2,POBLADO COMPLETO,1,3
08,05,07,042,080507042,ASENTAMIENTO CAMPESINO EL MILAGRO,2,POBLADO COMPLETO,1,3
08,05,08,001,080508001,AGUA BUENA,2,POBLADO COMPLETO,1,2
08,05,08,002,080508002,AGUA FRÍA,2,POBLADO COMPLETO,1,2
08,05,08,003,080508003,AGUA FRÍA No.1,3,POBLADO PARTE,1,2
08,05,08,004,080508004,AGUAS AZULES,2,POBLADO COMPLETO,1,2
08,05,08,005,080508005,ALCATRIZ,2,POBLADO COMPLETO,1,2
08,05,08,006,080508006,AMBROYA,2,POBLADO COMPLETO,1,2
08,05,08,008,080508008,BOCA DE MAJÉ,2,POBLADO COMPLETO,1,2
08,05,08,009,080508009,BRAZO DE PIRIATÍ,2,POBLADO COMPLETO,1,2
08,05,08,010,080508010,CABECERA DE RÍO PAVA,3,POBLADO PARTE,1,2
08,05,08,011,080508011,CAÑAZAS,2,POBLADO COMPLETO,1,2
08,05,08,012,080508012,CATRIGANDÍ,2,POBLADO COMPLETO,1,2
08,05,08,013,080508013,CERRO PLANO,3,POBLADO PARTE,1,2
08,05,08,014,080508014,CLARITA,3,POBLADO PARTE,1,2
08,05,08,016,080508016,COLONIA SANTEÑA,2,POBLADO COMPLETO,1,2
08,05,08,017,080508017,CURTÍ,3,POBLADO PARTE,1,2
08,05,08,018,080508018,CURTICITO,2,POBLADO COMPLETO,1,2
08,05,08,019,080508019,CHARCO RICO,2,POBLADO COMPLETO,1,2
08,05,08,022,080508022,GUÁGARA,2,POBLADO COMPLETO,1,2
08,05,08,023,080508023,HIGUERONAL,2,POBLADO COMPLETO,1,2
08,05,08,024,080508024,HIGUERONAL ARRIBA O CABECERA DE HIGUERONAL,3,POBLADO PARTE,1,2
08,05,08,025,080508025,HIGUERONAL CENTRO,2,POBLADO COMPLETO,1,2
08,05,08,026,080508026,HOMENAJE,2,POBLADO COMPLETO,1,2
08,05,08,027,080508027,HUECO FRÍO,2,POBLADO COMPLETO,1,2
08,05,08,028,080508028,ÍBIR O QUEBRADA AHIBIR,2,POBLADO COMPLETO,1,2
08,05,08,029,080508029,IPETÍ ARRIBA O PEÑA BLANCA,2,POBLADO COMPLETO,1,2
08,05,08,030,080508030,IPETÍ COLONO,2,POBLADO COMPLETO,1,2
08,05,08,031,080508031,IPETÍ CHOCÓ O IPETÍ EMBERÁ,2,POBLADO COMPLETO,1,3
08,05,08,032,080508032,LA OCHO,2,POBLADO COMPLETO,1,2
08,05,08,033,080508033,LA ZUMBONA,2,POBLADO COMPLETO,1,2
08,05,08,034,080508034,LOMA BONITA,2,POBLADO COMPLETO,1,2
08,05,08,035,080508035,NUEVO TONOSÍ,3,POBLADO PARTE,1,2
08,05,08,036,080508036,PALMAS BELLAS,2,POBLADO COMPLETO,1,2
08,05,08,037,080508037,PALMITA,2,POBLADO COMPLETO,1,2
08,05,08,038,080508038,PARTÍ O RÍO PARTÍ,2,POBLADO COMPLETO,1,2
08,05,08,039,080508039,PARTÍ ARRIBA,2,POBLADO COMPLETO,1,2
08,05,08,040,080508040,PEÑAS BLANCAS,2,POBLADO COMPLETO,1,2
08,05,08,041,080508041,PIGANDÍ ARRIBA,3,POBLADO PARTE,1,2
08,05,08,042,080508042,PIGANDICITO,2,POBLADO COMPLETO,1,2
08,05,08,043,080508043,PIRIATÍ O PIRIATÍ EMBERÁ,2,POBLADO COMPLETO,1,3
08,05,08,044,080508044,PIRIATÍ ARRIBA,2,POBLADO COMPLETO,1,2
08,05,08,045,080508045,PLAYA CHUZO,2,POBLADO COMPLETO,1,2
08,05,08,047,080508047,QUEBRADA CALI,2,POBLADO COMPLETO,1,2
08,05,08,048,080508048,QUEBRADA DE PIEDRA,2,POBLADO COMPLETO,1,2
08,05,08,049,080508049,QUEBRADA DEL MACHO,2,POBLADO COMPLETO,1,2
08,05,08,050,080508050,QUEBRADA GRANDE,2,POBLADO COMPLETO,1,2
08,05,08,051,080508051,QUEBRADA GRANDE ARRIBA,3,POBLADO PARTE,1,2
08,05,08,052,080508052,QUEBRADA LA PALMA,2,POBLADO COMPLETO,1,2
08,05,08,054,080508054,QUEBRADA VENADO,2,POBLADO COMPLETO,1,2
08,05,08,055,080508055,QUIJADA DE LOS PUERCOS O LAS COLINAS,2,POBLADO COMPLETO,1,2
08,05,08,056,080508056,RENACIMIENTO,2,POBLADO COMPLETO,1,2
08,05,08,057,080508057,RÍO MAJÉ O MAJÉ CORDILLERA,2,POBLADO COMPLETO,1,2
08,05,08,058,080508058,RÍO NUEVO,2,POBLADO COMPLETO,1,2
08,05,08,060,080508060,RÍO PIEDRA,2,POBLADO COMPLETO,1,2
08,05,08,061,080508061,RÍO RUBÉN O QUIDMORGANDI,3,POBLADO PARTE,1,2
08,05,08,063,080508063,RÍO SECO ARRIBA No.1,2,POBLADO COMPLETO,1,2
08,05,08,065,080508065,RÍO SECO No.1,2,POBLADO COMPLETO,1,2
08,05,08,067,080508067,RÍO SERENO No.2,2,POBLADO COMPLETO,1,2
08,05,08,068,080508068,SAN JOSÉ DE LOMA BONITA,2,POBLADO COMPLETO,1,2
08,05,08,069,080508069,SANTA CRUZ,3,POBLADO PARTE,1,2
08,05,08,070,080508070,SANTA LIBRADA,2,POBLADO COMPLETO,1,2
08,05,08,071,080508071,SEGUNDO BRAZO DE PIRIATÍ,2,POBLADO COMPLETO,1,2
08,05,08,072,080508072,TORTÍ,1,CABECERA,1,2
08,05,08,073,080508073,TORTÍ ABAJO,2,POBLADO COMPLETO,1,2
08,05,08,074,080508074,TORTÍ ARRIBA O SAN JOSÈ,2,POBLADO COMPLETO,1,2
08,05,08,075,080508075,VILLA DEL CARMEN O LA PLAYITA,2,POBLADO COMPLETO,1,2
08,05,08,076,080508076,WACUCO O DIANWARDUMAD,3,POBLADO PARTE,1,2
08,05,08,077,080508077,EL DESIERTO,2,POBLADO COMPLETO,1,2
08,05,08,078,080508078,PIGANDÍ GRANDE,2,POBLADO COMPLETO,1,2
08,05,08,079,080508079,PIRIATÍ COLONO,2,POBLADO COMPLETO,1,2
08,05,08,080,080508080,RÍO CUCUYAL,2,POBLADO COMPLETO,1,2
08,05,08,081,080508081,RÍO NILO,2,POBLADO COMPLETO,1,2
08,05,08,083,080508083,RÍO SERENO,2,POBLADO COMPLETO,1,2
08,05,08,084,080508084,SAN FRANCISCO PIRIATÍ,2,POBLADO COMPLETO,1,2
08,05,08,085,080508085,UNIÓN EMBERÁ,2,POBLADO COMPLETO,1,3
08,05,08,086,080508086,CUEVA DEL ZORRO,2,POBLADO COMPLETO,1,2
08,05,08,087,080508087,EL VALLE DE MAJÉ,2,POBLADO COMPLETO,1,2
08,05,08,088,080508088,PEDREGOSO,2,POBLADO COMPLETO,1,2
08,05,08,089,080508089,QUEBRADA FRÍA,2,POBLADO COMPLETO,1,2
08,05,08,090,080508090,QUEBRADA LAJA,2,POBLADO COMPLETO,1,2
08,05,08,091,080508091,RÍO INDIO,2,POBLADO COMPLETO,1,2
08,05,08,092,080508092,URTÍ,2,POBLADO COMPLETO,1,2
08,05,08,093,080508093,CATRIGANDÍ ARRIBA,2,POBLADO COMPLETO,1,2
08,05,08,094,080508094,CERRO VIGÍA O TRES HUECOS,2,POBLADO COMPLETO,1,2
08,05,08,095,080508095,CURTICITO ARRIBA,2,POBLADO COMPLETO,1,2
08,05,08,096,080508096,HUECO FRÍO No.1,2,POBLADO COMPLETO,1,2
08,05,08,097,080508097,NAZARENO,2,POBLADO COMPLETO,1,2
08,05,08,098,080508098,QUEBRADA VERDE,2,POBLADO COMPLETO,1,2
08,06,01,004,080601004,CHARCO MERO,2,POBLADO COMPLETO,1,2
08,06,01,005,080601005,CHIMÁN,1,CABECERA,1,2
08,06,01,007,080601007,FRANCISCO RUÍZ,3,POBLADO PARTE,1,2
08,06,01,017,080601017,PLAYA COLORADA,2,POBLADO COMPLETO,1,2
08,06,01,023,080601023,MAJÉ O BARRIADA BUENOS AIRES,2,POBLADO COMPLETO,1,2
08,06,01,036,080601036,LICENCIADO,2,POBLADO COMPLETO,1,2
08,06,01,045,080601045,MAJAGUAL,2,POBLADO COMPLETO,1,2
08,06,01,046,080601046,MIRAMAR O CERRO HUMO,2,POBLADO COMPLETO,1,2
08,06,01,048,080601048,AGUADILLA,2,POBLADO COMPLETO,1,2
08,06,01,049,080601049,SANTA RITA,2,POBLADO COMPLETO,1,2
08,06,01,050,080601050,SAN JOSÉ,2,POBLADO COMPLETO,1,2
08,06,01,052,080601052,CERRO PLANO,3,POBLADO PARTE,1,2
08,06,02,001,080602001,BRUJAS,1,CABECERA,1,2
08,06,02,002,080602002,PILONES,2,POBLADO COMPLETO,1,2
08,06,02,006,080602006,SAN BUENA VENTURA,2,POBLADO COMPLETO,1,2
08,06,02,009,080602009,TRINIDAD,2,POBLADO COMPLETO,1,2
08,06,02,011,080602011,MARCO O RÍO MARCO,2,POBLADO COMPLETO,1,2
08,06,02,013,080602013,UNIÓN VERAGÜENSE O COLONIA VERAGÜENSE,2,POBLADO COMPLETO,1,2
08,06,02,017,080602017,PEDRO LAURIANO,2,POBLADO COMPLETO,1,2
08,06,02,019,080602019,RÍO JESÚS,2,POBLADO COMPLETO,1,2
08,06,02,020,080602020,EL TOTUMO,2,POBLADO COMPLETO,1,2
08,06,02,021,080602021,TRINIDACITO,2,POBLADO COMPLETO,1,2
08,06,02,022,080602022,QUEBRADA LA LLANITA,2,POBLADO COMPLETO,1,2
08,06,02,023,080602023,MORENO O VILLARREAL,2,POBLADO COMPLETO,1,2
08,06,02,024,080602024,PLAYA MARCO,2,POBLADO COMPLETO,1,2
08,06,03,001,080603001,GONZÁLO VÁSQUEZ,1,CABECERA,1,2
08,06,03,002,080603002,PLAYA BLANCA,2,POBLADO COMPLETO,1,2
08,06,03,007,080603007,LA PUNTA O PUEBLO NUEVO,2,POBLADO COMPLETO,1,2
08,06,03,008,080603008,UNIÓN OCUEÑA,2,POBLADO COMPLETO,1,2
08,06,03,009,080603009,PLAYA COLORADA O BOCA DE JESÚS,2,POBLADO COMPLETO,1,2
08,06,03,010,080603010,EL TOTUMO,2,POBLADO COMPLETO,1,2
08,06,04,001,080604001,CABECERA DE LA PITA,2,POBLADO COMPLETO,1,2
08,06,04,002,080604002,EL PEDREGOSO,2,POBLADO COMPLETO,1,2
08,06,04,003,080604003,EL PEDREGOSO ARRIBA,2,POBLADO COMPLETO,1,2
08,06,04,004,080604004,EL JAGÜITO,3,POBLADO PARTE,1,2
08,06,04,006,080604006,LA MAESTRA,2,POBLADO COMPLETO,1,2
08,06,04,007,080604007,LA MAESTRA ARRIBA,2,POBLADO COMPLETO,1,2
08,06,04,008,080604008,LA PITA,2,POBLADO COMPLETO,1,2
08,06,04,009,080604009,MIRAFLORES,2,POBLADO COMPLETO,1,2
08,06,04,010,080604010,OQUENDO,2,POBLADO COMPLETO,1,2
08,06,04,011,080604011,PÁSIGA,1,CABECERA,1,2
08,06,04,013,080604013,QUEBRADA DEL MEDIO,2,POBLADO COMPLETO,1,2
08,06,04,014,080604014,RÍO LAS MINAS,2,POBLADO COMPLETO,1,2
08,06,04,015,080604015,RÍO PLATANARES,2,POBLADO COMPLETO,1,2
08,06,04,016,080604016,CABECERA DE LA MINA,2,POBLADO COMPLETO,1,2
08,06,04,017,080604017,QUEBRADA DEL MEDIO ARRIBA,2,POBLADO COMPLETO,1,2
08,06,05,001,080605001,AGUA FRÍA,2,POBLADO COMPLETO,2,2
08,06,05,004,080605004,COROTÚ O COROTÚ ABAJO,2,POBLADO COMPLETO,1,2
08,06,05,005,080605005,EL HATO,2,POBLADO COMPLETO,1,2
08,06,05,007,080605007,FRANCISCO RUÍZ,3,POBLADO PARTE,1,2
08,06,05,008,080605008,GUAGARAL,2,POBLADO COMPLETO,1,2
08,06,05,009,080605009,PEÑA BLANCA O LA MATITA,2,POBLADO COMPLETO,1,2
08,06,05,012,080605012,RÍO HONDO,2,POBLADO COMPLETO,1,2
08,06,05,013,080605013,RÍO LA GIRA,2,POBLADO COMPLETO,1,2
08,06,05,014,080605014,UNIÓN SANTEÑA,1,CABECERA,1,2
08,06,05,015,080605015,UNIÓN SANTEÑA ARRIBA,2,POBLADO COMPLETO,1,2
08,06,05,017,080605017,EL PAVO,2,POBLADO COMPLETO,1,2
08,06,05,018,080605018,LA PALMITA,2,POBLADO COMPLETO,1,2
08,06,05,020,080605020,UNIÓN SANTEÑA ABAJO,2,POBLADO COMPLETO,1,2
08,06,05,021,080605021,LAS LOMAS,2,POBLADO COMPLETO,1,2
08,06,05,022,080605022,QUEBRADA GRANDE No.2,2,POBLADO COMPLETO,1,2
08,08,01,001,080801001,SAN FELIPE,1,CABECERA,1,1
08,08,02,001,080802001,EL CHORRILLO,1,CABECERA,1,1
08,08,03,001,080803001,SANTA ANA,1,CABECERA,1,1
08,08,04,001,080804001,CALIDONIA O LA EXPOSICIÓN,1,CABECERA,1,1
08,08,05,001,080805001,CURUNDÚ,1,CABECERA,1,1
08,08,06,001,080806001,BETANIA,1,CABECERA,1,1
08,08,06,002,080806002,DOS MARES,2,POBLADO COMPLETO,1,1
08,08,06,003,080806003,EDISON PARK,2,POBLADO COMPLETO,1,1
08,08,06,004,080806004,MIRAFLORES,2,POBLADO COMPLETO,1,1
08,08,06,005,080806005,SANTA MARÍA,2,POBLADO COMPLETO,1,1
08,08,06,006,080806006,URBANIZACIÓN CONDADO DEL REY,3,POBLADO PARTE,1,1
08,08,06,007,080806007,VILLA DE LAS FUENTES,2,POBLADO COMPLETO,1,1
08,08,07,001,080807001,BELLA VISTA,1,CABECERA,1,1
08,08,08,001,080808001,PUEBLO NUEVO,1,CABECERA,1,1
08,08,09,001,080809001,SAN FRANCISCO,1,CABECERA,1,1
08,08,09,002,080809002,CARRASQUILLA,2,POBLADO COMPLETO,1,1
08,08,09,003,080809003,PAITILLA,2,POBLADO COMPLETO,1,1
08,08,09,004,080809004,PUNTA PACÍFICA,2,POBLADO COMPLETO,1,1
08,08,10,001,080810001,PARQUE LEFEVRE,1,CABECERA,1,1
08,08,11,001,080811001,RÍO ABAJO,1,CABECERA,1,1
08,08,12,001,080812001,JUAN DÍAZ,4,CABECERA PARTE (Mixto),1,1
08,08,12,002,080812002,COSTA DEL ESTE,3,POBLADO PARTE,1,1
08,08,12,003,080812003,URBANIZACIÓN SANTA MARÍA,2,POBLADO COMPLETO,1,1
08,08,13,001,080813001,PEDREGAL,1,CABECERA,1,1
08,08,13,002,080813002,SAN JOAQUÍN,2,POBLADO COMPLETO,1,1
08,08,13,003,080813003,RANA DE ORO,2,POBLADO COMPLETO,1,1
08,08,13,004,080813004,VILLALOBOS,2,POBLADO COMPLETO,1,1
08,08,13,005,080813005,SANTA CRUZ,2,POBLADO COMPLETO,1,1
08,08,13,006,080813006,EL NARANJAL,2,POBLADO COMPLETO,1,1
08,08,13,007,080813007,SAN MARTÍN,2,POBLADO COMPLETO,1,1
08,08,13,008,080813008,GREEN VALLEY,2,POBLADO COMPLETO,1,1
08,08,13,009,080813009,LA BENDICIÓN,2,POBLADO COMPLETO,1,2
08,08,13,010,080813010,EL MIRADOR,2,POBLADO COMPLETO,1,2
08,08,13,011,080813011,CIUDAD MIAMI,2,POBLADO COMPLETO,1,2
08,08,14,003,080814003,ANCÓN,2,POBLADO COMPLETO,1,1
08,08,14,014,080814014,PEDRO MIGUEL,2,POBLADO COMPLETO,1,1
08,08,14,015,080814015,PARAÍSO,1,CABECERA,1,1
08,08,14,018,080814018,CLAYTON,2,POBLADO COMPLETO,1,1
08,08,14,052,080814052,MOCAMBO ARRIBA,3,POBLADO PARTE,1,2
08,08,14,053,080814053,BARRIADA KUNANEGA,2,POBLADO COMPLETO,1,2
08,08,14,061,080814061,BARRIADA LA PAZ,2,POBLADO COMPLETO,1,2
08,08,14,081,080814081,EL VALLE DE SAN FRANCISCO,2,POBLADO COMPLETO,1,2
08,08,14,085,080814085,MATA REDONDA,2,POBLADO COMPLETO,1,2
08,08,14,087,080814087,MOCAMBO ABAJO,2,POBLADO COMPLETO,1,2
08,08,14,095,080814095,CALLE 50,2,POBLADO COMPLETO,1,2
08,08,14,096,080814096,CERRO PATACÓN,2,POBLADO COMPLETO,2,2
08,08,14,097,080814097,RÍO CAMARÓN,2,POBLADO COMPLETO,2,2
08,08,14,098,080814098,GAMBOA,3,POBLADO PARTE,1,2
08,08,14,106,080814106,ALTOS DE VILLA CÁRDENAS,2,POBLADO COMPLETO,1,2
08,08,14,107,080814107,BARRIADA GUNGUILER NEGA,2,POBLADO COMPLETO,1,2
08,08,14,108,080814108,URBANIZACIÓN CONDADO DEL REY,3,POBLADO PARTE,1,1
08,08,14,109,080814109,VILLA NUEVA ESPERANZA,2,POBLADO COMPLETO,1,2
08,08,14,110,080814110,VILLA UNIDA,3,POBLADO PARTE,2,1
08,08,14,111,080814111,MANTECA,3,POBLADO PARTE,2,2
08,08,14,112,080814112,URBANIZACIÓN GÉNESIS,2,POBLADO COMPLETO,1,2
08,08,14,113,080814113,CENTRO AMBIENTAL RÍO CHAGRES,2,POBLADO COMPLETO,2,2
08,08,14,114,080814114,COLINAS DEL PROGRESO,2,POBLADO COMPLETO,1,2
08,08,14,115,080814115,FINCA CENTENARIO,2,POBLADO COMPLETO,2,2
08,08,14,116,080814116,LA BENDICIÓN,2,POBLADO COMPLETO,1,2
08,08,14,117,080814117,LA COTORRA,2,POBLADO COMPLETO,1,2
08,08,14,118,080814118,LA ISLA,2,POBLADO COMPLETO,1,2
08,08,14,119,080814119,SAN VICENTE,2,POBLADO COMPLETO,2,2
08,08,14,120,080814120,LA INVASIÓN,2,POBLADO COMPLETO,1,2
08,08,15,007,080815007,CERRO BACHICHE,3,POBLADO PARTE,1,2
08,08,15,009,080815009,CHILIBRE CENTRO,1,CABECERA,1,1
08,08,15,017,080815017,LA CABIMA ARRIBA O EL CEDRO,2,POBLADO COMPLETO,1,2
08,08,15,033,080815033,QUEBRADA ÑAJÚ,2,POBLADO COMPLETO,1,2
08,08,15,042,080815042,SABANAS DE CHILIBRE,2,POBLADO COMPLETO,1,2
08,08,15,046,080815046,SAN VICENTE,2,POBLADO COMPLETO,1,1
08,08,15,049,080815049,VILLA UNIDA,3,POBLADO PARTE,1,1
08,08,15,070,080815070,EL TRIÁNGULO O EL PIÑAL,3,POBLADO PARTE,1,2
08,08,15,101,080815101,ALCALDE DÍAZ RURAL,2,POBLADO COMPLETO,1,2
08,08,15,116,080815116,ALTOS DE ÑAJÚ,2,POBLADO COMPLETO,1,2
08,08,15,117,080815117,LAS CUMBRES,3,POBLADO PARTE,1,1
08,08,15,118,080815118,EL ÑAJÚ ADENTRO,2,POBLADO COMPLETO,1,2
08,08,15,119,080815119,EL ÑAJÚ O SABANAS DE CHILIBRE,2,POBLADO COMPLETO,1,2
08,08,15,120,080815120,MANTECA,2,POBLADO COMPLETO,1,2
08,08,15,121,080815121,QUEBRADA EL GALLO,2,POBLADO COMPLETO,1,2
08,08,15,122,080815122,CIUDAD ATENAS,2,POBLADO COMPLETO,1,1
08,08,16,009,080816009,LAS LAJAS,3,POBLADO PARTE,1,1
08,08,16,017,080816017,MOCAMBO ARRIBA,3,POBLADO PARTE,1,2
08,08,16,044,080816044,ALTOS DE LAS NUBES,2,POBLADO COMPLETO,1,2
08,08,16,049,080816049,MANTECA,3,POBLADO PARTE,1,2
08,08,17,001,080817001,ALTOS DE PACORA,3,POBLADO PARTE,1,2
08,08,17,004,080817004,LA BOCA DE TOCUMEN,2,POBLADO COMPLETO,1,2
08,08,17,006,080817006,CABRA No.1,2,POBLADO COMPLETO,1,1
08,08,17,009,080817009,CERRO AZUL,3,POBLADO PARTE,1,2
08,08,17,013,080817013,ENTRADA DE LOS LOTES,2,POBLADO COMPLETO,1,2
08,08,17,017,080817017,LA CABANGA,3,POBLADO PARTE,1,2
08,08,17,018,080817018,LA ENEIDA,2,POBLADO COMPLETO,1,2
08,08,17,019,080817019,LA ESTANCIA,2,POBLADO COMPLETO,1,2
08,08,17,022,080817022,LA PIÑUELITA,2,POBLADO COMPLETO,1,2
08,08,17,028,080817028,LOS BRAVOS DE UTIVÉ,2,POBLADO COMPLETO,1,2
08,08,17,029,080817029,LOS LOTES,2,POBLADO COMPLETO,1,1
08,08,17,032,080817032,MALENGUE,2,POBLADO COMPLETO,1,2
08,08,17,034,080817034,NUEVO SITIO,2,POBLADO COMPLETO,1,2
08,08,17,035,080817035,PACORA,1,CABECERA,1,1
08,08,17,038,080817038,PUEBLO NUEVO,2,POBLADO COMPLETO,1,2
08,08,17,041,080817041,SACRAMENTO,2,POBLADO COMPLETO,1,2
08,08,17,045,080817045,SAN RAFAEL,2,POBLADO COMPLETO,1,2
08,08,17,046,080817046,SANTA CLARA,2,POBLADO COMPLETO,1,2
08,08,17,049,080817049,TRES BRAZOS,3,POBLADO PARTE,1,2
08,08,17,050,080817050,UTIVÉ,2,POBLADO COMPLETO,1,2
08,08,17,051,080817051,BETAGRAMA,2,POBLADO COMPLETO,1,2
08,08,17,055,080817055,ALTOS DE UTIVÉ,3,POBLADO PARTE,1,2
08,08,17,059,080817059,DERIPASA,2,POBLADO COMPLETO,2,2
08,08,17,062,080817062,ALTOS DE TATARÉ,2,POBLADO COMPLETO,1,2
08,08,17,065,080817065,LA QUEBRADITA DE CERRO AZUL,2,POBLADO COMPLETO,1,2
08,08,17,072,080817072,BARRIADA ARNULFO ARIAS MADRID,2,POBLADO COMPLETO,1,1
08,08,17,074,080817074,BARRIADA CAMINOS DE OMAR,2,POBLADO COMPLETO,1,1
08,08,17,085,080817085,RESIDENCIAL LOS PORTALES,2,POBLADO COMPLETO,1,1
08,08,17,086,080817086,BAJO EL PIRO,2,POBLADO COMPLETO,1,2
08,08,17,087,080817087,BARRIADA SAN JUAN,2,POBLADO COMPLETO,1,1
08,08,17,089,080817089,CIUDAD SANTA FE,2,POBLADO COMPLETO,1,1
08,08,17,091,080817091,FINCA LOS GUAYACANES,2,POBLADO COMPLETO,1,2
08,08,17,092,080817092,LA CABAÑA,2,POBLADO COMPLETO,1,2
08,08,17,093,080817093,LA MESA ARRIBA O LA CHINA,3,POBLADO PARTE,1,2
08,08,17,094,080817094,LAS CAÑAZAS,2,POBLADO COMPLETO,1,2
08,08,17,095,080817095,LLANO DE CERRO AZUL,2,POBLADO COMPLETO,1,2
08,08,17,098,080817098,RESIDENCIAL EL TRÉBOL,2,POBLADO COMPLETO,1,1
08,08,17,099,080817099,RESIDENCIAL LOS JARDINES DEL ESTE,2,POBLADO COMPLETO,1,1
08,08,17,100,080817100,RESIDENCIAL SANTA RITA,2,POBLADO COMPLETO,1,1
08,08,17,101,080817101,URBANIZACIÓN ALTO DE COLINAS CAMPESTRES,2,POBLADO COMPLETO,1,1
08,08,17,102,080817102,URBANIZACIÓN SANTA CLARA,2,POBLADO COMPLETO,1,1
08,08,17,103,080817103,URBANIZACIÓN CONDADO REAL,2,POBLADO COMPLETO,1,1
08,08,17,104,080817104,BARRIADA LOS ÁNGELES,2,POBLADO COMPLETO,1,2
08,08,17,105,080817105,CABRA ARRIBA,2,POBLADO COMPLETO,1,2
08,08,17,106,080817106,EL BAJO,2,POBLADO COMPLETO,1,2
08,08,17,107,080817107,EL SILENCIO,2,POBLADO COMPLETO,1,2
08,08,17,108,080817108,BRISAS DE TATARÉ,2,POBLADO COMPLETO,1,2
08,08,17,109,080817109,COLINAS DE TATARÉ,2,POBLADO COMPLETO,1,2
08,08,17,110,080817110,PUERTAS DE GALICIA,2,POBLADO COMPLETO,1,1
08,08,17,111,080817111,CIUDAD DE LAS AMÉRICAS,2,POBLADO COMPLETO,1,2
08,08,17,112,080817112,PUEBLO NUEVO RESIDENCIAL,2,POBLADO COMPLETO,1,2
08,08,17,113,080817113,CONDADO REAL RURAL,2,POBLADO COMPLETO,1,2
08,08,17,114,080817114,ALTOS DEL TECAL,2,POBLADO COMPLETO,1,2
08,08,18,001,080818001,BAJO EL PIRO,2,POBLADO COMPLETO,1,2
08,08,18,003,080818003,CAÑA BLANCA,2,POBLADO COMPLETO,1,2
08,08,18,005,080818005,CARRIAZO,2,POBLADO COMPLETO,1,2
08,08,18,007,080818007,JUAN GIL,2,POBLADO COMPLETO,1,2
08,08,18,008,080818008,LA BATATA,2,POBLADO COMPLETO,1,2
08,08,18,009,080818009,LA CHAPA,2,POBLADO COMPLETO,1,2
08,08,18,010,080818010,LA MESA,1,CABECERA,1,2
08,08,18,011,080818011,LAS VEGAS,3,POBLADO PARTE,1,2
08,08,18,012,080818012,LOMA BONITA,2,POBLADO COMPLETO,1,2
08,08,18,014,080818014,PUEBLO NUEVO,2,POBLADO COMPLETO,1,2
08,08,18,015,080818015,RÍO INDIO,2,POBLADO COMPLETO,1,2
08,08,18,016,080818016,SAN MIGUEL,2,POBLADO COMPLETO,1,2
08,08,18,017,080818017,TRES BRAZOS,3,POBLADO PARTE,1,2
08,08,18,018,080818018,ZANJA DE ARENA,2,POBLADO COMPLETO,1,2
08,08,18,022,080818022,EL TIGRE,2,POBLADO COMPLETO,1,2
08,08,18,023,080818023,LAS GARZAS,2,POBLADO COMPLETO,2,2
08,08,18,026,080818026,CABOBRÉ DE SAN MARTÍN,2,POBLADO COMPLETO,1,2
08,08,18,027,080818027,CERRO EL TIGRE,2,POBLADO COMPLETO,1,2
08,08,18,029,080818029,FINCA MELO,2,POBLADO COMPLETO,1,2
08,08,18,030,080818030,LA MESA ARRIBA O LA CHINA,3,POBLADO PARTE,1,2
08,08,18,031,080818031,PUEBLO NUEVO No.1,2,POBLADO COMPLETO,1,2
08,08,18,032,080818032,LA IGUANA,2,POBLADO COMPLETO,1,2
08,08,18,033,080818033,EL VALLE DE SAN MARTÍN,2,POBLADO COMPLETO,1,2
08,08,18,034,080818034,LA ZAÍNA,2,POBLADO COMPLETO,1,2
08,08,19,001,080819001,NUEVO BELÉN,2,POBLADO COMPLETO,1,1
08,08,19,011,080819011,TOCUMEN,1,CABECERA,1,1
08,08,19,015,080819015,CARAÑO,2,POBLADO COMPLETO,1,2
08,08,19,020,080819020,FINCA RÍO LAGO,2,POBLADO COMPLETO,1,2
08,08,19,021,080819021,FINCA MARIO GALINDO,2,POBLADO COMPLETO,1,2
08,08,19,030,080819030,RÍO TOCUMEN,3,POBLADO PARTE,1,2
08,08,19,054,080819054,FINCA DOMINGO DÍAZ,2,POBLADO COMPLETO,1,2
08,08,19,056,080819056,FINCA RICARDO AROSEMENA,2,POBLADO COMPLETO,1,2
08,08,20,001,080820001,CERRO BANDERA,2,POBLADO COMPLETO,1,2
08,08,20,002,080820002,CIUDAD JARDÍN LAS MAÑANITAS,1,CABECERA,1,1
08,08,20,003,080820003,BARRIADA GÉNESIS,2,POBLADO COMPLETO,1,1
08,08,20,004,080820004,RESIDENCIAL LAS AMÉRICAS,2,POBLADO COMPLETO,1,1
08,08,20,005,080820005,LA COLORADA,2,POBLADO COMPLETO,1,2
08,08,20,006,080820006,BARRIADA LOS NOGALES,2,POBLADO COMPLETO,1,1
08,08,20,007,080820007,URBANIZACIÓN PARQUE REAL,2,POBLADO COMPLETO,1,1
08,08,20,008,080820008,RÍO TAPIA ARRIBA,2,POBLADO COMPLETO,1,2
08,08,20,009,080820009,RÍO TOCUMEN,3,POBLADO PARTE,1,2
08,08,20,010,080820010,BARRIADA SANTA MÓNICA,2,POBLADO COMPLETO,1,1
08,08,20,012,080820012,VILLA DANIELA,2,POBLADO COMPLETO,1,1
08,08,20,013,080820013,EL VALLE DE LA COLORADA,2,POBLADO COMPLETO,1,2
08,08,21,001,080821001,ALTOS DE CERRO AZUL,3,POBLADO PARTE,1,2
08,08,21,002,080821002,ALTOS DE UTIVÉ,3,POBLADO PARTE,1,2
08,08,21,003,080821003,BUENA VISTA No.1,2,POBLADO COMPLETO,1,2
08,08,21,004,080821004,ALTO DE CABUYA O CABUYITA,2,POBLADO COMPLETO,1,1
08,08,21,005,080821005,CERRO AZUL,3,POBLADO PARTE,1,2
08,08,21,006,080821006,FELIPILLO O FLOR DE CAÑA,2,POBLADO COMPLETO,1,1
08,08,21,007,080821007,MONTE RICO,2,POBLADO COMPLETO,1,1
08,08,21,008,080821008,NUEVA ESPERANZA,2,POBLADO COMPLETO,1,1
08,08,21,009,080821009,URBANIZACIÓN NUEVO TOCUMEN,2,POBLADO COMPLETO,1,1
08,08,21,011,080821011,RANCHO CAFÉ,2,POBLADO COMPLETO,1,2
08,08,21,012,080821012,BARRIADA RUBÉN DARÍO PAREDES,2,POBLADO COMPLETO,1,1
08,08,21,013,080821013,VISTA HERMOSA,2,POBLADO COMPLETO,1,1
08,08,21,014,080821014,BARRIADA 24 DE DICIEMBRE,1,CABECERA,1,1
08,08,21,015,080821015,EL LAGO,2,POBLADO COMPLETO,1,2
08,08,21,016,080821016,LAS NUBES,2,POBLADO COMPLETO,1,2
08,08,21,017,080821017,LAS VISTAS,2,POBLADO COMPLETO,1,2
08,08,21,018,080821018,SAN PEDRO,2,POBLADO COMPLETO,1,2
08,08,21,019,080821019,VILLA BELÉN,2,POBLADO COMPLETO,1,2
08,08,21,020,080821020,FINCA FELIPILLO,2,POBLADO COMPLETO,1,2
08,08,21,021,080821021,PRADERA AZUL,2,POBLADO COMPLETO,1,1
08,08,21,022,080821022,PRADERAS DE CERRO AZUL,2,POBLADO COMPLETO,1,2
08,08,22,001,080822001,ALCALDE DÍAZ,1,CABECERA,1,1
08,08,22,002,080822002,BACHILLER O PARQUE ALEGRE,3,POBLADO PARTE,1,2
08,08,22,004,080822004,LA CABIMA,2,POBLADO COMPLETO,1,1
08,08,22,005,080822005,LA LAGUNA O EL TECAL,3,POBLADO PARTE,1,2
08,08,22,006,080822006,LAS CUMBRES,3,POBLADO PARTE,1,1
08,08,22,007,080822007,MARÍA HENRÍQUEZ RURAL,2,POBLADO COMPLETO,1,2
08,08,22,008,080822008,SAN FRANCISCO DE PADUA O EL CHUNGAL,2,POBLADO COMPLETO,1,1
08,08,22,009,080822009,ALTOS DE PEDREGAL,3,POBLADO PARTE,2,2
08,08,22,010,080822010,SAN LORENZO,2,POBLADO COMPLETO,1,2
08,08,22,012,080822012,CIUDAD DEL LAGO,3,POBLADO PARTE,1,1
08,08,22,014,080822014,URBANIZACIÓN LAS PERLAS,2,POBLADO COMPLETO,1,2
08,08,23,001,080823001,ALTOS DE PEDREGAL,3,POBLADO PARTE,1,2
08,08,23,002,080823002,ALTOS DEL LIRIO,2,POBLADO COMPLETO,1,1
08,08,23,004,080823004,GONZALILLO,2,POBLADO COMPLETO,1,1
08,08,23,005,080823005,VILLA ZAÍTA,3,POBLADO PARTE,1,1
08,08,23,006,080823006,BACHILLER O PARQUE ALEGRE,3,POBLADO PARTE,2,2
08,08,23,007,080823007,CIUDAD DEL LAGO,3,POBLADO PARTE,1,1
08,08,23,008,080823008,URBANIZACION BRISAS DEL GOLF NORTE,2,POBLADO COMPLETO,1,1
08,08,23,009,080823009,PASEO DEL NORTE,2,POBLADO COMPLETO,1,1
08,08,23,010,080823010,GREEN CITY,2,POBLADO COMPLETO,1,1
08,08,23,011,080823011,PH FORESTA,2,POBLADO COMPLETO,1,2
08,08,24,001,080824001,AGUA FRÍA,2,POBLADO COMPLETO,1,2
08,08,24,002,080824002,ALTOS DE CERRO AZUL,3,POBLADO PARTE,1,2
08,08,24,003,080824003,ALTOS DE LA ALBINA,2,POBLADO COMPLETO,1,2
08,08,24,004,080824004,ALTOS DE PACORA,3,POBLADO PARTE,2,2
08,08,24,005,080824005,ALTOS DE UTIVÉ,3,POBLADO PARTE,1,2
08,08,24,006,080824006,ALTOS DEL LAGO,2,POBLADO COMPLETO,2,2
08,08,24,007,080824007,ALTOS DEL VIGÍA,2,POBLADO COMPLETO,1,2
08,08,24,009,080824009,BOQUERÓN ABAJO,3,POBLADO PARTE,1,2
08,08,24,010,080824010,CABECERA DE QUEBRADA BENÍTEZ,2,POBLADO COMPLETO,1,2
08,08,24,011,080824011,CABECERA DE RÍO PIEDRA,2,POBLADO COMPLETO,1,2
08,08,24,013,080824013,CAIMITILLO CENTRO,1,CABECERA,1,1
08,08,24,014,080824014,CALLE DEL IDAAN,2,POBLADO COMPLETO,1,2
08,08,24,015,080824015,CALLE DEL IDAAN No.2,2,POBLADO COMPLETO,1,2
08,08,24,016,080824016,CALZADA LARGA,2,POBLADO COMPLETO,1,2
08,08,24,017,080824017,CERRO AZUL,3,POBLADO PARTE,2,2
08,08,24,018,080824018,CERRO BACHICHE,3,POBLADO PARTE,1,2
08,08,24,019,080824019,CIUDAD EL AMANECER,2,POBLADO COMPLETO,1,1
08,08,24,020,080824020,COMUNIDAD EMBERÁ O DOS SESENTA,2,POBLADO COMPLETO,1,2
08,08,24,022,080824022,EL PANTANAL,2,POBLADO COMPLETO,1,2
08,08,24,023,080824023,EMBERÁ PURÚ,2,POBLADO COMPLETO,1,2
08,08,24,024,080824024,FILO DE MAMEY,2,POBLADO COMPLETO,1,2
08,08,24,027,080824027,LA BONGA Ó 260,2,POBLADO COMPLETO,1,2
08,08,24,028,080824028,LA LAGUNA O EL TECAL,3,POBLADO PARTE,1,2
08,08,24,029,080824029,LA POLICÍA,2,POBLADO COMPLETO,1,2
08,08,24,030,080824030,LA PUENTE,2,POBLADO COMPLETO,1,2
08,08,24,031,080824031,LA PUENTE ARRIBA,2,POBLADO COMPLETO,1,2
08,08,24,032,080824032,LA REFORMA,2,POBLADO COMPLETO,1,2
08,08,24,033,080824033,LA VENTA,2,POBLADO COMPLETO,1,2
08,08,24,034,080824034,LAS ALBINAS,2,POBLADO COMPLETO,1,2
08,08,24,035,080824035,LAS PRADERAS DE SAN LORENZO,2,POBLADO COMPLETO,1,1
08,08,24,036,080824036,LLANO BONITO,2,POBLADO COMPLETO,1,2
08,08,24,037,080824037,LOS PORTALES,2,POBLADO COMPLETO,1,2
08,08,24,038,080824038,MAURO O SANTA LIBRADA,2,POBLADO COMPLETO,1,2
08,08,24,040,080824040,NUEVO CAIMITILLO,2,POBLADO COMPLETO,1,2
08,08,24,043,080824043,PARANÁ PURÚ O PUEBLO MAQUENQUE,2,POBLADO COMPLETO,1,2
08,08,24,044,080824044,QUEBRADA ANCHA No.2,2,POBLADO COMPLETO,1,2
08,08,24,045,080824045,QUEBRADA BENÍTEZ,2,POBLADO COMPLETO,1,2
08,08,24,046,080824046,QUEBRADA CÁNDIDO,2,POBLADO COMPLETO,1,2
08,08,24,047,080824047,QUEBRADA CULEBRA,2,POBLADO COMPLETO,1,2
08,08,24,048,080824048,QUEBRADA FEA,2,POBLADO COMPLETO,1,2
08,08,24,049,080824049,QUEBRADA MONO CONGO,2,POBLADO COMPLETO,1,2
08,08,24,050,080824050,QUEBRADA OSCURA,2,POBLADO COMPLETO,1,2
08,08,24,051,080824051,QUEBRADA PEÑA BLANCA,2,POBLADO COMPLETO,1,2
08,08,24,052,080824052,QUEBRADA TRANQUILLA,2,POBLADO COMPLETO,1,2
08,08,24,053,080824053,RÍO INDIO,2,POBLADO COMPLETO,1,2
08,08,24,054,080824054,RÍO PIEDRA,2,POBLADO COMPLETO,1,2
08,08,24,056,080824056,SAN CRISTÓBAL,2,POBLADO COMPLETO,1,2
08,08,24,057,080824057,SAN JUAN DE PEQUENÍ,2,POBLADO COMPLETO,1,2
08,08,24,058,080824058,SANTA LIBRADA,3,POBLADO PARTE,1,2
08,08,24,059,080824059,TUSIPONO,2,POBLADO COMPLETO,1,2
08,08,24,060,080824060,URBANIZACIÓN SAN LORENZO,2,POBLADO COMPLETO,1,1
08,08,24,061,080824061,VICTORIANO LORENZO,2,POBLADO COMPLETO,1,2
08,08,24,062,080824062,CABECERA DE QUEBRADA TRANQUILLA,2,POBLADO COMPLETO,1,2
08,08,24,063,080824063,CANDELARIA ARRIBA,2,POBLADO COMPLETO,1,2
08,08,24,064,080824064,CUMBRE AZUL,2,POBLADO COMPLETO,1,1
08,08,24,065,080824065,LOS ÁNGELES,2,POBLADO COMPLETO,1,2
08,08,24,066,080824066,PELUCA,2,POBLADO COMPLETO,1,2
08,08,24,067,080824067,QUEBRADA SAN ANTONIO,2,POBLADO COMPLETO,1,2
08,08,24,068,080824068,QUEBRADA SAN FRANCISCO,2,POBLADO COMPLETO,1,2
08,08,24,069,080824069,EL TRIÁNGULO O EL PIÑAL,3,POBLADO PARTE,1,2
08,08,24,070,080824070,PURÚ BIAKIRÚ O PUEBLO BONITO,2,POBLADO COMPLETO,1,2
08,08,24,071,080824071,LA PALMITA,2,POBLADO COMPLETO,1,2
08,08,24,072,080824072,PIÑAL DEL RÍO,2,POBLADO COMPLETO,1,2
08,08,24,073,080824073,VILLAS DEL NORTE,2,POBLADO COMPLETO,1,2
08,08,24,074,080824074,QUEBRADA CUCHARITA,2,POBLADO COMPLETO,1,2
08,08,24,075,080824075,QUEBRADA SOLEDAD,2,POBLADO COMPLETO,1,2
08,08,24,076,080824076,ANCORE PURÚ,2,POBLADO COMPLETO,1,2
08,08,25,001,080825001,BARRIADA HUGO ESPADAFORA,1,CABECERA,1,1
08,08,25,003,080825003,BUENA VISTA No.2,2,POBLADO COMPLETO,1,2
08,08,25,005,080825005,EL GUARUMAL O CHUMICAL,2,POBLADO COMPLETO,1,2
08,08,25,006,080825006,EL HATO DE SAN JOSÉ,2,POBLADO COMPLETO,1,2
08,08,25,007,080825007,HUGO HENRÍQUEZ,2,POBLADO COMPLETO,1,2
08,08,25,008,080825008,LAS GARZAS,2,POBLADO COMPLETO,1,1
08,08,25,009,080825009,LAS VEGAS,3,POBLADO PARTE,1,2
08,08,25,010,080825010,LOS LAGOS,2,POBLADO COMPLETO,1,1
08,08,25,011,080825011,ODERCHICO,2,POBLADO COMPLETO,1,2
08,08,25,012,080825012,PASO BLANCO,2,POBLADO COMPLETO,1,1
08,08,25,013,080825013,PASO BLANCO No.2,2,POBLADO COMPLETO,1,1
08,08,25,015,080825015,RÍO CHICO,2,POBLADO COMPLETO,1,2
08,08,25,016,080825016,RÍO CHICO No.2,2,POBLADO COMPLETO,1,2
08,08,25,017,080825017,SAN DIEGO,2,POBLADO COMPLETO,1,2
08,08,25,018,080825018,ALTO DEL NANCE,3,POBLADO PARTE,1,2
08,08,25,019,080825019,LA CABANGA,3,POBLADO PARTE,1,2
08,08,25,020,080825020,MANDINGA,2,POBLADO COMPLETO,1,2
08,08,25,021,080825021,RESIDENCIAL LA FORESTA,2,POBLADO COMPLETO,1,1
08,08,25,022,080825022,RÍO CHICO URBANO,2,POBLADO COMPLETO,1,1
08,08,25,024,080825024,NUEVA ISRAEL,2,POBLADO COMPLETO,1,2
08,08,25,025,080825025,SAN JOSÉ DE LAS GARZAS,2,POBLADO COMPLETO,1,2
08,08,26,001,080826001,URBANIZACIÓN DON BOSCO,1,CABECERA,1,1
08,08,26,002,080826002,ALTOS DE LAS ACACIAS,2,POBLADO COMPLETO,1,1
08,08,26,003,080826003,COSTA LINDA,2,POBLADO COMPLETO,1,1
08,08,26,004,080826004,COSTA SUR,2,POBLADO COMPLETO,1,1
08,08,26,005,080826005,JUAN DÍAZ,3,POBLADO PARTE,1,1
08,08,26,006,080826006,RESIDENCIAL VERSALLES,2,POBLADO COMPLETO,1,1
08,08,26,007,080826007,URBANIZACIÓN LOS ROBLES,2,POBLADO COMPLETO,1,1
08,10,01,002,081001002,PAN DE AZÚCAR,4,CABECERA PARTE (Mixto),1,1
08,10,01,003,081001003,ALTOS DE PANAMÁ,2,POBLADO COMPLETO,1,1
08,10,01,004,081001004,ALTOS DE SANTA MARIA,2,POBLADO COMPLETO,1,1
08,10,01,005,081001005,LOS ANDES No.1,2,POBLADO COMPLETO,1,1
08,10,01,006,081001006,URBANIZACIÓN CONDADO DEL REY,3,POBLADO PARTE,1,1
08,10,01,007,081001007,URBANIZACIÓN LIMAJO,3,POBLADO PARTE,1,1
08,10,01,008,081001008,HORIZONTES,3,POBLADO PARTE,1,1
08,10,02,002,081002002,SAMARIA,1,CABECERA,1,1
08,10,02,003,081002003,CERRO BATEA,3,POBLADO PARTE,1,1
08,10,02,004,081002004,DON BOSCO,2,POBLADO COMPLETO,1,1
08,10,02,005,081002005,MALLORCA PARK,2,POBLADO COMPLETO,1,1
08,10,02,006,081002006,PAN DE AZÚCAR,3,POBLADO PARTE,1,1
08,10,02,007,081002007,SAN ISIDRO,3,POBLADO PARTE,1,1
08,10,03,002,081003002,VILLA GUADALUPE,3,POBLADO PARTE,1,1
08,10,03,003,081003003,URBANIZACIÓN LA PULIDA,1,CABECERA,1,1
08,10,03,004,081003004,VILLA LUCRE,2,POBLADO COMPLETO,1,1
08,10,03,005,081003005,URBANIZACIÓN EL CRISOL,2,POBLADO COMPLETO,1,1
08,10,03,006,081003006,URBANIZACIÓN COLINAS DORASOL,3,POBLADO PARTE,1,1
08,10,03,007,081003007,URBANIZACIÓN COLINAS DEL GOLF,2,POBLADO COMPLETO,1,1
08,10,03,008,081003008,NUEVO BELÉN,3,POBLADO PARTE,1,1
08,10,04,002,081004002,PARAÍSO,1,CABECERA,1,1
08,10,04,003,081004003,PAN DE AZÚCAR,3,POBLADO PARTE,1,1
08,10,04,004,081004004,VILLA GUADALUPE,3,POBLADO PARTE,1,1
08,10,05,002,081005002,MONTE OSCURO,4,CABECERA PARTE (Mixto),1,1
08,10,05,003,081005003,PAN DE AZÚCAR,3,POBLADO PARTE,1,1
08,10,05,004,081005004,URBANIZACIÓN INDUSTRIAL,2,POBLADO COMPLETO,1,1
08,10,06,002,081006002,BARRIADA LA FELICIDAD,1,CABECERA,1,1
08,10,06,003,081006003,ALTOS DEL VALLE DE URRACÁ,3,POBLADO PARTE,1,1
08,10,06,004,081006004,BARRIADA TORRIJOS CARTER,3,POBLADO PARTE,1,1
08,10,06,005,081006005,CLUB DE GOLF,3,POBLADO PARTE,1,1
08,10,06,006,081006006,NUEVO BELÉN,3,POBLADO PARTE,1,1
08,10,06,007,081006007,URBANIZACIÓN COLINAS DORASOL,3,POBLADO PARTE,1,1
08,10,06,008,081006008,GOLF GARDENS,2,POBLADO COMPLETO,1,1
08,10,07,002,081007002,BARRIADA TORRIJOS CARTER,4,CABECERA PARTE (Mixto),1,1
08,10,07,003,081007003,ALTOS DEL VALLE DE URRACÁ,3,POBLADO PARTE,1,1
08,10,07,004,081007004,CERRO BATEA,3,POBLADO PARTE,1,1
08,10,07,005,081007005,SANTA MARTA,2,POBLADO COMPLETO,1,1
08,10,07,006,081007006,SAN ISIDRO,3,POBLADO PARTE,1,1
08,10,08,002,081008002,URBANIZACIÓN LOS ANDES No.2,1,CABECERA,1,1
08,10,08,003,081008003,SAN ISIDRO,3,POBLADO PARTE,1,1
08,10,08,004,081008004,SONSONATE,3,POBLADO PARTE,1,1
08,10,08,005,081008005,LAS CUMBRES,3,POBLADO PARTE,1,1
08,10,08,006,081008006,HORIZONTES,3,POBLADO PARTE,1,1
08,10,08,007,081008007,URBANIZACIÓN LIMAJO,3,POBLADO PARTE,1,1
08,10,09,002,081009002,CIUDAD JARDIN SAN ANTONIO,1,CABECERA,1,1
08,10,09,003,081009003,URBANIZACIÓN CERRO VIENTO,2,POBLADO COMPLETO,1,1
08,10,09,004,081009004,CLUB DE GOLF,3,POBLADO PARTE,1,1
08,10,09,005,081009005,URBANIZACIÓN BRISAS DEL GOLF,2,POBLADO COMPLETO,1,1
08,11,01,003,081101003,TABOGA,1,CABECERA,1,2
08,11,01,005,081101005,TABOGUILLA,2,POBLADO COMPLETO,2,2
08,11,02,001,081102001,OTOQUE OCCIDENTE,1,CABECERA,1,2
08,11,03,001,081103001,OTOQUE ORIENTE,1,CABECERA,1,2
09,01,01,002,090101002,ATALAYA,1,CABECERA,1,1
09,01,01,007,090101007,EL JOBO,2,POBLADO COMPLETO,1,2
09,01,01,010,090101010,GARNADERA,2,POBLADO COMPLETO,1,2
09,01,01,017,090101017,LA MINA,2,POBLADO COMPLETO,1,2
09,01,01,019,090101019,LAS TÍAS,2,POBLADO COMPLETO,1,2
09,01,01,020,090101020,LLANO DEL NANCE,2,POBLADO COMPLETO,1,2
09,01,01,025,090101025,PEDREGOSO,2,POBLADO COMPLETO,1,2
09,01,01,028,090101028,RÍO DE JESÚS,2,POBLADO COMPLETO,1,2
09,01,01,030,090101030,TIERRA PLANA,2,POBLADO COMPLETO,1,2
09,01,01,031,090101031,TINAJITA,2,POBLADO COMPLETO,1,2
09,01,01,035,090101035,FLORES MORADAS,2,POBLADO COMPLETO,1,2
09,01,01,038,090101038,ALTO DE LA MINA,2,POBLADO COMPLETO,1,2
09,01,01,039,090101039,ALTO DE LOS BALA,2,POBLADO COMPLETO,1,2
09,01,01,041,090101041,LA MONITA,2,POBLADO COMPLETO,1,2
09,01,01,042,090101042,PASO LAJAS,2,POBLADO COMPLETO,1,2
09,01,01,053,090101053,RESIDENCIAL VILLA DE LAS FLORES,2,POBLADO COMPLETO,1,2
09,01,02,001,090102001,EL CIRUELITO DE NUESTRO AMO,2,POBLADO COMPLETO,1,2
09,01,02,002,090102002,EL BALITA,2,POBLADO COMPLETO,1,2
09,01,02,003,090102003,EL BARRITO,1,CABECERA,1,2
09,01,02,004,090102004,EL SIERRAL,2,POBLADO COMPLETO,1,2
09,01,02,005,090102005,EL TAMBOR,2,POBLADO COMPLETO,1,2
09,01,02,006,090102006,EL TIGRE,2,POBLADO COMPLETO,1,2
09,01,02,009,090102009,LOS CORRALILLOS,2,POBLADO COMPLETO,1,2
09,01,02,010,090102010,LOS SÁBALOS,2,POBLADO COMPLETO,1,2
09,01,02,012,090102012,TARA,2,POBLADO COMPLETO,1,2
09,01,02,013,090102013,TUN-TUN,2,POBLADO COMPLETO,1,2
09,01,02,014,090102014,EL ZAPOTE O PUEBLO NUEVO,3,POBLADO PARTE,1,2
09,01,02,015,090102015,LA ISIDRA,2,POBLADO COMPLETO,1,2
09,01,02,016,090102016,LA CANOA,2,POBLADO COMPLETO,1,2
09,01,02,017,090102017,LOS GUAIMY,2,POBLADO COMPLETO,1,2
09,01,02,018,090102018,LA CANTERA,2,POBLADO COMPLETO,1,2
09,01,02,019,090102019,NUESTRO AMO,3,POBLADO PARTE,1,2
09,01,03,002,090103002,EL BARRERO,2,POBLADO COMPLETO,1,2
09,01,03,003,090103003,EL COCO,2,POBLADO COMPLETO,1,2
09,01,03,004,090103004,SAN ISIDRO,2,POBLADO COMPLETO,1,2
09,01,03,005,090103005,PALENQUE,2,POBLADO COMPLETO,1,2
09,01,03,006,090103006,EL PONTÓN,2,POBLADO COMPLETO,1,2
09,01,03,007,090103007,EL SALERO,2,POBLADO COMPLETO,1,2
09,01,03,008,090103008,LA CRUZ,2,POBLADO COMPLETO,1,2
09,01,03,009,090103009,LOS CORRALITOS,2,POBLADO COMPLETO,1,2
09,01,03,010,090103010,LOS PLANES,2,POBLADO COMPLETO,1,2
09,01,03,011,090103011,LA MONTAÑUELA,1,CABECERA,1,2
09,01,03,012,090103012,EL TINOCO,2,POBLADO COMPLETO,1,2
09,01,03,013,090103013,EL POTRERO,3,POBLADO PARTE,1,2
09,01,03,014,090103014,LA CARRILLO,3,POBLADO PARTE,1,2
09,01,04,001,090104001,ALTO DE BALBUENA,2,POBLADO COMPLETO,1,2
09,01,04,002,090104002,BALBUENA,2,POBLADO COMPLETO,1,2
09,01,04,003,090104003,CACIQUE U ORILLAS DEL RÍO CACIQUE,2,POBLADO COMPLETO,1,2
09,01,04,004,090104004,CHARCO AZUL,2,POBLADO COMPLETO,1,2
09,01,04,006,090104006,LA CANOA,2,POBLADO COMPLETO,1,2
09,01,04,007,090104007,LA CARRILLO,4,CABECERA PARTE (Mixto),1,2
09,01,04,008,090104008,LA MARAVILLA,2,POBLADO COMPLETO,1,2
09,01,04,009,090104009,LAS ÁNIMAS,2,POBLADO COMPLETO,1,2
09,01,04,010,090104010,LOS CERROS,2,POBLADO COMPLETO,1,2
09,01,04,011,090104011,LOS PEÑEROS,2,POBLADO COMPLETO,1,2
09,01,04,012,090104012,LOS QUINTEROS,2,POBLADO COMPLETO,1,2
09,01,04,013,090104013,NUESTRO AMO,3,POBLADO PARTE,1,2
09,01,04,014,090104014,RINCÓN SUCIO,2,POBLADO COMPLETO,1,2
09,01,05,001,090105001,EL PEDRITO,2,POBLADO COMPLETO,1,2
09,01,05,002,090105002,EL POTRERO,3,POBLADO PARTE,1,2
09,01,05,003,090105003,FINCA LA MATA,2,POBLADO COMPLETO,1,2
09,01,05,004,090105004,LA MATA,3,POBLADO PARTE,1,2
09,01,05,005,090105005,LOS BOQUERONES,3,POBLADO PARTE,1,2
09,01,05,006,090105006,LOS CERROS,3,POBLADO PARTE,1,2
09,01,05,007,090105007,SAN ANTONIO,4,CABECERA PARTE (Mixto),1,1
09,01,05,008,090105008,RESIDENCIAL CERRO AZUL,2,POBLADO COMPLETO,1,2
09,01,05,009,090105009,RESIDENCIAL DOÑA OLIVIA,2,POBLADO COMPLETO,1,2
09,01,05,010,090105010,RESIDENCIAL VILLA ATENA,2,POBLADO COMPLETO,1,2
09,01,05,011,090105011,RESIDENCIAL CAMPO DORADO,2,POBLADO COMPLETO,1,2
09,01,05,012,090105012,QUINTAS DEL MARÍA,2,POBLADO COMPLETO,1,2
09,01,05,013,090105013,ALTOS DE CERRO AZUL,2,POBLADO COMPLETO,1,2
09,01,05,014,090105014,FINCA ZAPOTAL,2,POBLADO COMPLETO,1,2
09,01,05,015,090105015,LA ENSENADA,2,POBLADO COMPLETO,1,2
09,01,05,016,090105016,LA MATA ABAJO,2,POBLADO COMPLETO,1,2
09,01,05,017,090105017,QUEBRADA LA MATA,2,POBLADO COMPLETO,1,2
09,01,05,018,090105018,RESIDENCIAL LLANO BONITO,2,POBLADO COMPLETO,1,2
09,01,05,019,090105019,RESIDENCIAL VILLA LARA,2,POBLADO COMPLETO,1,2
09,02,01,001,090201001,ALTO DE LA JUANITA,2,POBLADO COMPLETO,1,2
09,02,01,002,090201002,ATRAVESADO,2,POBLADO COMPLETO,1,2
09,02,01,003,090201003,LA BOTIJUELA,2,POBLADO COMPLETO,1,2
09,02,01,004,090201004,BUENA VISTA,2,POBLADO COMPLETO,1,2
09,02,01,005,090201005,CALOBRE,1,CABECERA,1,2
09,02,01,007,090201007,CARDENILLO,2,POBLADO COMPLETO,1,2
09,02,01,010,090201010,EL ALTO,2,POBLADO COMPLETO,1,2
09,02,01,011,090201011,EL BAJO,2,POBLADO COMPLETO,1,2
09,02,01,012,090201012,EL BARRERO,2,POBLADO COMPLETO,1,2
09,02,01,013,090201013,EL CABIMO,2,POBLADO COMPLETO,1,2
09,02,01,014,090201014,EL CORAL,2,POBLADO COMPLETO,1,2
09,02,01,015,090201015,EL CHUMICO,2,POBLADO COMPLETO,1,2
09,02,01,016,090201016,EL HORCÓN,2,POBLADO COMPLETO,1,2
09,02,01,018,090201018,EL QUIRA,2,POBLADO COMPLETO,1,2
09,02,01,019,090201019,GUAYABITO,3,POBLADO PARTE,1,2
09,02,01,020,090201020,LA CIRACA No.1,3,POBLADO PARTE,1,2
09,02,01,021,090201021,LAGUNILLA,2,POBLADO COMPLETO,1,2
09,02,01,022,090201022,LA PEÑA DEL TIGRE,2,POBLADO COMPLETO,1,2
09,02,01,023,090201023,LA PUENTE,2,POBLADO COMPLETO,1,2
09,02,01,024,090201024,LA RIVERA,2,POBLADO COMPLETO,1,2
09,02,01,025,090201025,LA YEGUADITA,2,POBLADO COMPLETO,1,2
09,02,01,026,090201026,LAS TETAS,2,POBLADO COMPLETO,1,2
09,02,01,028,090201028,LOS GONZÁLEZ,2,POBLADO COMPLETO,1,2
09,02,01,030,090201030,LOS TULICES,2,POBLADO COMPLETO,1,2
09,02,01,031,090201031,LLANO BONITO,2,POBLADO COMPLETO,1,2
09,02,01,032,090201032,MANZANILLO,3,POBLADO PARTE,1,2
09,02,01,033,090201033,NARANJALES,3,POBLADO PARTE,1,2
09,02,01,034,090201034,PALITO VERDE,2,POBLADO COMPLETO,1,2
09,02,01,035,090201035,EL PEDREGOSO,2,POBLADO COMPLETO,1,2
09,02,01,036,090201036,RISACUAL,2,POBLADO COMPLETO,1,2
09,02,01,037,090201037,SAN ANDRÉS,2,POBLADO COMPLETO,1,2
09,02,01,038,090201038,SAN MIGUEL,2,POBLADO COMPLETO,1,2
09,02,01,039,090201039,TABOGA,2,POBLADO COMPLETO,1,2
09,02,01,041,090201041,LOS BUSTOS,3,POBLADO PARTE,1,2
09,02,01,045,090201045,EL TEJAL,2,POBLADO COMPLETO,1,2
09,02,01,047,090201047,ALTO DE LAS PALMAS,2,POBLADO COMPLETO,1,2
09,02,01,048,090201048,LLANO LARGO O NARANJAL,2,POBLADO COMPLETO,1,2
09,02,01,049,090201049,EL CACIQUE,2,POBLADO COMPLETO,1,2
09,02,01,050,090201050,EL RODEO,2,POBLADO COMPLETO,1,2
09,02,01,051,090201051,LOS CURAS,2,POBLADO COMPLETO,1,2
09,02,01,052,090201052,ALTO LA RIVERA,2,POBLADO COMPLETO,1,2
09,02,01,053,090201053,BARRO PRIETO,3,POBLADO PARTE,1,2
09,02,01,054,090201054,FINCA CERRO NEGRO,2,POBLADO COMPLETO,1,2
09,02,01,055,090201055,ALTOS DE BUENA VISTA,3,POBLADO PARTE,1,2
09,02,02,001,090202001,BAJOS LAJAS,2,POBLADO COMPLETO,1,2
09,02,02,002,090202002,BARNIZAL,1,CABECERA,1,2
09,02,02,004,090202004,CANTERO,2,POBLADO COMPLETO,1,2
09,02,02,005,090202005,CERRO AGÚ,2,POBLADO COMPLETO,1,2
09,02,02,006,090202006,EL GUAYABO,3,POBLADO PARTE,1,2
09,02,02,007,090202007,PORTUGUÉZ,3,POBLADO PARTE,1,2
09,02,02,008,090202008,EL TAMBOR,2,POBLADO COMPLETO,1,2
09,02,02,009,090202009,EL TIGRE,2,POBLADO COMPLETO,1,2
09,02,02,010,090202010,JUAN LUCAS,2,POBLADO COMPLETO,1,2
09,02,02,012,090202012,LAS FLORES,3,POBLADO PARTE,1,2
09,02,02,013,090202013,LOMA LARGA,2,POBLADO COMPLETO,1,2
09,02,02,014,090202014,PORTUGUÉZ ARRIBA,2,POBLADO COMPLETO,1,2
09,02,02,015,090202015,RAJA LEÑA,2,POBLADO COMPLETO,1,2
09,02,02,016,090202016,RASTROJAL,2,POBLADO COMPLETO,1,2
09,02,02,017,090202017,RÍO CHICO,2,POBLADO COMPLETO,1,2
09,02,02,019,090202019,BOCA DEL RÍO PITAL,3,POBLADO PARTE,1,2
09,02,02,020,090202020,BAJO ALTO,2,POBLADO COMPLETO,1,2
09,02,02,024,090202024,RÍO PITAL,2,POBLADO COMPLETO,1,2
09,02,02,025,090202025,EL BARRERO,2,POBLADO COMPLETO,1,2
09,02,02,026,090202026,EL CAJÓN,2,POBLADO COMPLETO,1,2
09,02,03,001,090203001,ACHOTILLAL,2,POBLADO COMPLETO,1,2
09,02,03,004,090203004,ALTO CORAL,2,POBLADO COMPLETO,1,2
09,02,03,005,090203005,ALTO LIMÓN,2,POBLADO COMPLETO,1,2
09,02,03,006,090203006,ALTOS DE NARANJAL,2,POBLADO COMPLETO,1,2
09,02,03,007,090203007,ARENAL,2,POBLADO COMPLETO,1,2
09,02,03,008,090203008,BAJO LIMÓN,2,POBLADO COMPLETO,1,2
09,02,03,009,090203009,BARRERITO,2,POBLADO COMPLETO,1,2
09,02,03,010,090203010,BERROCAL,2,POBLADO COMPLETO,1,2
09,02,03,012,090203012,CERRO AGUDO,2,POBLADO COMPLETO,1,2
09,02,03,013,090203013,PAPELILLO,2,POBLADO COMPLETO,1,2
09,02,03,014,090203014,CHITRITA,2,POBLADO COMPLETO,1,2
09,02,03,015,090203015,BAJO CHITRA,2,POBLADO COMPLETO,1,2
09,02,03,016,090203016,EL COPÉ,2,POBLADO COMPLETO,1,2
09,02,03,017,090203017,EL COZME,2,POBLADO COMPLETO,1,2
09,02,03,019,090203019,EL PALMAR,2,POBLADO COMPLETO,1,2
09,02,03,021,090203021,EL PERÚ,2,POBLADO COMPLETO,1,2
09,02,03,023,090203023,ESCOBILLAL,2,POBLADO COMPLETO,1,2
09,02,03,024,090203024,GUARAPAL,2,POBLADO COMPLETO,1,2
09,02,03,025,090203025,HONDURAS,2,POBLADO COMPLETO,1,2
09,02,03,026,090203026,JUNCAL,2,POBLADO COMPLETO,1,2
09,02,03,029,090203029,LA PACORA,2,POBLADO COMPLETO,1,2
09,02,03,030,090203030,LA PEDREGOSA No.1,2,POBLADO COMPLETO,1,2
09,02,03,032,090203032,LAS MATILLAS,2,POBLADO COMPLETO,1,2
09,02,03,033,090203033,LOMA CHATA,2,POBLADO COMPLETO,1,2
09,02,03,034,090203034,LOMA LLANA,2,POBLADO COMPLETO,1,2
09,02,03,035,090203035,LOS CEIBOS,2,POBLADO COMPLETO,1,2
09,02,03,036,090203036,LOS CHACAREROS O LAS PEÑITAS,2,POBLADO COMPLETO,1,2
09,02,03,038,090203038,LLANO BONITO,2,POBLADO COMPLETO,1,2
09,02,03,039,090203039,LLANO LARGO,2,POBLADO COMPLETO,1,2
09,02,03,041,090203041,MATA PALO,2,POBLADO COMPLETO,1,2
09,02,03,042,090203042,MEDIA LUNA,2,POBLADO COMPLETO,1,2
09,02,03,043,090203043,EL MIELAR,2,POBLADO COMPLETO,1,2
09,02,03,044,090203044,OJITO DE AGUA,2,POBLADO COMPLETO,1,2
09,02,03,045,090203045,PALENQUE,2,POBLADO COMPLETO,1,2
09,02,03,046,090203046,PANDURA,2,POBLADO COMPLETO,1,2
09,02,03,047,090203047,PIEDRAS GORDAS,1,CABECERA,1,2
09,02,03,048,090203048,PLATANAL,2,POBLADO COMPLETO,1,2
09,02,03,049,090203049,LOS POTRERILLOS,2,POBLADO COMPLETO,1,2
09,02,03,050,090203050,PUEBLO NUEVO,2,POBLADO COMPLETO,1,2
09,02,03,052,090203052,BARRO AMARILLO O TRES PASOS,2,POBLADO COMPLETO,1,2
09,02,03,053,090203053,LOS CASTROS,2,POBLADO COMPLETO,1,2
09,02,03,054,090203054,ESPINO AMARILLO,2,POBLADO COMPLETO,1,2
09,02,03,055,090203055,EL NANZAL,2,POBLADO COMPLETO,1,2
09,02,03,056,090203056,ALTO LA PALMA,2,POBLADO COMPLETO,1,2
09,02,03,057,090203057,ALTO LIRIO,2,POBLADO COMPLETO,1,2
09,02,03,059,090203059,LA CABAÑA,2,POBLADO COMPLETO,1,2
09,02,04,002,090204002,BUENOS AIRES,2,POBLADO COMPLETO,1,2
09,02,04,003,090204003,CAÑA BLANCA,2,POBLADO COMPLETO,1,2
09,02,04,004,090204004,CAPELLANÍA,2,POBLADO COMPLETO,1,2
09,02,04,005,090204005,CARRIZAL,2,POBLADO COMPLETO,1,2
09,02,04,009,090204009,EL COCLA,1,CABECERA,1,2
09,02,04,010,090204010,EL ESQUINADO,2,POBLADO COMPLETO,1,2
09,02,04,012,090204012,EL HARINO,2,POBLADO COMPLETO,1,2
09,02,04,013,090204013,LIMÓN,2,POBLADO COMPLETO,1,2
09,02,04,014,090204014,EL RODEO,2,POBLADO COMPLETO,1,2
09,02,04,015,090204015,EL SALITRE No.1,2,POBLADO COMPLETO,1,2
09,02,04,016,090204016,EL SALITRE No.2,2,POBLADO COMPLETO,1,2
09,02,04,017,090204017,LA ESTANCIA,2,POBLADO COMPLETO,1,2
09,02,04,022,090204022,LOS TORITOS,2,POBLADO COMPLETO,1,2
09,02,04,023,090204023,LAS MARCELAS O LLANO LARGO,2,POBLADO COMPLETO,1,2
09,02,04,024,090204024,MARAÑÓN,2,POBLADO COMPLETO,1,2
09,02,04,025,090204025,PAN DE AZÚCAR,2,POBLADO COMPLETO,1,2
09,02,04,026,090204026,PASO CARNAL,2,POBLADO COMPLETO,1,2
09,02,04,027,090204027,PASO REAL,2,POBLADO COMPLETO,1,2
09,02,04,028,090204028,POTRERILLO,2,POBLADO COMPLETO,1,2
09,02,04,029,090204029,SAUCEO,2,POBLADO COMPLETO,1,2
09,02,04,030,090204030,VIENTO ABAJO,2,POBLADO COMPLETO,1,2
09,02,04,031,090204031,VIENTO ARRIBA,3,POBLADO PARTE,1,2
09,02,04,032,090204032,EL CIRÍ,3,POBLADO PARTE,1,2
09,02,04,033,090204033,LA PANCHA,3,POBLADO PARTE,1,2
09,02,04,034,090204034,CERRO GRANDE,2,POBLADO COMPLETO,1,2
09,02,04,035,090204035,CERRO PELADO O LOS PATIOS,2,POBLADO COMPLETO,1,2
09,02,04,036,090204036,LA BALANDRA,2,POBLADO COMPLETO,2,2
09,02,04,038,090204038,LOS BUSTOS,3,POBLADO PARTE,1,2
09,02,04,040,090204040,RODEO,2,POBLADO COMPLETO,1,2
09,02,04,041,090204041,ALTO CRISTAL,2,POBLADO COMPLETO,1,2
09,02,04,042,090204042,EL MACHO,2,POBLADO COMPLETO,1,2
09,02,04,043,090204043,LA PANDURA,2,POBLADO COMPLETO,1,2
09,02,05,001,090205001,EL AGUACATAL,2,POBLADO COMPLETO,1,2
09,02,05,002,090205002,CERRO ALTO,2,POBLADO COMPLETO,1,2
09,02,05,003,090205003,EL CALVARIO,2,POBLADO COMPLETO,1,2
09,02,05,005,090205005,EL CHUMICOSO,2,POBLADO COMPLETO,1,2
09,02,05,006,090205006,EL ESPINAL,2,POBLADO COMPLETO,1,2
09,02,05,007,090205007,EL JOBO,2,POBLADO COMPLETO,1,2
09,02,05,008,090205008,EL PALMILLAR,2,POBLADO COMPLETO,1,2
09,02,05,009,090205009,EL POTRERO,1,CABECERA,1,2
09,02,05,010,090205010,EL CORTADO,2,POBLADO COMPLETO,1,2
09,02,05,012,090205012,HERVEDOR,2,POBLADO COMPLETO,1,2
09,02,05,015,090205015,LLANO GRANDE,2,POBLADO COMPLETO,1,2
09,02,05,022,090205022,LOS PATIOS,2,POBLADO COMPLETO,1,2
09,02,05,023,090205023,LA LAGUNITA,2,POBLADO COMPLETO,1,2
09,02,05,024,090205024,LA GALERA,2,POBLADO COMPLETO,1,2
09,02,05,025,090205025,LAS CANALETAS,2,POBLADO COMPLETO,1,2
09,02,05,027,090205027,BEBEDERO,2,POBLADO COMPLETO,1,2
09,02,05,028,090205028,LA VACA MUERTA,2,POBLADO COMPLETO,1,2
09,02,05,030,090205030,EL GUAYABO,3,POBLADO PARTE,1,2
09,02,05,031,090205031,EL RINCÓN DEL GUAYABO,2,POBLADO COMPLETO,1,2
09,02,05,032,090205032,ALTOS DE BUENA VISTA,3,POBLADO PARTE,1,2
09,02,06,001,090206001,AGUAS BLANCAS,2,POBLADO COMPLETO,1,2
09,02,06,002,090206002,BOCA DEL RÍO PITAL,3,POBLADO PARTE,1,2
09,02,06,003,090206003,CERRO DE LA PALMA,2,POBLADO COMPLETO,1,2
09,02,06,004,090206004,EL COCUYO,2,POBLADO COMPLETO,1,2
09,02,06,006,090206006,EL BARRERO,2,POBLADO COMPLETO,1,2
09,02,06,007,090206007,LOS BOLOS O LLANO GRANDE,2,POBLADO COMPLETO,1,2
09,02,06,008,090206008,EL BÚHO,2,POBLADO COMPLETO,1,2
09,02,06,010,090206010,LOS CERRITOS,2,POBLADO COMPLETO,1,2
09,02,06,012,090206012,EL FONDO,3,POBLADO PARTE,1,2
09,02,06,013,090206013,EL GUABAL,2,POBLADO COMPLETO,1,2
09,02,06,014,090206014,EL JAZMÍN,2,POBLADO COMPLETO,1,2
09,02,06,015,090206015,EL MACHO,2,POBLADO COMPLETO,1,2
09,02,06,016,090206016,EL PATO,2,POBLADO COMPLETO,1,2
09,02,06,018,090206018,EL PORTACHUELO,2,POBLADO COMPLETO,1,2
09,02,06,019,090206019,EL PORTUGUÉZ,2,POBLADO COMPLETO,1,2
09,02,06,020,090206020,EL RECODO,2,POBLADO COMPLETO,1,2
09,02,06,022,090206022,EL HARQUIN,2,POBLADO COMPLETO,1,2
09,02,06,023,090206023,LA COROCITA,2,POBLADO COMPLETO,1,2
09,02,06,024,090206024,LA LAGUNA,1,CABECERA,1,2
09,02,06,025,090206025,LA MATA,2,POBLADO COMPLETO,1,2
09,02,06,026,090206026,LAS BRUJAS,2,POBLADO COMPLETO,1,2
09,02,06,027,090206027,LAS LAJITAS,2,POBLADO COMPLETO,1,2
09,02,06,028,090206028,LAS TRANCAS,2,POBLADO COMPLETO,1,2
09,02,06,029,090206029,LOS LIMPIOS,3,POBLADO PARTE,1,2
09,02,06,030,090206030,LLANO COLORADO,2,POBLADO COMPLETO,1,2
09,02,06,032,090206032,LLANO GRANDE,2,POBLADO COMPLETO,1,2
09,02,06,033,090206033,MADROÑITO,2,POBLADO COMPLETO,1,2
09,02,06,035,090206035,MUCHA AGUA,2,POBLADO COMPLETO,1,2
09,02,06,036,090206036,LA PEDREGOSITA,2,POBLADO COMPLETO,1,2
09,02,06,037,090206037,PIÑA,2,POBLADO COMPLETO,1,2
09,02,06,038,090206038,TIERRA BLANCA,2,POBLADO COMPLETO,1,2
09,02,06,039,090206039,TOLONDANGO,2,POBLADO COMPLETO,1,2
09,02,06,041,090206041,LA BERRUGOSA O CAÑAFÍSTULO,2,POBLADO COMPLETO,1,2
09,02,06,043,090206043,CORONA ABAJO,2,POBLADO COMPLETO,1,2
09,02,06,044,090206044,CORONA ARRIBA,2,POBLADO COMPLETO,1,2
09,02,06,045,090206045,RODEO VIEJO,2,POBLADO COMPLETO,1,2
09,02,06,046,090206046,EL ZANCUDO,2,POBLADO COMPLETO,1,2
09,02,06,047,090206047,LAS FLORES,3,POBLADO PARTE,1,2
09,02,06,048,090206048,PORTUGUÉZ,3,POBLADO PARTE,1,2
09,02,06,049,090206049,LA SABANETA,2,POBLADO COMPLETO,1,2
09,02,06,050,090206050,EL PEDREGOSO,2,POBLADO COMPLETO,1,2
09,02,06,051,090206051,FINCA EL RODEO,2,POBLADO COMPLETO,1,2
09,02,07,001,090207001,BARRO PRIETO,3,POBLADO PARTE,1,2
09,02,07,003,090207003,EL MACHO,2,POBLADO COMPLETO,1,2
09,02,07,004,090207004,LA CIRACA No.1,3,POBLADO PARTE,1,2
09,02,07,005,090207005,LA GALLINAZA,2,POBLADO COMPLETO,1,2
09,02,07,006,090207006,LA RAYA DE CALOBRE,1,CABECERA,1,2
09,02,07,007,090207007,LAS MESILLAS,2,POBLADO COMPLETO,1,2
09,02,07,008,090207008,LAS PIÑAS,2,POBLADO COMPLETO,1,2
09,02,07,009,090207009,EL GUARACHO,2,POBLADO COMPLETO,1,2
09,02,07,011,090207011,AGUA BLANCA,2,POBLADO COMPLETO,1,2
09,02,07,012,090207012,BARRERILLO,2,POBLADO COMPLETO,1,2
09,02,07,013,090207013,LA TOLLOSA,2,POBLADO COMPLETO,2,2
09,02,08,001,090208001,AGUA AZUL,2,POBLADO COMPLETO,1,2
09,02,08,002,090208002,EL BARRERO No.1,2,POBLADO COMPLETO,1,2
09,02,08,003,090208003,EL BARRERO No.2,2,POBLADO COMPLETO,1,2
09,02,08,004,090208004,BEJUCAL,2,POBLADO COMPLETO,1,2
09,02,08,005,090208005,BOQUERÓN,1,CABECERA,1,2
09,02,08,006,090208006,EL BACO,2,POBLADO COMPLETO,1,2
09,02,08,008,090208008,EL RINCÓN,2,POBLADO COMPLETO,1,2
09,02,08,010,090208010,LA JULIANA,2,POBLADO COMPLETO,1,2
09,02,08,011,090208011,LAS MESILLAS,2,POBLADO COMPLETO,1,2
09,02,08,012,090208012,LA TETILLA,2,POBLADO COMPLETO,1,2
09,02,08,014,090208014,LAS BALILLAS,2,POBLADO COMPLETO,1,2
09,02,08,016,090208016,LOS HOYITOS,2,POBLADO COMPLETO,1,2
09,02,08,017,090208017,PASO CARNAL,2,POBLADO COMPLETO,1,2
09,02,08,018,090208018,POTRERO VIEJO,2,POBLADO COMPLETO,1,2
09,02,08,019,090208019,LAS NENAS,2,POBLADO COMPLETO,1,2
09,02,08,027,090208027,ALTO EL HIGO,2,POBLADO COMPLETO,1,2
09,02,08,028,090208028,LAS GRADAS,2,POBLADO COMPLETO,1,2
09,02,09,001,090209001,LA SIGE O LA CIJE,2,POBLADO COMPLETO,1,2
09,02,09,002,090209002,BAJO VIEJO,2,POBLADO COMPLETO,1,2
09,02,09,003,090209003,BALTAZAR,2,POBLADO COMPLETO,1,2
09,02,09,004,090209004,BARRERO GRANDE,2,POBLADO COMPLETO,1,2
09,02,09,007,090209007,CAMPAMENTO EL FLOR,2,POBLADO COMPLETO,1,2
09,02,09,008,090209008,CAÑA BRAVA,2,POBLADO COMPLETO,1,2
09,02,09,009,090209009,CERRO VERDE,2,POBLADO COMPLETO,1,2
09,02,09,012,090209012,EL GUAYABITO,2,POBLADO COMPLETO,1,2
09,02,09,013,090209013,EL HATO,2,POBLADO COMPLETO,1,2
09,02,09,014,090209014,EL PEDREGOSO,2,POBLADO COMPLETO,1,2
09,02,09,015,090209015,EL PONEDERO,2,POBLADO COMPLETO,1,2
09,02,09,016,090209016,LA LAGUNA,2,POBLADO COMPLETO,1,2
09,02,09,018,090209018,QUEBRADA PIEDRA,2,POBLADO COMPLETO,1,2
09,02,09,019,090209019,LA YEGUADA,1,CABECERA,1,2
09,02,09,021,090209021,LAS GUABAS,2,POBLADO COMPLETO,1,2
09,02,09,022,090209022,PORTACHUELO,2,POBLADO COMPLETO,1,2
09,02,09,025,090209025,EL MARAÑÓN,2,POBLADO COMPLETO,1,2
09,02,09,026,090209026,MIRADORES,2,POBLADO COMPLETO,1,2
09,02,09,027,090209027,PILONCILLO,2,POBLADO COMPLETO,1,2
09,02,09,028,090209028,EL SALITRE,2,POBLADO COMPLETO,1,2
09,02,09,029,090209029,SAN JUAN,2,POBLADO COMPLETO,1,2
09,02,09,030,090209030,EL SATRO,2,POBLADO COMPLETO,1,2
09,02,09,035,090209035,LA HIGUERILLA,2,POBLADO COMPLETO,1,2
09,02,09,036,090209036,LOS LLANOS,2,POBLADO COMPLETO,1,2
09,02,09,037,090209037,LA CHARCA,2,POBLADO COMPLETO,2,2
09,02,09,039,090209039,EL BARRERITO,2,POBLADO COMPLETO,1,2
09,02,09,040,090209040,EL COSME,2,POBLADO COMPLETO,1,2
09,02,09,042,090209042,EL JAGUA,2,POBLADO COMPLETO,1,2
09,02,09,043,090209043,EL JAGUITO,2,POBLADO COMPLETO,1,2
09,02,09,044,090209044,EL PAPELILLO,2,POBLADO COMPLETO,1,2
09,02,09,049,090209049,GRANJA ACIV,2,POBLADO COMPLETO,2,2
09,02,09,050,090209050,LOS CASTRICOS,2,POBLADO COMPLETO,1,2
09,02,09,051,090209051,QUEBRADA AMARILLA,2,POBLADO COMPLETO,1,2
09,02,09,052,090209052,VIENTO ARRIBA,3,POBLADO PARTE,1,2
09,02,09,053,090209053,ALTO DEL PLATANAL,2,POBLADO COMPLETO,1,2
09,02,09,054,090209054,BAJO LAS OLLAS,2,POBLADO COMPLETO,1,2
09,02,09,055,090209055,PLATANALES,2,POBLADO COMPLETO,2,2
09,02,10,001,090210001,CICUARO,2,POBLADO COMPLETO,1,2
09,02,10,002,090210002,COCOBO ABAJO,2,POBLADO COMPLETO,1,2
09,02,10,003,090210003,COROTÚ,2,POBLADO COMPLETO,1,2
09,02,10,004,090210004,CORRALILLO,2,POBLADO COMPLETO,1,2
09,02,10,005,090210005,EL BALSO,2,POBLADO COMPLETO,1,2
09,02,10,006,090210006,EL BALITA,2,POBLADO COMPLETO,1,2
09,02,10,007,090210007,EL COROZO,2,POBLADO COMPLETO,1,2
09,02,10,010,090210010,LAS JIMÉNEZ,2,POBLADO COMPLETO,1,2
09,02,10,011,090210011,LAS GUÍAS ABAJO,1,CABECERA,1,2
09,02,10,012,090210012,LAS GUÍAS ARRIBA,2,POBLADO COMPLETO,1,2
09,02,10,013,090210013,LA CANDELARIA,2,POBLADO COMPLETO,1,2
09,02,10,014,090210014,LA PALMA,2,POBLADO COMPLETO,1,2
09,02,10,015,090210015,LA PUENTE,2,POBLADO COMPLETO,1,2
09,02,10,016,090210016,LAS MINAS,2,POBLADO COMPLETO,1,2
09,02,10,017,090210017,LAS TRANQUILLAS,2,POBLADO COMPLETO,1,2
09,02,10,019,090210019,LLANO COLORADO,2,POBLADO COMPLETO,1,2
09,02,10,020,090210020,MAIZÓN,2,POBLADO COMPLETO,1,2
09,02,10,021,090210021,MATA PALO,2,POBLADO COMPLETO,1,2
09,02,10,022,090210022,PEREQUE,2,POBLADO COMPLETO,1,2
09,02,10,023,090210023,LA LLOROSA O EL ENCANTO,2,POBLADO COMPLETO,1,2
09,02,10,024,090210024,TONOSÍ,2,POBLADO COMPLETO,1,2
09,02,10,025,090210025,EL BAJO,2,POBLADO COMPLETO,1,2
09,02,10,027,090210027,EL FONDO,3,POBLADO PARTE,1,2
09,02,10,028,090210028,FINCA COCOBO,2,POBLADO COMPLETO,1,2
09,02,11,001,090211001,ALTO LIMÓN,2,POBLADO COMPLETO,1,2
09,02,11,003,090211003,CAÑA BRAVA,2,POBLADO COMPLETO,1,2
09,02,11,004,090211004,CARABAJAL,2,POBLADO COMPLETO,1,2
09,02,11,005,090211005,CERRO PELADO,2,POBLADO COMPLETO,1,2
09,02,11,006,090211006,CHANCONA,2,POBLADO COMPLETO,1,2
09,02,11,007,090211007,EL ALGARROBO No.1,2,POBLADO COMPLETO,1,2
09,02,11,008,090211008,EL CACIQUE,2,POBLADO COMPLETO,1,2
09,02,11,009,090211009,EL CHARCO,2,POBLADO COMPLETO,1,2
09,02,11,010,090211010,EL GUABAL,2,POBLADO COMPLETO,1,2
09,02,11,011,090211011,EL HATO,2,POBLADO COMPLETO,1,2
09,02,11,014,090211014,GARABATILLO,2,POBLADO COMPLETO,1,2
09,02,11,015,090211015,HONDURAS,2,POBLADO COMPLETO,1,2
09,02,11,016,090211016,LAS MAURICIAS,2,POBLADO COMPLETO,2,2
09,02,11,017,090211017,LAS MESILLAS,2,POBLADO COMPLETO,1,2
09,02,11,018,090211018,LAS MINAS,2,POBLADO COMPLETO,1,2
09,02,11,019,090211019,LAS PALMITAS,2,POBLADO COMPLETO,1,2
09,02,11,020,090211020,MONJARÁS,1,CABECERA,1,2
09,02,11,021,090211021,TIERRA CERNIDA,2,POBLADO COMPLETO,1,2
09,02,11,022,090211022,LOS ALGARROBOS,2,POBLADO COMPLETO,1,2
09,02,11,023,090211023,LA CUCHILLA,2,POBLADO COMPLETO,1,2
09,02,11,024,090211024,BARRANCA MALA,2,POBLADO COMPLETO,1,2
09,02,11,025,090211025,LA PLACITA,2,POBLADO COMPLETO,1,2
09,02,11,027,090211027,EL ALGARROBO No.2,2,POBLADO COMPLETO,1,2
09,02,11,028,090211028,GUAYABITO,3,POBLADO PARTE,1,2
09,02,11,029,090211029,MANZANILLO,3,POBLADO PARTE,1,2
09,02,11,030,090211030,NARANJALES,3,POBLADO PARTE,1,2
09,02,12,001,090212001,EL BALITA No.1,2,POBLADO COMPLETO,1,2
09,02,12,002,090212002,BARRANCO,2,POBLADO COMPLETO,1,2
09,02,12,003,090212003,CAPIRA,2,POBLADO COMPLETO,1,2
09,02,12,005,090212005,EL CASTILLO,2,POBLADO COMPLETO,1,2
09,02,12,007,090212007,EL COPÉ,2,POBLADO COMPLETO,1,2
09,02,12,008,090212008,CHARRASLEO,2,POBLADO COMPLETO,1,2
09,02,12,009,090212009,ESCOBAL,2,POBLADO COMPLETO,1,2
09,02,12,010,090212010,EL GUÁSIMO,2,POBLADO COMPLETO,1,2
09,02,12,011,090212011,EL JAGUA,2,POBLADO COMPLETO,1,2
09,02,12,012,090212012,EL PICACHO,2,POBLADO COMPLETO,1,2
09,02,12,015,090212015,LA GALLINAZA,2,POBLADO COMPLETO,1,2
09,02,12,017,090212017,LAS MANOS DEL PILÓN,2,POBLADO COMPLETO,1,2
09,02,12,018,090212018,EL NANCITO,2,POBLADO COMPLETO,1,2
09,02,12,019,090212019,LOS PANAMAITO,2,POBLADO COMPLETO,1,2
09,02,12,020,090212020,SABANETA,2,POBLADO COMPLETO,1,2
09,02,12,021,090212021,SAN JOSÉ,1,CABECERA,1,2
09,02,12,023,090212023,SABANETA DEL MEDIO,2,POBLADO COMPLETO,1,2
09,02,12,024,090212024,LA GOLONDRINA,2,POBLADO COMPLETO,1,2
09,02,12,025,090212025,LAS QUEBRADAS,2,POBLADO COMPLETO,1,2
09,02,12,027,090212027,OJITO DE AGUA,2,POBLADO COMPLETO,1,2
09,02,12,029,090212029,EL BALITA No.2,2,POBLADO COMPLETO,1,2
09,02,12,031,090212031,QUEBRADA GRANDE,2,POBLADO COMPLETO,1,2
09,02,12,032,090212032,EL CHARRO,2,POBLADO COMPLETO,1,2
09,03,01,001,090301001,AGUA VIVA No.1,2,POBLADO COMPLETO,1,2
09,03,01,004,090301004,ALTO IBALÁ,2,POBLADO COMPLETO,1,2
09,03,01,013,090301013,CAÑAZAS,1,CABECERA,1,1
09,03,01,016,090301016,CERRO VIEJO,2,POBLADO COMPLETO,1,2
09,03,01,017,090301017,AGUA VIVA No.2 O LOS MANGOS,2,POBLADO COMPLETO,1,2
09,03,01,022,090301022,EL CAIMITO,2,POBLADO COMPLETO,1,2
09,03,01,025,090301025,LOS HATILLOS DE CAÑAZAS,2,POBLADO COMPLETO,1,2
09,03,01,027,090301027,EL LIMÓN,2,POBLADO COMPLETO,1,2
09,03,01,037,090301037,LA HORQUETA,2,POBLADO COMPLETO,1,2
09,03,01,040,090301040,LA LIMA,2,POBLADO COMPLETO,1,2
09,03,01,042,090301042,LA PLATA,2,POBLADO COMPLETO,1,2
09,03,01,044,090301044,LA PINTADA,3,POBLADO PARTE,1,2
09,03,01,046,090301046,LA SABANETA,2,POBLADO COMPLETO,1,2
09,03,01,049,090301049,LOS GARCÍA,2,POBLADO COMPLETO,1,2
09,03,01,050,090301050,LAS HUACAS,3,POBLADO PARTE,1,2
09,03,01,051,090301051,LAS LAJITAS,2,POBLADO COMPLETO,1,2
09,03,01,054,090301054,LAS TRANCAS,2,POBLADO COMPLETO,1,2
09,03,01,058,090301058,LOS PEÑONES,2,POBLADO COMPLETO,1,2
09,03,01,071,090301071,LOS PLATANALES,2,POBLADO COMPLETO,1,2
09,03,01,076,090301076,RÍO CAÑAZAS,3,POBLADO PARTE,1,2
09,03,01,079,090301079,SAN JUAN,2,POBLADO COMPLETO,1,2
09,03,01,081,090301081,SANTA ROSA,2,POBLADO COMPLETO,1,2
09,03,01,086,090301086,BAJO LIMÓN,2,POBLADO COMPLETO,1,2
09,03,01,095,090301095,BAJO EL POSTE,3,POBLADO PARTE,1,2
09,03,01,096,090301096,LOS LLANITOS,2,POBLADO COMPLETO,1,2
09,03,01,097,090301097,LAS MESITAS,2,POBLADO COMPLETO,1,2
09,03,01,100,090301100,LOS RODRÍGUEZ,2,POBLADO COMPLETO,1,2
09,03,01,104,090301104,AGUACATILLO,2,POBLADO COMPLETO,1,2
09,03,01,107,090301107,LA CUCHILLA O LOS AMORES,2,POBLADO COMPLETO,1,2
09,03,01,108,090301108,LA LIMA ARRIBA,2,POBLADO COMPLETO,1,2
09,03,01,109,090301109,LOS SUREÑOS,2,POBLADO COMPLETO,1,2
09,03,01,110,090301110,QUEBRADA LA MINA,2,POBLADO COMPLETO,1,2
09,03,01,112,090301112,LOS CAMARENAS,2,POBLADO COMPLETO,1,2
09,03,01,113,090301113,LOS MUÑOCES,2,POBLADO COMPLETO,1,2
09,03,01,115,090301115,LA REPRESA,2,POBLADO COMPLETO,2,2
09,03,01,116,090301116,SAN ROQUE,2,POBLADO COMPLETO,1,2
09,03,02,005,090302005,ALTO DE LA CONCEPCIÓN,2,POBLADO COMPLETO,1,2
09,03,02,007,090302007,CALABRA,3,POBLADO PARTE,1,2
09,03,02,012,090302012,CERRO DE PLATA,1,CABECERA,1,2
09,03,02,015,090302015,CHARCO REDONDO,2,POBLADO COMPLETO,1,2
09,03,02,017,090302017,DOLEGA,2,POBLADO COMPLETO,1,2
09,03,02,024,090302024,EL COBRE,2,POBLADO COMPLETO,1,2
09,03,02,026,090302026,EL ENTREGADERO,2,POBLADO COMPLETO,1,2
09,03,02,027,090302027,EL ESPINO ARRIBA,3,POBLADO PARTE,1,2
09,03,02,028,090302028,EL FLOR,3,POBLADO PARTE,1,2
09,03,02,030,090302030,EL HATILLO,2,POBLADO COMPLETO,1,2
09,03,02,034,090302034,EL JAGUA,2,POBLADO COMPLETO,1,2
09,03,02,039,090302039,EL ROBLE,2,POBLADO COMPLETO,1,2
09,03,02,042,090302042,LA CONCEPCIÓN,2,POBLADO COMPLETO,1,2
09,03,02,044,090302044,LA MATA,3,POBLADO PARTE,1,2
09,03,02,047,090302047,LA TONGA,2,POBLADO COMPLETO,1,2
09,03,02,054,090302054,LLANO BONITO No.2,3,POBLADO PARTE,1,2
09,03,02,056,090302056,MONTE GRANDE,3,POBLADO PARTE,1,2
09,03,02,057,090302057,EL MURCIÉLAGO,3,POBLADO PARTE,1,2
09,03,02,069,090302069,EL HERVEDOR O EL COBRE,2,POBLADO COMPLETO,1,2
09,03,02,070,090302070,LAS MESITAS No.2,2,POBLADO COMPLETO,1,2
09,03,02,071,090302071,BARRIAL BLANCO,2,POBLADO COMPLETO,1,2
09,03,02,075,090302075,CAIMITO,2,POBLADO COMPLETO,1,2
09,03,02,076,090302076,BAJO DE LA CONCEPCIÓN,2,POBLADO COMPLETO,1,2
09,03,02,077,090302077,LOS MARTÍNEZ,2,POBLADO COMPLETO,1,2
09,03,02,078,090302078,GUABAL PONIENTE,3,POBLADO PARTE,1,2
09,03,02,079,090302079,EL MACANO,2,POBLADO COMPLETO,1,2
09,03,02,080,090302080,EL ESPINO ABAJO,2,POBLADO COMPLETO,1,2
09,03,02,081,090302081,LA MATILLA,2,POBLADO COMPLETO,1,2
09,03,02,082,090302082,LA PAVONA O LOS BONICHES,2,POBLADO COMPLETO,1,2
09,03,03,002,090303002,BOCLE,2,POBLADO COMPLETO,1,2
09,03,03,003,090303003,BUENA VISTA,2,POBLADO COMPLETO,1,2
09,03,03,004,090303004,CABECERA DE RÍO PIEDRA O LA LAGUNA,2,POBLADO COMPLETO,1,2
09,03,03,006,090303006,CAMPANA,2,POBLADO COMPLETO,1,2
09,03,03,009,090303009,CERRO PIPA,2,POBLADO COMPLETO,1,2
09,03,03,010,090303010,COTERAL,3,POBLADO PARTE,1,2
09,03,03,013,090303013,EL HATILLO,2,POBLADO COMPLETO,1,2
09,03,03,015,090303015,EL MACANITO,2,POBLADO COMPLETO,1,2
09,03,03,016,090303016,EL MANGAL,2,POBLADO COMPLETO,1,2
09,03,03,017,090303017,EL PICADOR,1,CABECERA,1,2
09,03,03,019,090303019,GUABITO,2,POBLADO COMPLETO,1,2
09,03,03,020,090303020,GUACAMAYA,3,POBLADO PARTE,1,2
09,03,03,021,090303021,LA CRUZ O LA PURÍSIMA ABAJO,2,POBLADO COMPLETO,1,2
09,03,03,022,090303022,LA GAITA,2,POBLADO COMPLETO,1,2
09,03,03,024,090303024,LA PURÍSIMA,2,POBLADO COMPLETO,1,2
09,03,03,025,090303025,LAJA MORADA O LAJITA MORADA,2,POBLADO COMPLETO,1,2
09,03,03,026,090303026,LAS MESILLAS,3,POBLADO PARTE,1,2
09,03,03,027,090303027,LEBACHE,2,POBLADO COMPLETO,1,2
09,03,03,029,090303029,LOMA DE LA CEBOLLA,2,POBLADO COMPLETO,1,2
09,03,03,030,090303030,LLANO BONITO,3,POBLADO PARTE,1,2
09,03,03,031,090303031,LLANO BONITO O LOS LLANITOS,2,POBLADO COMPLETO,1,2
09,03,03,032,090303032,LOS LLANITOS,2,POBLADO COMPLETO,1,2
09,03,03,033,090303033,NUESTRO AMO,2,POBLADO COMPLETO,1,2
09,03,03,035,090303035,PEDREGOSO,3,POBLADO PARTE,1,2
09,03,03,037,090303037,PIEDRA DE AGUA,3,POBLADO PARTE,1,2
09,03,03,038,090303038,PIEDRA DE AMOLAR,2,POBLADO COMPLETO,1,2
09,03,03,039,090303039,PIEDRAS GORDAS,2,POBLADO COMPLETO,1,2
09,03,03,043,090303043,QUEBRADA LLANA,2,POBLADO COMPLETO,1,2
09,03,03,044,090303044,QUEBRADA VENADO,2,POBLADO COMPLETO,1,2
09,03,03,045,090303045,RÍO CAÑAZAS,3,POBLADO PARTE,1,2
09,03,03,046,090303046,RIO PIEDRA,2,POBLADO COMPLETO,1,2
09,03,03,047,090303047,SAN JAVIER,2,POBLADO COMPLETO,1,2
09,03,03,048,090303048,TEBE,2,POBLADO COMPLETO,1,2
09,03,03,049,090303049,TIERRA CORTADA,2,POBLADO COMPLETO,1,2
09,03,03,050,090303050,LA LOMA DEL CHUMICO,2,POBLADO COMPLETO,1,2
09,03,03,051,090303051,LOS BORBONES,2,POBLADO COMPLETO,1,2
09,03,04,001,090304001,ALTO DE LAS MINAS,2,POBLADO COMPLETO,1,2
09,03,04,002,090304002,ALTO DE LOS PAJARITOS,2,POBLADO COMPLETO,1,2
09,03,04,003,090304003,BAJOS DE HIGUI,2,POBLADO COMPLETO,1,2
09,03,04,006,090304006,EL COMÚN,2,POBLADO COMPLETO,1,2
09,03,04,008,090304008,PEDREGAL,3,POBLADO PARTE,1,2
09,03,04,009,090304009,LOS LAJONES,2,POBLADO COMPLETO,1,2
09,03,04,011,090304011,LOS PILONES,2,POBLADO COMPLETO,1,2
09,03,04,012,090304012,LOS VALLES,4,CABECERA PARTE (Mixto),1,2
09,03,04,018,090304018,QUEBRADA LARGA,3,POBLADO PARTE,1,2
09,03,04,021,090304021,LOS GUARUMOS,3,POBLADO PARTE,1,2
09,03,04,024,090304024,LOS NARANJOS,2,POBLADO COMPLETO,1,2
09,03,04,025,090304025,COTERAL,3,POBLADO PARTE,1,2
09,03,04,027,090304027,LOS JIMÉNEZ,2,POBLADO COMPLETO,1,2
09,03,04,028,090304028,PAREDÓN ABAJO,3,POBLADO PARTE,1,2
09,03,05,001,090305001,AGUACATILLO,2,POBLADO COMPLETO,1,2
09,03,05,003,090305003,ALTO DE PALO VERDE,3,POBLADO PARTE,1,2
09,03,05,004,090305004,ALTO LA MINA,2,POBLADO COMPLETO,1,2
09,03,05,007,090305007,CERRO GORDO,2,POBLADO COMPLETO,1,2
09,03,05,008,090305008,CERRO SAN ANTONIO O LLANO BONITO No.2,2,POBLADO COMPLETO,1,2
09,03,05,009,090305009,CERRO TREMA,3,POBLADO PARTE,1,2
09,03,05,010,090305010,COCUYAL,2,POBLADO COMPLETO,1,2
09,03,05,011,090305011,EL BAJO,3,POBLADO PARTE,1,2
09,03,05,012,090305012,EL BÚHO,2,POBLADO COMPLETO,1,2
09,03,05,014,090305014,EL CASTILLITO,2,POBLADO COMPLETO,1,2
09,03,05,015,090305015,EL CASTILLO,2,POBLADO COMPLETO,1,2
09,03,05,016,090305016,EL COBRIZO,2,POBLADO COMPLETO,1,2
09,03,05,017,090305017,EL CONEJO,3,POBLADO PARTE,1,2
09,03,05,018,090305018,EL GAVILÁN,2,POBLADO COMPLETO,1,2
09,03,05,019,090305019,EL BARRERO O GUAYABAL No.1,3,POBLADO PARTE,1,2
09,03,05,020,090305020,EL HIGO,2,POBLADO COMPLETO,1,2
09,03,05,022,090305022,EL MANGUITO O EL MANGO O LOS MANGOS,2,POBLADO COMPLETO,1,2
09,03,05,023,090305023,EL MURCIÉLAGO,3,POBLADO PARTE,1,2
09,03,05,024,090305024,EL NANZAL,2,POBLADO COMPLETO,1,2
09,03,05,025,090305025,EL PERÚ,2,POBLADO COMPLETO,1,2
09,03,05,026,090305026,EL QUIRA,2,POBLADO COMPLETO,1,2
09,03,05,027,090305027,EL ROSARIO,3,POBLADO PARTE,1,2
09,03,05,028,090305028,HUACAS DEL PADRE,2,POBLADO COMPLETO,1,2
09,03,05,029,090305029,LA MATA,3,POBLADO PARTE,1,2
09,03,05,030,090305030,LA MISERICORDIA,3,POBLADO PARTE,1,2
09,03,05,031,090305031,LA PANDURA,2,POBLADO COMPLETO,1,2
09,03,05,032,090305032,LA VIGÍA,3,POBLADO PARTE,1,2
09,03,05,033,090305033,LAS MESITAS No.1,3,POBLADO PARTE,1,2
09,03,05,034,090305034,LOMA DEL NARANJO O LOS GUARUMOS,3,POBLADO PARTE,1,2
09,03,05,035,090305035,LLANO BONITO No.1,2,POBLADO COMPLETO,1,2
09,03,05,036,090305036,EL MARAÑÓN,3,POBLADO PARTE,1,2
09,03,05,037,090305037,MONTE GRANDE,3,POBLADO PARTE,1,2
09,03,05,038,090305038,MONTE SILENCIO,3,POBLADO PARTE,1,2
09,03,05,039,090305039,PASO REAL,2,POBLADO COMPLETO,1,2
09,03,05,042,090305042,SAN JOSÉ,1,CABECERA,1,2
09,03,05,043,090305043,SAN JUAN DE DIOS,2,POBLADO COMPLETO,1,2
09,03,05,045,090305045,ALTO EL MUDO,3,POBLADO PARTE,1,2
09,03,05,046,090305046,BAJO PALO VERDE,3,POBLADO PARTE,1,2
09,03,05,047,090305047,EL CEREZO,3,POBLADO PARTE,1,2
09,03,05,048,090305048,EL PILÓN,2,POBLADO COMPLETO,1,2
09,03,05,049,090305049,LA HORQUETA,2,POBLADO COMPLETO,1,2
09,03,05,050,090305050,QUEBRADA GRANDE,2,POBLADO COMPLETO,1,2
09,03,05,051,090305051,QUEBRADA LIMÓN O LA CHUERELA,3,POBLADO PARTE,1,2
09,03,05,053,090305053,SITIO CORTEZO,2,POBLADO COMPLETO,1,2
09,03,06,001,090306001,AGUA AMARILLA,2,POBLADO COMPLETO,1,2
09,03,06,002,090306002,AGUACATAL,2,POBLADO COMPLETO,1,2
09,03,06,006,090306006,EL BARRERILLO,2,POBLADO COMPLETO,1,2
09,03,06,007,090306007,BOCA DE CORITA,2,POBLADO COMPLETO,1,2
09,03,06,008,090306008,LOS CRUCES,2,POBLADO COMPLETO,1,2
09,03,06,010,090306010,CANCHA LARGA,2,POBLADO COMPLETO,1,2
09,03,06,013,090306013,CORITA DE LOS PÉREZ,2,POBLADO COMPLETO,1,2
09,03,06,014,090306014,ZAPOTAL No.1,2,POBLADO COMPLETO,1,2
09,03,06,018,090306018,EL JUNCAL,2,POBLADO COMPLETO,1,2
09,03,06,022,090306022,EL POLLO,2,POBLADO COMPLETO,1,2
09,03,06,023,090306023,EL POSTE,2,POBLADO COMPLETO,1,2
09,03,06,025,090306025,EL ROBLE,2,POBLADO COMPLETO,1,2
09,03,06,027,090306027,GUAYABAL,3,POBLADO PARTE,2,2
09,03,06,028,090306028,HORCONCITO,2,POBLADO COMPLETO,1,2
09,03,06,030,090306030,LA LIBERTAD,2,POBLADO COMPLETO,1,2
09,03,06,032,090306032,FILIPINAS,2,POBLADO COMPLETO,1,2
09,03,06,033,090306033,LAS HUACAS,3,POBLADO PARTE,1,2
09,03,06,037,090306037,LA MINITA,2,POBLADO COMPLETO,1,2
09,03,06,038,090306038,LOS AGUILARES,2,POBLADO COMPLETO,1,2
09,03,06,040,090306040,LOS HERNÁNDEZ,2,POBLADO COMPLETO,1,2
09,03,06,043,090306043,LLANO LAS VARAS,2,POBLADO COMPLETO,1,2
09,03,06,044,090306044,LLANO EL BAJO,2,POBLADO COMPLETO,1,2
09,03,06,045,090306045,LLANO GRANDE,2,POBLADO COMPLETO,1,2
09,03,06,047,090306047,PALO VERDE,3,POBLADO PARTE,1,2
09,03,06,049,090306049,POCRÍ,2,POBLADO COMPLETO,1,2
09,03,06,050,090306050,QUEBRADA RICA,2,POBLADO COMPLETO,1,2
09,03,06,052,090306052,SAN MARCELO,1,CABECERA,1,2
09,03,06,062,090306062,FINCA OTERO,2,POBLADO COMPLETO,1,2
09,03,06,064,090306064,BAJO EL POSTE,3,POBLADO PARTE,1,2
09,03,06,065,090306065,EL BANQUILLO,2,POBLADO COMPLETO,1,2
09,03,06,066,090306066,EL PICACHO,2,POBLADO COMPLETO,1,2
09,03,06,067,090306067,GUABAL SALIENTE,3,POBLADO PARTE,1,2
09,03,06,068,090306068,ALTO DE LOS SÁNCHEZ,3,POBLADO PARTE,1,2
09,03,07,001,090307001,ALTO DE LAS VARAS,2,POBLADO COMPLETO,1,2
09,03,07,002,090307002,ALTO DEL CRISTO,2,POBLADO COMPLETO,1,2
09,03,07,003,090307003,BOCA DE LA MONA,2,POBLADO COMPLETO,1,2
09,03,07,004,090307004,EL AROMILLO,1,CABECERA,1,2
09,03,07,005,090307005,LOS CANILLOS,2,POBLADO COMPLETO,1,2
09,03,07,006,090307006,EL CEIBAL,2,POBLADO COMPLETO,1,2
09,03,07,007,090307007,EL COMUNCITO,2,POBLADO COMPLETO,1,2
09,03,07,008,090307008,EL CORRAL,2,POBLADO COMPLETO,1,2
09,03,07,009,090307009,EL HACHA,2,POBLADO COMPLETO,1,2
09,03,07,010,090307010,EL LIMÓN,2,POBLADO COMPLETO,1,2
09,03,07,011,090307011,EL PALMAR,2,POBLADO COMPLETO,1,2
09,03,07,012,090307012,GUABAL SALIENTE,3,POBLADO PARTE,1,2
09,03,07,013,090307013,LA TORONJA O LOS GONZÁLEZ,2,POBLADO COMPLETO,1,2
09,03,07,015,090307015,LAS LAJILLAS,2,POBLADO COMPLETO,1,2
09,03,07,016,090307016,LAS LAJITAS,2,POBLADO COMPLETO,1,2
09,03,07,017,090307017,LAS MINITAS,2,POBLADO COMPLETO,1,2
09,03,07,018,090307018,LOS AGUILARES,2,POBLADO COMPLETO,1,2
09,03,07,019,090307019,LOS BULTOS,2,POBLADO COMPLETO,1,2
09,03,07,020,090307020,LOS LLANITOS,2,POBLADO COMPLETO,1,2
09,03,07,021,090307021,LOS PANAMAES,2,POBLADO COMPLETO,1,2
09,03,07,022,090307022,PALMA REAL,2,POBLADO COMPLETO,1,2
09,03,07,023,090307023,EL RANERO,2,POBLADO COMPLETO,1,2
09,03,07,024,090307024,RATÓN,2,POBLADO COMPLETO,1,2
09,03,07,025,090307025,TOLECILLO,2,POBLADO COMPLETO,1,2
09,03,07,026,090307026,TRANQUILLA,2,POBLADO COMPLETO,1,2
09,03,07,027,090307027,TRANQUILLA DEL GUABAL,2,POBLADO COMPLETO,1,2
09,03,07,028,090307028,VENTORRILLO,2,POBLADO COMPLETO,1,2
09,03,07,029,090307029,ZAPOTAL,2,POBLADO COMPLETO,1,2
09,03,07,030,090307030,OJO DE AGUA,2,POBLADO COMPLETO,1,2
09,03,07,031,090307031,CEIBAL ABAJO,2,POBLADO COMPLETO,1,2
09,03,08,001,090308001,EL ALTO,2,POBLADO COMPLETO,1,2
09,03,08,002,090308002,EL BLANDITO,2,POBLADO COMPLETO,1,2
09,03,08,003,090308003,EL CORTEZO,3,POBLADO PARTE,1,2
09,03,08,004,090308004,EL ESPINO ARRIBA,3,POBLADO PARTE,1,2
09,03,08,005,090308005,EL FLOR,2,POBLADO COMPLETO,1,2
09,03,08,006,090308006,EL HIGUITO,3,POBLADO PARTE,1,2
09,03,08,007,090308007,EL ROMAN,2,POBLADO COMPLETO,1,2
09,03,08,008,090308008,EL TIGRILLO,2,POBLADO COMPLETO,1,2
09,03,08,009,090308009,GUABAL ARRIBA,2,POBLADO COMPLETO,1,2
09,03,08,010,090308010,GUABAL PONIENTE,3,POBLADO PARTE,1,2
09,03,08,012,090308012,LAS CRUCES,1,CABECERA,1,2
09,03,08,013,090308013,LLANO HONDO,2,POBLADO COMPLETO,1,2
09,03,08,014,090308014,LOS GONZÁLEZ,2,POBLADO COMPLETO,1,2
09,03,08,015,090308015,LOS MANGOS,2,POBLADO COMPLETO,1,2
09,03,08,016,090308016,LOS MORALES,2,POBLADO COMPLETO,1,2
09,03,08,017,090308017,PAN DE AZÚCAR,2,POBLADO COMPLETO,1,2
09,03,08,018,090308018,PICACHO,2,POBLADO COMPLETO,1,2
09,03,08,019,090308019,SAN JUAN DE DIOS,2,POBLADO COMPLETO,1,2
09,03,08,020,090308020,VIRIGÜA,2,POBLADO COMPLETO,1,2
09,03,08,021,090308021,YUCA AMARILLA,2,POBLADO COMPLETO,1,2
09,03,08,022,090308022,EL MARAÑÓN,3,POBLADO PARTE,1,2
09,04,01,002,090401002,ASIENTO BONITO O LOS MANGUITOS,3,POBLADO PARTE,1,2
09,04,01,003,090401003,BELLA VISTA,2,POBLADO COMPLETO,1,2
09,04,01,004,090401004,LA BOCA DE LOS RÍOS,2,POBLADO COMPLETO,1,2
09,04,01,006,090401006,CANTO DEL LLANO,2,POBLADO COMPLETO,1,2
09,04,01,008,090401008,COROZAL,2,POBLADO COMPLETO,1,2
09,04,01,010,090401010,CHUMICAL O EL CHUMICAL,2,POBLADO COMPLETO,1,2
09,04,01,012,090401012,EL CUARTILLO,3,POBLADO PARTE,1,2
09,04,01,014,090401014,EL GUABINO,2,POBLADO COMPLETO,1,2
09,04,01,015,090401015,LA CHARCONA O EL HATO,3,POBLADO PARTE,1,2
09,04,01,016,090401016,EL LIMÓN,2,POBLADO COMPLETO,2,2
09,04,01,019,090401019,EL OTRO LADO,2,POBLADO COMPLETO,1,2
09,04,01,020,090401020,EL PIRO,2,POBLADO COMPLETO,1,2
09,04,01,023,090401023,LA BARTOLA,2,POBLADO COMPLETO,1,2
09,04,01,024,090401024,LA BUENA ESPERANZA,2,POBLADO COMPLETO,1,2
09,04,01,025,090401025,LA CHUITA,3,POBLADO PARTE,1,2
09,04,01,028,090401028,LA MESA,1,CABECERA,1,1
09,04,01,030,090401030,LA TRINIDAD,2,POBLADO COMPLETO,1,2
09,04,01,031,090401031,LAS ÁNIMAS,2,POBLADO COMPLETO,1,2
09,04,01,032,090401032,LOS BARRÍA,2,POBLADO COMPLETO,1,2
09,04,01,034,090401034,LOS GONZÁLEZ,2,POBLADO COMPLETO,1,2
09,04,01,036,090401036,LOS SOLÍCES,2,POBLADO COMPLETO,1,2
09,04,01,037,090401037,LLANO BONITO,2,POBLADO COMPLETO,1,2
09,04,01,039,090401039,MONTE GRANDE,2,POBLADO COMPLETO,1,2
09,04,01,042,090401042,PALMA REAL,2,POBLADO COMPLETO,1,2
09,04,01,043,090401043,PALOMARES,2,POBLADO COMPLETO,1,2
09,04,01,047,090401047,RINCÓN LARGO,2,POBLADO COMPLETO,1,2
09,04,01,050,090401050,SANTA CATALINA,2,POBLADO COMPLETO,1,2
09,04,01,052,090401052,SAN PEDRITO,2,POBLADO COMPLETO,1,2
09,04,01,053,090401053,CUTUBI,2,POBLADO COMPLETO,1,2
09,04,01,054,090401054,LA PITA,2,POBLADO COMPLETO,1,2
09,04,01,055,090401055,ALTO DE LA MONTAÑA,2,POBLADO COMPLETO,1,2
09,04,01,056,090401056,EL CARBÓN,2,POBLADO COMPLETO,1,2
09,04,01,057,090401057,QUEBRADA LAJAS,2,POBLADO COMPLETO,1,2
09,04,01,058,090401058,EL MACANO,2,POBLADO COMPLETO,1,2
09,04,01,062,090401062,PIEDRA REDONDA,2,POBLADO COMPLETO,1,2
09,04,01,063,090401063,EL BOLSICO,3,POBLADO PARTE,1,2
09,04,01,064,090401064,CERRO REDONDO,3,POBLADO PARTE,1,2
09,04,01,067,090401067,EL COCO,2,POBLADO COMPLETO,1,2
09,04,01,068,090401068,LOS BRAVOS,2,POBLADO COMPLETO,1,2
09,04,01,070,090401070,LOS PÉREZ,2,POBLADO COMPLETO,2,2
09,04,01,071,090401071,MEDIANIA,2,POBLADO COMPLETO,1,2
09,04,01,073,090401073,PIEDRA HINCADA,2,POBLADO COMPLETO,1,2
09,04,01,077,090401077,LOS ARENAS,2,POBLADO COMPLETO,1,2
09,04,01,078,090401078,LA MONTAÑA O LA MONTAÑA ARRIBA,3,POBLADO PARTE,1,2
09,04,01,081,090401081,LLANO DEL PADRE,3,POBLADO PARTE,1,2
09,04,01,082,090401082,SABANETA DE LA MONTAÑA,2,POBLADO COMPLETO,1,2
09,04,01,083,090401083,CABECERA DE QUEBRADA LAJAS,2,POBLADO COMPLETO,1,2
09,04,01,085,090401085,FINCA EL GAVILÁN,2,POBLADO COMPLETO,1,2
09,04,01,086,090401086,FINCA TORRES,2,POBLADO COMPLETO,1,2
09,04,01,087,090401087,EL PEDREGOSO,2,POBLADO COMPLETO,1,2
09,04,01,088,090401088,FINCA SAN LORENZO,2,POBLADO COMPLETO,1,2
09,04,01,089,090401089,BARRIADA VIRGEN DE GUADALUPE,2,POBLADO COMPLETO,1,2
09,04,02,002,090402002,BISVALLES,1,CABECERA,1,2
09,04,02,003,090402003,CAIMITAL No.1,2,POBLADO COMPLETO,1,2
09,04,02,004,090402004,CARLINA,2,POBLADO COMPLETO,2,2
09,04,02,005,090402005,CERRO REDONDO,3,POBLADO PARTE,1,2
09,04,02,006,090402006,CORTADERAL,2,POBLADO COMPLETO,1,2
09,04,02,008,090402008,ALTO DEL JOBO,2,POBLADO COMPLETO,1,2
09,04,02,009,090402009,ALTO DEL LLANÓN,2,POBLADO COMPLETO,1,2
09,04,02,010,090402010,EL PERÚ,2,POBLADO COMPLETO,1,2
09,04,02,011,090402011,EL SALTO DE SUBI,2,POBLADO COMPLETO,1,2
09,04,02,012,090402012,LA BONIA,2,POBLADO COMPLETO,1,2
09,04,02,014,090402014,LA GLORIA,2,POBLADO COMPLETO,2,2
09,04,02,015,090402015,EL PEDREGOSO,2,POBLADO COMPLETO,1,2
09,04,02,016,090402016,LA PINTADA,2,POBLADO COMPLETO,1,2
09,04,02,017,090402017,LAS HUACAS,2,POBLADO COMPLETO,1,2
09,04,02,018,090402018,LOS LLANITOS,2,POBLADO COMPLETO,1,2
09,04,02,019,090402019,LOS MÉNDEZ,2,POBLADO COMPLETO,1,2
09,04,02,020,090402020,LOS MENDOZAS No.1,2,POBLADO COMPLETO,1,2
09,04,02,021,090402021,LOS MENDOZAS No.2,2,POBLADO COMPLETO,1,2
09,04,02,022,090402022,LOS RÍOS,2,POBLADO COMPLETO,1,2
09,04,02,024,090402024,ALTO DE LOS SÁNCHEZ,3,POBLADO PARTE,1,2
09,04,02,025,090402025,LOS VALDESES,2,POBLADO COMPLETO,1,2
09,04,02,026,090402026,LLANO DE LA CRUZ,2,POBLADO COMPLETO,1,2
09,04,02,027,090402027,LLANO DEL PADRE,3,POBLADO PARTE,1,2
09,04,02,028,090402028,MADROÑAL,2,POBLADO COMPLETO,1,2
09,04,02,029,090402029,PEÑONCILLO,2,POBLADO COMPLETO,1,2
09,04,02,030,090402030,LOS PILONES,2,POBLADO COMPLETO,1,2
09,04,02,031,090402031,PORTOBELO,2,POBLADO COMPLETO,1,2
09,04,02,032,090402032,PUEBLO VIEJO,2,POBLADO COMPLETO,1,2
09,04,02,033,090402033,SAN PEDRITO,2,POBLADO COMPLETO,1,2
09,04,02,034,090402034,SUBI,2,POBLADO COMPLETO,1,2
09,04,02,035,090402035,TIERRA BLANCA,2,POBLADO COMPLETO,1,2
09,04,02,036,090402036,NANZAL,2,POBLADO COMPLETO,1,2
09,04,02,038,090402038,SAN PABLO,2,POBLADO COMPLETO,1,2
09,04,02,039,090402039,LA CHUITA,3,POBLADO PARTE,1,2
09,04,02,040,090402040,CAIMITAL No.2,2,POBLADO COMPLETO,1,2
09,04,02,044,090402044,FINCA CAÑA BLANCA,2,POBLADO COMPLETO,1,2
09,04,02,045,090402045,EL LLANÓN,2,POBLADO COMPLETO,1,2
09,04,02,047,090402047,LA PINTADA,3,POBLADO PARTE,1,2
09,04,02,048,090402048,PARAÍSO,2,POBLADO COMPLETO,1,2
09,04,02,050,090402050,HONDURAS,2,POBLADO COMPLETO,1,2
09,04,02,051,090402051,ASIENTO BONITO O LOS MANGUITOS,3,POBLADO PARTE,1,2
09,04,02,052,090402052,MONTERREY,2,POBLADO COMPLETO,1,2
09,04,02,053,090402053,PALO VERDE,3,POBLADO PARTE,1,2
09,04,03,001,090403001,ALTO BORÓ,3,POBLADO PARTE,1,2
09,04,03,002,090403002,ALTO DE LOS PÉREZ,2,POBLADO COMPLETO,1,2
09,04,03,003,090403003,EL BARRERO,2,POBLADO COMPLETO,1,2
09,04,03,004,090403004,BORÓ,1,CABECERA,1,2
09,04,03,007,090403007,COROZAL,2,POBLADO COMPLETO,1,2
09,04,03,008,090403008,ALTO GUNZAL,2,POBLADO COMPLETO,1,2
09,04,03,010,090403010,EL BAJO,2,POBLADO COMPLETO,1,2
09,04,03,011,090403011,EL BARRITO,2,POBLADO COMPLETO,1,2
09,04,03,014,090403014,PICADOR,2,POBLADO COMPLETO,1,2
09,04,03,015,090403015,RINCÓN DE SAN PABLO,2,POBLADO COMPLETO,1,2
09,04,03,016,090403016,EL SALERO,2,POBLADO COMPLETO,1,2
09,04,03,017,090403017,EL ZAPATO,2,POBLADO COMPLETO,1,2
09,04,03,018,090403018,GUAYABAL,2,POBLADO COMPLETO,1,2
09,04,03,019,090403019,LA MONTAÑA DE LOS CASTILLOS,2,POBLADO COMPLETO,1,2
09,04,03,020,090403020,LA MONTAÑA DE BORÓ No.2,2,POBLADO COMPLETO,1,2
09,04,03,021,090403021,LA PIROZA,2,POBLADO COMPLETO,1,2
09,04,03,022,090403022,LAS HUACAS,2,POBLADO COMPLETO,1,2
09,04,03,023,090403023,LOS ÁBREGOS,2,POBLADO COMPLETO,1,2
09,04,03,024,090403024,BAJO SAN PABLO O LOS JIMÉNEZ,2,POBLADO COMPLETO,1,2
09,04,03,026,090403026,LOS MORALES,2,POBLADO COMPLETO,1,2
09,04,03,028,090403028,LOS PINEDA,2,POBLADO COMPLETO,1,2
09,04,03,029,090403029,LOS QUINTEROS,2,POBLADO COMPLETO,1,2
09,04,03,030,090403030,LOS RUÍCES,2,POBLADO COMPLETO,1,2
09,04,03,031,090403031,LLANO GRANDE,2,POBLADO COMPLETO,1,2
09,04,03,032,090403032,OLACA,2,POBLADO COMPLETO,1,2
09,04,03,033,090403033,PANDA O LA PANDA,2,POBLADO COMPLETO,1,2
09,04,03,035,090403035,EL PIÑAL No.1,3,POBLADO PARTE,1,2
09,04,03,036,090403036,SANTA RITA,2,POBLADO COMPLETO,1,2
09,04,03,037,090403037,EL QUIRA,2,POBLADO COMPLETO,1,2
09,04,03,038,090403038,LA PITA,2,POBLADO COMPLETO,1,2
09,04,03,039,090403039,EL JUNQUITO O LOS VÁSQUEZ,3,POBLADO PARTE,1,2
09,04,03,040,090403040,CERRO GIL,2,POBLADO COMPLETO,1,2
09,04,03,041,090403041,LOS GONZÁLEZ No.2,2,POBLADO COMPLETO,1,2
09,04,03,042,090403042,EL SALERO ABAJO,2,POBLADO COMPLETO,1,2
09,04,03,044,090403044,EL PEDREGOSO,2,POBLADO COMPLETO,1,2
09,04,04,001,090404001,BIJAGUAL,2,POBLADO COMPLETO,1,2
09,04,04,002,090404002,CHARCO NEGRO,2,POBLADO COMPLETO,1,2
09,04,04,006,090404006,EL GUABAL,2,POBLADO COMPLETO,1,2
09,04,04,008,090404008,LA LINA,2,POBLADO COMPLETO,1,2
09,04,04,009,090404009,LA MONTAÑA O LA MONTAÑA ARRIBA,3,POBLADO PARTE,1,2
09,04,04,012,090404012,LAS LOMAS,2,POBLADO COMPLETO,1,2
09,04,04,014,090404014,LOS SIANCAS,2,POBLADO COMPLETO,1,2
09,04,04,016,090404016,LOS RÍOS,2,POBLADO COMPLETO,1,2
09,04,04,017,090404017,LLANO GRANDE,1,CABECERA,1,2
09,04,04,019,090404019,PEDERNAL,2,POBLADO COMPLETO,1,2
09,04,04,021,090404021,EL BARRERO,2,POBLADO COMPLETO,1,2
09,04,04,022,090404022,EL RODEO,2,POBLADO COMPLETO,1,2
09,04,04,023,090404023,LA SABANETA DE LA MONTAÑA,2,POBLADO COMPLETO,1,2
09,04,04,025,090404025,EL AJÍ,2,POBLADO COMPLETO,1,2
09,04,04,026,090404026,LA PIFA,2,POBLADO COMPLETO,1,2
09,04,04,027,090404027,EL PINTO,2,POBLADO COMPLETO,1,2
09,04,04,028,090404028,LA MESITA O ALTO DE LA MESITA,2,POBLADO COMPLETO,2,2
09,04,04,029,090404029,LA MONTAÑA ABAJO,2,POBLADO COMPLETO,1,2
09,04,04,030,090404030,EL CHUTRE,2,POBLADO COMPLETO,1,2
09,04,04,031,090404031,FINCA MIS ESTRELLAS,2,POBLADO COMPLETO,1,2
09,04,04,032,090404032,PIEDRA CANDELA,2,POBLADO COMPLETO,1,2
09,04,04,033,090404033,EL BOLSICO,3,POBLADO PARTE,1,2
09,04,04,034,090404034,EL PICACHO,2,POBLADO COMPLETO,1,2
09,04,04,035,090404035,FINCA RINCÓN SECO,2,POBLADO COMPLETO,1,2
09,04,04,036,090404036,FINCA VIRZI,2,POBLADO COMPLETO,1,2
09,04,04,037,090404037,LOMA LARGA,2,POBLADO COMPLETO,1,2
09,04,05,001,090405001,AGUA VIVA,2,POBLADO COMPLETO,1,2
09,04,05,002,090405002,ALTO DE LA CRUZ,2,POBLADO COMPLETO,2,2
09,04,05,008,090405008,EL BARRERO,2,POBLADO COMPLETO,1,2
09,04,05,010,090405010,EL CAIMITO,3,POBLADO PARTE,1,2
09,04,05,018,090405018,SANTA CLARA,3,POBLADO PARTE,1,2
09,04,05,020,090405020,EL JUANÓN,2,POBLADO COMPLETO,1,2
09,04,05,021,090405021,EL LLANÓN,2,POBLADO COMPLETO,1,2
09,04,05,022,090405022,EL MATILLO,2,POBLADO COMPLETO,1,2
09,04,05,025,090405025,LA HUECA ABAJO,2,POBLADO COMPLETO,1,2
09,04,05,026,090405026,LA HUECA ARRIBA,2,POBLADO COMPLETO,1,2
09,04,05,032,090405032,LAS LÍAS,2,POBLADO COMPLETO,1,2
09,04,05,036,090405036,EL JUNQUITO O LOS VÁSQUEZ,3,POBLADO PARTE,1,2
09,04,05,037,090405037,LLANO LARGO,2,POBLADO COMPLETO,1,2
09,04,05,039,090405039,PAJA ARRANCADA,2,POBLADO COMPLETO,1,2
09,04,05,040,090405040,PASO REAL,2,POBLADO COMPLETO,1,2
09,04,05,044,090405044,QUEBRADA MEREGILDO,2,POBLADO COMPLETO,1,2
09,04,05,048,090405048,SAN BARTOLO,1,CABECERA,1,2
09,04,05,051,090405051,BARRO BLANCO,2,POBLADO COMPLETO,1,2
09,04,05,056,090405056,LA PIFA,2,POBLADO COMPLETO,1,2
09,04,05,058,090405058,LA PONUGA,2,POBLADO COMPLETO,1,2
09,04,06,001,090406001,CAÑA BRAVA,2,POBLADO COMPLETO,1,2
09,04,06,002,090406002,EL GAVILÁN,2,POBLADO COMPLETO,1,2
09,04,06,003,090406003,GUARUMAL,2,POBLADO COMPLETO,1,2
09,04,06,004,090406004,HACIENDA EL RODEO,2,POBLADO COMPLETO,1,2
09,04,06,005,090406005,LAS MATILLAS,2,POBLADO COMPLETO,1,2
09,04,06,006,090406006,LOS CASTILLOS,2,POBLADO COMPLETO,1,2
09,04,06,007,090406007,LOS FLORES,2,POBLADO COMPLETO,1,2
09,04,06,008,090406008,LOS LEONES,2,POBLADO COMPLETO,1,2
09,04,06,009,090406009,LOS ROSAS,2,POBLADO COMPLETO,1,2
09,04,06,010,090406010,MOSTRENCO,2,POBLADO COMPLETO,1,2
09,04,06,011,090406011,PALO ALTO,2,POBLADO COMPLETO,1,2
09,04,06,012,090406012,PASO REAL,2,POBLADO COMPLETO,1,2
09,04,06,013,090406013,EL RODEO,1,CABECERA,1,2
09,04,06,014,090406014,FINCA AGROGANADERA SAN PEDRO,2,POBLADO COMPLETO,1,2
09,04,06,015,090406015,FINCA GANADERA COCOBOLA,2,POBLADO COMPLETO,1,2
09,04,06,016,090406016,NUEVA JERUSALÉN,2,POBLADO COMPLETO,1,2
09,04,06,017,090406017,LOS CERROS,2,POBLADO COMPLETO,1,2
09,04,07,001,090407001,ALTO DE LA PAVONA,2,POBLADO COMPLETO,1,2
09,04,07,002,090407002,ALTO BORÓ,3,POBLADO PARTE,1,2
09,04,07,003,090407003,ALTOS DE LA PALMA,2,POBLADO COMPLETO,1,2
09,04,07,004,090407004,BAJO DEL COBRE O LOS CAMAÑOS,2,POBLADO COMPLETO,1,2
09,04,07,005,090407005,BALILLA,2,POBLADO COMPLETO,1,2
09,04,07,006,090407006,BALSINA O ZAPOTE,2,POBLADO COMPLETO,1,2
09,04,07,008,090407008,EL CAIMITO,3,POBLADO PARTE,1,2
09,04,07,009,090407009,EL CAÑAFISTULO,2,POBLADO COMPLETO,1,2
09,04,07,010,090407010,EL CAPACHO,2,POBLADO COMPLETO,1,2
09,04,07,011,090407011,EL CEDRAL,2,POBLADO COMPLETO,1,2
09,04,07,012,090407012,EL CHUMICAL,2,POBLADO COMPLETO,1,2
09,04,07,013,090407013,EL CIRUELO,2,POBLADO COMPLETO,2,2
09,04,07,014,090407014,EL COBRE,2,POBLADO COMPLETO,1,2
09,04,07,015,090407015,EL HIGO,1,CABECERA,1,2
09,04,07,016,090407016,EL HIGUERÓN,2,POBLADO COMPLETO,1,2
09,04,07,017,090407017,EL JUAN,2,POBLADO COMPLETO,1,2
09,04,07,018,090407018,HOJA DE TEÑIR,2,POBLADO COMPLETO,1,2
09,04,07,019,090407019,LAJILLA,2,POBLADO COMPLETO,1,2
09,04,07,020,090407020,LAS ÁNIMAS DE BORÓ,2,POBLADO COMPLETO,1,2
09,04,07,021,090407021,LAS PEÑITAS,2,POBLADO COMPLETO,1,2
09,04,07,022,090407022,LLANO BONITO,2,POBLADO COMPLETO,1,2
09,04,07,023,090407023,LOS JIMÉNEZ,2,POBLADO COMPLETO,1,2
09,04,07,024,090407024,MARAÑÓN,2,POBLADO COMPLETO,1,2
09,04,07,025,090407025,PUEBLO NUEVO,2,POBLADO COMPLETO,1,2
09,04,07,026,090407026,QUEBRADA LA PALMA O EL CRUCE DE CERRO PALMA,2,POBLADO COMPLETO,1,2
09,04,07,027,090407027,QUEBRADA LIMÓN,2,POBLADO COMPLETO,1,2
09,04,07,028,090407028,SANTA ANA O LOS QUINTEROS,2,POBLADO COMPLETO,1,2
09,04,07,029,090407029,SANTA CLARA,3,POBLADO PARTE,1,2
09,04,07,030,090407030,AGUA FRÍA,2,POBLADO COMPLETO,1,2
09,05,01,003,090501003,ALTO DE LAS MEJÍAS,2,POBLADO COMPLETO,1,2
09,05,01,005,090501005,BAJADA DE LA CRUZ,3,POBLADO PARTE,1,2
09,05,01,007,090501007,EL MAMEY,2,POBLADO COMPLETO,1,2
09,05,01,009,090501009,BOCA DEL MONTE,3,POBLADO PARTE,1,2
09,05,01,012,090501012,CAÑACILLAS,3,POBLADO PARTE,1,2
09,05,01,019,090501019,EL AGUACATE,2,POBLADO COMPLETO,1,2
09,05,01,020,090501020,BAJOS DE LOS CHOLITOS,3,POBLADO PARTE,1,2
09,05,01,022,090501022,EL ESPAVECITO,2,POBLADO COMPLETO,1,2
09,05,01,024,090501024,EL GUARUMO,2,POBLADO COMPLETO,1,2
09,05,01,029,090501029,EL PAVÓN,3,POBLADO PARTE,1,2
09,05,01,035,090501035,LA CANDELARIA,3,POBLADO PARTE,1,2
09,05,01,037,090501037,LA PEDREGOSA,3,POBLADO PARTE,1,2
09,05,01,039,090501039,LA TRINIDAD,3,POBLADO PARTE,1,2
09,05,01,040,090501040,LAS HUACAS,2,POBLADO COMPLETO,1,2
09,05,01,041,090501041,LAS LAJAS,2,POBLADO COMPLETO,1,2
09,05,01,043,090501043,LAS PALMAS,1,CABECERA,1,2
09,05,01,049,090501049,LLANO LARGO No.1,2,POBLADO COMPLETO,1,2
09,05,01,055,090501055,LOS GAITANES,2,POBLADO COMPLETO,1,2
09,05,01,078,090501078,ALTO DE LA YEGUA,2,POBLADO COMPLETO,1,2
09,05,01,079,090501079,LAS VEGAS,2,POBLADO COMPLETO,2,2
09,05,01,080,090501080,ALTO DE LA CRUZ,2,POBLADO COMPLETO,1,2
09,05,01,083,090501083,CABECERA DE AGUACATE,2,POBLADO COMPLETO,1,2
09,05,01,084,090501084,EL BARRERO O CABACERA DE BARRERO,2,POBLADO COMPLETO,1,2
09,05,01,085,090501085,EL JAGUA,2,POBLADO COMPLETO,1,2
09,05,01,086,090501086,QUEBRADA MARÍA,3,POBLADO PARTE,1,2
09,05,01,087,090501087,ALTO DE LAS MESITAS,3,POBLADO PARTE,1,2
09,05,01,089,090501089,LA SOLEDAD,3,POBLADO PARTE,1,2
09,05,02,001,090502001,ALTO DE QUEBRADA CONGA,2,POBLADO COMPLETO,1,2
09,05,02,002,090502002,ALTO DE LA ARENA,2,POBLADO COMPLETO,1,2
09,05,02,003,090502003,ALTO DE LA MINA,2,POBLADO COMPLETO,1,2
09,05,02,004,090502004,ALTO DE PACORAL,2,POBLADO COMPLETO,1,2
09,05,02,005,090502005,ARENA,2,POBLADO COMPLETO,1,2
09,05,02,008,090502008,BAJO DE LOS GONZÁLEZ,2,POBLADO COMPLETO,1,2
09,05,02,009,090502009,CABECERA DE ESCOBA,2,POBLADO COMPLETO,1,2
09,05,02,010,090502010,CABECERA DE QUEBRADA NARANJO,2,POBLADO COMPLETO,1,2
09,05,02,011,090502011,CABECERA DE LOS PILONES,2,POBLADO COMPLETO,1,2
09,05,02,012,090502012,CALABAZO,2,POBLADO COMPLETO,1,2
09,05,02,015,090502015,CAÑACILLAS,2,POBLADO COMPLETO,1,2
09,05,02,016,090502016,CAÑAZAL,3,POBLADO PARTE,1,2
09,05,02,017,090502017,CERRO AZUL,2,POBLADO COMPLETO,1,2
09,05,02,018,090502018,CERRO DE CASA No.1,2,POBLADO COMPLETO,1,2
09,05,02,019,090502019,CERRO DE MIEL,2,POBLADO COMPLETO,1,2
09,05,02,020,090502020,CERRO GATO,2,POBLADO COMPLETO,1,2
09,05,02,021,090502021,CERRO LA VACA,2,POBLADO COMPLETO,1,2
09,05,02,022,090502022,CHARCO DE LA CRUZ,2,POBLADO COMPLETO,1,2
09,05,02,023,090502023,CHIBRITAL,2,POBLADO COMPLETO,1,2
09,05,02,024,090502024,CHUTRA,2,POBLADO COMPLETO,1,2
09,05,02,025,090502025,EL CABIMA,2,POBLADO COMPLETO,1,2
09,05,02,026,090502026,EL GALGO,2,POBLADO COMPLETO,1,2
09,05,02,027,090502027,EL NARANJO No.1,3,POBLADO PARTE,1,2
09,05,02,028,090502028,EL PELÓN,2,POBLADO COMPLETO,1,2
09,05,02,030,090502030,EL ZANCUDO,3,POBLADO PARTE,1,2
09,05,02,032,090502032,GALÁPAGO,2,POBLADO COMPLETO,1,2
09,05,02,034,090502034,LA GRAMA,2,POBLADO COMPLETO,1,2
09,05,02,035,090502035,LA MALAGOTA,3,POBLADO PARTE,1,2
09,05,02,036,090502036,PALMILLA,3,POBLADO PARTE,1,2
09,05,02,037,090502037,LOS POTREROS,2,POBLADO COMPLETO,1,2
09,05,02,041,090502041,QUEBRADA CONGA,2,POBLADO COMPLETO,1,2
09,05,02,042,090502042,EL TIGRE,2,POBLADO COMPLETO,1,2
09,05,02,043,090502043,QUEBRADA GRANDE,2,POBLADO COMPLETO,1,2
09,05,02,044,090502044,QUEBRADA MARÍA,3,POBLADO PARTE,1,2
09,05,02,046,090502046,RAIZAL,2,POBLADO COMPLETO,1,2
09,05,02,047,090502047,TIERRA NEGRA,2,POBLADO COMPLETO,1,2
09,05,02,049,090502049,VIRALITO,2,POBLADO COMPLETO,1,2
09,05,02,050,090502050,ZAPIRINGO,2,POBLADO COMPLETO,1,2
09,05,02,051,090502051,ZAPOTE,2,POBLADO COMPLETO,1,2
09,05,02,052,090502052,EL MACANO,1,CABECERA,1,2
09,05,02,053,090502053,CERRO NEGRO,2,POBLADO COMPLETO,1,2
09,05,02,054,090502054,BAJO LIRÍ,2,POBLADO COMPLETO,1,2
09,05,02,056,090502056,LA SABANETA,2,POBLADO COMPLETO,1,2
09,05,02,057,090502057,CERRO VACA,2,POBLADO COMPLETO,1,2
09,05,02,058,090502058,BOCA DE LA ARENA,2,POBLADO COMPLETO,1,2
09,05,02,059,090502059,ALTO DE CHIBRITAL,2,POBLADO COMPLETO,1,2
09,05,02,060,090502060,CABECERA DE QUEBRADA CONGA,2,POBLADO COMPLETO,1,2
09,05,02,061,090502061,CERRO DE CASA No.2,2,POBLADO COMPLETO,1,2
09,05,02,062,090502062,LOS LEONES,2,POBLADO COMPLETO,1,2
09,05,02,063,090502063,PILONES,3,POBLADO PARTE,1,2
09,05,02,064,090502064,QUEBRADA NARANJO,2,POBLADO COMPLETO,1,2
09,05,02,065,090502065,SAN JOSÉ,3,POBLADO PARTE,1,2
09,05,02,066,090502066,TABASARÁ,2,POBLADO COMPLETO,1,2
09,05,02,067,090502067,LOS GONZÁLEZ,2,POBLADO COMPLETO,1,2
09,05,02,068,090502068,PEÑA BLANCA,3,POBLADO PARTE,1,2
09,05,02,070,090502070,BAJO TABASARÁ,2,POBLADO COMPLETO,1,2
09,05,03,001,090503001,BOCA DEL QUERQUE,2,POBLADO COMPLETO,1,2
09,05,03,002,090503002,COROZAL,1,CABECERA,1,2
09,05,03,003,090503003,EL BONGO,2,POBLADO COMPLETO,1,2
09,05,03,004,090503004,RECODO DEL MARÍA,2,POBLADO COMPLETO,1,2
09,05,03,005,090503005,EL CIRUELO,2,POBLADO COMPLETO,1,2
09,05,03,006,090503006,EL CHINCHORRO,2,POBLADO COMPLETO,1,2
09,05,03,007,090503007,EL GALLO,2,POBLADO COMPLETO,1,2
09,05,03,008,090503008,EL SALITRE,2,POBLADO COMPLETO,1,2
09,05,03,009,090503009,FARALLÓN,2,POBLADO COMPLETO,1,2
09,05,03,010,090503010,GUAYABAL,2,POBLADO COMPLETO,1,2
09,05,03,011,090503011,LA CANDELARIA,3,POBLADO PARTE,1,2
09,05,03,014,090503014,LLANO DE LOS MUERTOS,2,POBLADO COMPLETO,1,2
09,05,03,015,090503015,ORTIGA,2,POBLADO COMPLETO,1,2
09,05,03,016,090503016,QUEBRADA VENADO,2,POBLADO COMPLETO,1,2
09,05,03,017,090503017,QUERQUE,2,POBLADO COMPLETO,1,2
09,05,03,019,090503019,SEGUIDULE,2,POBLADO COMPLETO,1,2
09,05,03,020,090503020,LA VALENCIA,2,POBLADO COMPLETO,1,2
09,05,03,021,090503021,ALTO EL JOBO,2,POBLADO COMPLETO,1,2
09,05,03,022,090503022,BOCA DEL MONTE,3,POBLADO PARTE,1,2
09,05,03,023,090503023,EL MACHITO,2,POBLADO COMPLETO,1,2
09,05,03,024,090503024,RATONES,3,POBLADO PARTE,1,2
09,05,03,025,090503025,VALLE BONITO,2,POBLADO COMPLETO,1,2
09,05,04,001,090504001,GORGOJO,3,POBLADO PARTE,1,2
09,05,04,002,090504002,BUBICITO,3,POBLADO PARTE,1,2
09,05,04,003,090504003,CUESTA DE NOVILLOS,3,POBLADO PARTE,1,2
09,05,04,004,090504004,EL CAMARÓN,2,POBLADO COMPLETO,1,2
09,05,04,005,090504005,LOS COQUITOS,2,POBLADO COMPLETO,1,2
09,05,04,007,090504007,EL MACHITO,2,POBLADO COMPLETO,1,2
09,05,04,008,090504008,EL MACHO,2,POBLADO COMPLETO,1,2
09,05,04,009,090504009,EL MARÍA,1,CABECERA,1,2
09,05,04,010,090504010,EL MONO,3,POBLADO PARTE,1,2
09,05,04,011,090504011,FINCA EL NANZÓN O EL NANZAL,2,POBLADO COMPLETO,1,2
09,05,04,012,090504012,LOS NEGRITOS,2,POBLADO COMPLETO,1,2
09,05,04,013,090504013,EL PAVÓN,2,POBLADO COMPLETO,1,2
09,05,04,014,090504014,LA ARENA,2,POBLADO COMPLETO,1,2
09,05,04,017,090504017,LA PITA,3,POBLADO PARTE,1,2
09,05,04,018,090504018,BUBI ARRIBA O LA RISACUA,2,POBLADO COMPLETO,1,2
09,05,04,019,090504019,LA SABANETA,2,POBLADO COMPLETO,1,2
09,05,04,020,090504020,LAS BOQUILLAS,2,POBLADO COMPLETO,1,2
09,05,04,021,090504021,LOMA DE LA SILLA,2,POBLADO COMPLETO,1,2
09,05,04,022,090504022,LOMA DE LOS REYES,2,POBLADO COMPLETO,1,2
09,05,04,023,090504023,LOS ÁNGELES,2,POBLADO COMPLETO,1,2
09,05,04,025,090504025,TUANCLE ARRIBA,2,POBLADO COMPLETO,1,2
09,05,04,026,090504026,VIRULÍ,3,POBLADO PARTE,1,2
09,05,04,032,090504032,LOS POTREROS,2,POBLADO COMPLETO,1,2
09,05,04,033,090504033,FINCA EL MAYAL,2,POBLADO COMPLETO,1,2
09,05,04,034,090504034,ALTO LUCIRA,2,POBLADO COMPLETO,1,2
09,05,04,035,090504035,EL CONEJO,2,POBLADO COMPLETO,1,2
09,05,04,038,090504038,LA PAVA,2,POBLADO COMPLETO,1,2
09,05,04,039,090504039,BUBI,2,POBLADO COMPLETO,1,2
09,05,04,040,090504040,LA PIFA O LA LAGUNA O PIXVAE,2,POBLADO COMPLETO,1,2
09,05,04,042,090504042,RATONES,3,POBLADO PARTE,1,2
09,05,04,043,090504043,CABECERA DE VIRULÍ,2,POBLADO COMPLETO,1,2
09,05,04,044,090504044,CHARCO AZUL,3,POBLADO PARTE,1,2
09,05,04,045,090504045,SEGUIDULE,2,POBLADO COMPLETO,2,2
09,05,05,005,090505005,ALTO DE LOS RUÍCES,2,POBLADO COMPLETO,1,2
09,05,05,006,090505006,ALTO DEL PRADO,3,POBLADO PARTE,1,2
09,05,05,012,090505012,CAÑACILLAS,3,POBLADO PARTE,1,2
09,05,05,018,090505018,CERRO LORO,2,POBLADO COMPLETO,1,2
09,05,05,025,090505025,EL PEDREGOSO,2,POBLADO COMPLETO,1,2
09,05,05,035,090505035,EL PRADO,1,CABECERA,1,2
09,05,05,044,090505044,LIMÓN,3,POBLADO PARTE,1,2
09,05,05,045,090505045,LIMÓN SECO O NUEVO LIMÓN,3,POBLADO PARTE,1,2
09,05,05,046,090505046,LOMA DEL GUABO O LOS RUÍCES No.2,2,POBLADO COMPLETO,1,2
09,05,05,049,090505049,LOS BATISTAS,2,POBLADO COMPLETO,1,2
09,05,05,050,090505050,LOS GUABOS,3,POBLADO PARTE,1,2
09,05,05,056,090505056,LOS RUÍCES,2,POBLADO COMPLETO,1,2
09,05,05,061,090505061,PIEDRA AMARILLA,3,POBLADO PARTE,1,2
09,05,05,065,090505065,QUEBRADA EL PRADO O LOS MORALES,2,POBLADO COMPLETO,1,2
09,05,05,090,090505090,ENTRADERO DEL PRADO,2,POBLADO COMPLETO,1,2
09,05,05,091,090505091,EL GUABO,3,POBLADO PARTE,1,2
09,05,05,101,090505101,EL PICADOR,2,POBLADO COMPLETO,1,2
09,05,05,102,090505102,QUEBRADA DE JESÚS,3,POBLADO PARTE,1,2
09,05,05,103,090505103,ALTO DEL NARANJO,3,POBLADO PARTE,1,2
09,05,06,001,090506001,ALTO DEL PAN,2,POBLADO COMPLETO,1,2
09,05,06,002,090506002,REPARADERO O CERRO GIL No.2,2,POBLADO COMPLETO,1,2
09,05,06,004,090506004,BOCLE,2,POBLADO COMPLETO,1,2
09,05,06,005,090506005,ALTO CAIMITO,2,POBLADO COMPLETO,1,2
09,05,06,006,090506006,CAÑAFÍSTULO,2,POBLADO COMPLETO,1,2
09,05,06,007,090506007,CERRO CUCHILLO,2,POBLADO COMPLETO,1,2
09,05,06,008,090506008,CERRO GIL No.1,2,POBLADO COMPLETO,1,2
09,05,06,010,090506010,CERRO NEGRO,2,POBLADO COMPLETO,1,2
09,05,06,011,090506011,CERRO PAJAL,2,POBLADO COMPLETO,1,2
09,05,06,013,090506013,CHUMICAL,2,POBLADO COMPLETO,1,2
09,05,06,014,090506014,ALTO DE LOS MARTÍNEZ,2,POBLADO COMPLETO,1,2
09,05,06,015,090506015,EL BARRERO,2,POBLADO COMPLETO,1,2
09,05,06,017,090506017,EL CIRUELITO,2,POBLADO COMPLETO,1,2
09,05,06,018,090506018,EL GURE,2,POBLADO COMPLETO,1,2
09,05,06,019,090506019,EL HATO,2,POBLADO COMPLETO,1,2
09,05,06,020,090506020,EL JAGUA,2,POBLADO COMPLETO,1,2
09,05,06,021,090506021,EL NARANJO,3,POBLADO PARTE,1,2
09,05,06,023,090506023,EL PINO DEL COBRE,2,POBLADO COMPLETO,1,2
09,05,06,024,090506024,EL RINCÓN,1,CABECERA,1,2
09,05,06,025,090506025,COCUYAL No.2,2,POBLADO COMPLETO,1,2
09,05,06,026,090506026,LA PITA,2,POBLADO COMPLETO,1,2
09,05,06,027,090506027,LAS MESITAS,2,POBLADO COMPLETO,1,2
09,05,06,028,090506028,LLANO BONITO,2,POBLADO COMPLETO,1,2
09,05,06,029,090506029,LIMÓN SECO O NUEVO LIMÓN,3,POBLADO PARTE,1,2
09,05,06,030,090506030,QUEBRADA LEÓN O LOS LEONES,2,POBLADO COMPLETO,1,2
09,05,06,032,090506032,ARENAL,2,POBLADO COMPLETO,1,2
09,05,06,033,090506033,EL MADROÑO,2,POBLADO COMPLETO,1,2
09,05,06,034,090506034,CHARCO PESCAO,2,POBLADO COMPLETO,1,2
09,05,06,035,090506035,BAJO CAIMITO,2,POBLADO COMPLETO,1,2
09,05,06,036,090506036,LIMÓN,3,POBLADO PARTE,1,2
09,05,06,039,090506039,LOS MARTÍNEZ,2,POBLADO COMPLETO,1,2
09,05,06,042,090506042,BAJO HONDO,2,POBLADO COMPLETO,1,2
09,05,06,045,090506045,EL NARANJITO,2,POBLADO COMPLETO,1,2
09,05,06,046,090506046,LA PIÑA,2,POBLADO COMPLETO,1,2
09,05,06,047,090506047,LAS HUACAS,2,POBLADO COMPLETO,1,2
09,05,06,048,090506048,LOS PILONES,2,POBLADO COMPLETO,1,2
09,05,06,049,090506049,LOS VALDESES,2,POBLADO COMPLETO,1,2
09,05,06,050,090506050,CAIMITO CENTRO,2,POBLADO COMPLETO,1,2
09,05,06,051,090506051,EL AROMA,3,POBLADO PARTE,1,2
09,05,06,052,090506052,EL MARAÑÓN,2,POBLADO COMPLETO,1,2
09,05,06,053,090506053,PASO REAL,2,POBLADO COMPLETO,1,2
09,05,06,054,090506054,BAJO DEL COBRE,2,POBLADO COMPLETO,1,2
09,05,07,001,090507001,LOLÁ,1,CABECERA,1,2
09,05,07,002,090507002,ALTO FRESCO,2,POBLADO COMPLETO,1,2
09,05,07,003,090507003,BOCA DEL MONTE,2,POBLADO COMPLETO,1,2
09,05,07,006,090507006,GARNADERA,2,POBLADO COMPLETO,1,2
09,05,07,007,090507007,LA CAÑAZA,2,POBLADO COMPLETO,1,2
09,05,07,008,090507008,LA MARTA,2,POBLADO COMPLETO,1,2
09,05,07,009,090507009,LA MESETA,2,POBLADO COMPLETO,1,2
09,05,07,011,090507011,PIEDRA HINCADA O PETACA,2,POBLADO COMPLETO,1,2
09,05,07,013,090507013,SEGUIDUL,2,POBLADO COMPLETO,1,2
09,05,07,016,090507016,CUESTA DE NOVILLOS,3,POBLADO PARTE,1,2
09,05,07,017,090507017,SAN JOSÉ,3,POBLADO PARTE,1,2
09,05,07,020,090507020,CABECERA DEL RÍO JORONES,2,POBLADO COMPLETO,1,2
09,05,07,021,090507021,CERRO TAMBOR,2,POBLADO COMPLETO,1,2
09,05,07,022,090507022,LOMA DEL VENADO,2,POBLADO COMPLETO,1,2
09,05,08,002,090508002,BRAMONA DE LOVAINA,2,POBLADO COMPLETO,1,2
09,05,08,003,090508003,CABIMO DE LOVAINA,2,POBLADO COMPLETO,1,2
09,05,08,004,090508004,EL CERCADO DE LOVAINA,2,POBLADO COMPLETO,1,2
09,05,08,005,090508005,CORONILLOS DE LOVAINA,2,POBLADO COMPLETO,1,2
09,05,08,006,090508006,CHELELE DE LOVAINA,2,POBLADO COMPLETO,1,2
09,05,08,009,090508009,FILO DE LA AGUJA,2,POBLADO COMPLETO,1,2
09,05,08,010,090508010,LA AGUJA,2,POBLADO COMPLETO,1,2
09,05,08,011,090508011,ARENA,2,POBLADO COMPLETO,1,2
09,05,08,012,090508012,LA CALETA,2,POBLADO COMPLETO,1,2
09,05,08,014,090508014,LOS PAVOS DE LOVAINA,2,POBLADO COMPLETO,1,2
09,05,08,015,090508015,PAJARÓN,2,POBLADO COMPLETO,1,2
09,05,08,017,090508017,PIXVAE,1,CABECERA,1,2
09,05,08,018,090508018,PLAYA AZUL No.1,2,POBLADO COMPLETO,1,2
09,05,08,019,090508019,PLAYA AZUL No.2,2,POBLADO COMPLETO,1,2
09,05,08,021,090508021,PLAYA BRAVA,2,POBLADO COMPLETO,1,2
09,05,08,022,090508022,QUEBRADA BATEA DE LOVAINA,2,POBLADO COMPLETO,1,2
09,05,08,028,090508028,ROSARIO,2,POBLADO COMPLETO,1,2
09,05,08,029,090508029,ROSARITO,2,POBLADO COMPLETO,1,2
09,05,08,030,090508030,SANTA CRUZ,2,POBLADO COMPLETO,1,2
09,05,08,034,090508034,FILO DE LOS ACOSTA,2,POBLADO COMPLETO,1,2
09,05,08,039,090508039,NUEVO PIXVAE O CUARENTA BOLLOS,2,POBLADO COMPLETO,1,2
09,05,08,040,090508040,PAJARONCITO,2,POBLADO COMPLETO,1,2
09,05,08,041,090508041,PLAYA AZUL ARRIBA,2,POBLADO COMPLETO,1,2
09,05,09,002,090509002,BOBORE,2,POBLADO COMPLETO,1,2
09,05,09,004,090509004,BUBI,2,POBLADO COMPLETO,1,2
09,05,09,006,090509006,CERRO MONO,2,POBLADO COMPLETO,1,2
09,05,09,007,090509007,CHELELE,2,POBLADO COMPLETO,1,2
09,05,09,011,090509011,ALTO DEL SALADO O EL PINTO,2,POBLADO COMPLETO,1,2
09,05,09,013,090509013,EL TORNO,2,POBLADO COMPLETO,1,2
09,05,09,014,090509014,JORONES,2,POBLADO COMPLETO,1,2
09,05,09,016,090509016,LA ARENA,2,POBLADO COMPLETO,1,2
09,05,09,018,090509018,LA COROCITA,2,POBLADO COMPLETO,1,2
09,05,09,020,090509020,LA SEBASTIANA,2,POBLADO COMPLETO,1,2
09,05,09,021,090509021,MANICUDA,2,POBLADO COMPLETO,1,2
09,05,09,022,090509022,PEÑA BLANCA,3,POBLADO PARTE,1,2
09,05,09,023,090509023,PLATANARES,2,POBLADO COMPLETO,1,2
09,05,09,024,090509024,PUERTO VIDAL,1,CABECERA,1,2
09,05,09,026,090509026,SALITRE,2,POBLADO COMPLETO,2,2
09,05,09,027,090509027,TABASARÁ,2,POBLADO COMPLETO,1,2
09,05,09,028,090509028,VIRALITO,2,POBLADO COMPLETO,1,2
09,05,09,029,090509029,LA BRAMONA,2,POBLADO COMPLETO,1,2
09,05,09,032,090509032,LA BRAMONA ARRIBA,2,POBLADO COMPLETO,1,2
09,05,09,033,090509033,QUEBRADA CANOA O CANOA,2,POBLADO COMPLETO,1,2
09,05,09,034,090509034,PALENQUE,2,POBLADO COMPLETO,1,2
09,05,09,036,090509036,PILONES,3,POBLADO PARTE,1,2
09,05,09,038,090509038,ESCOBA,2,POBLADO COMPLETO,1,2
09,05,09,041,090509041,COLADOR,2,POBLADO COMPLETO,1,2
09,05,09,042,090509042,EL SALADO,2,POBLADO COMPLETO,1,2
09,05,09,044,090509044,ALTO LIMÓN,2,POBLADO COMPLETO,1,2
09,05,09,045,090509045,EL LIMÓN,2,POBLADO COMPLETO,1,2
09,05,09,046,090509046,DON BOSCO,2,POBLADO COMPLETO,1,2
09,05,10,002,090510002,BOCA DE QUEBRADA PIRO,2,POBLADO COMPLETO,1,2
09,05,10,005,090510005,EL JOBO,3,POBLADO PARTE,1,2
09,05,10,006,090510006,EL PEÑÓN,2,POBLADO COMPLETO,1,2
09,05,10,007,090510007,SAN MARTÍN DE PORRES,1,CABECERA,1,2
09,05,10,008,090510008,LA ISLETA,2,POBLADO COMPLETO,1,2
09,05,10,009,090510009,LA MESITA,2,POBLADO COMPLETO,1,2
09,05,10,010,090510010,LA TRINIDAD,3,POBLADO PARTE,1,2
09,05,10,011,090510011,OJO DE AGUA,3,POBLADO PARTE,1,2
09,05,10,012,090510012,PUEBLO NUEVO,2,POBLADO COMPLETO,1,2
09,05,10,013,090510013,QUEBRADA DE ORO,2,POBLADO COMPLETO,1,2
09,05,10,014,090510014,VIGUÍ ABAJO,2,POBLADO COMPLETO,1,2
09,05,10,015,090510015,SAN MARTÍN,2,POBLADO COMPLETO,1,2
09,05,10,016,090510016,LA MALAGOTA,3,POBLADO PARTE,1,2
09,05,11,001,090511001,ASIENTO BONITO,2,POBLADO COMPLETO,1,2
09,05,11,002,090511002,BAJO COBRE,2,POBLADO COMPLETO,1,2
09,05,11,004,090511004,BARRIGÓN,2,POBLADO COMPLETO,1,2
09,05,11,005,090511005,CABECERA DE QUEBRADA LA MONA,2,POBLADO COMPLETO,1,2
09,05,11,006,090511006,CERRO GRANDE,2,POBLADO COMPLETO,1,2
09,05,11,007,090511007,CERRO IGUANA,2,POBLADO COMPLETO,1,2
09,05,11,008,090511008,CERRO LAJA,2,POBLADO COMPLETO,1,2
09,05,11,009,090511009,CERRO NEGRO O PIEDRA NEGRA,2,POBLADO COMPLETO,1,2
09,05,11,010,090511010,EL AGUACATE,2,POBLADO COMPLETO,1,2
09,05,11,011,090511011,EL CAIMITO,2,POBLADO COMPLETO,1,2
09,05,11,012,090511012,EL CALIXTRO,2,POBLADO COMPLETO,1,2
09,05,11,013,090511013,EL CHUMICO,3,POBLADO PARTE,1,2
09,05,11,014,090511014,EL JAGUA,2,POBLADO COMPLETO,1,2
09,05,11,015,090511015,EL JOBO,2,POBLADO COMPLETO,1,2
09,05,11,016,090511016,EL MANGO,2,POBLADO COMPLETO,1,2
09,05,11,017,090511017,EL MARAÑÓN,2,POBLADO COMPLETO,1,2
09,05,11,019,090511019,LA CUCURUCHA,2,POBLADO COMPLETO,1,2
09,05,11,020,090511020,LA MONA,2,POBLADO COMPLETO,1,2
09,05,11,021,090511021,LOMA ALTA,2,POBLADO COMPLETO,1,2
09,05,11,022,090511022,LOS LLANITOS DEL COBRE,2,POBLADO COMPLETO,1,2
09,05,11,023,090511023,SAHUMERIO,2,POBLADO COMPLETO,1,2
09,05,11,024,090511024,VIGUÍ,1,CABECERA,1,2
09,05,11,025,090511025,EL HATO,2,POBLADO COMPLETO,1,2
09,05,11,026,090511026,EL HORCONCITO,2,POBLADO COMPLETO,1,2
09,05,11,028,090511028,SAN MARTÍN,2,POBLADO COMPLETO,1,2
09,05,12,002,090512002,BAJOS DEL PALMEÑO,2,POBLADO COMPLETO,1,2
09,05,12,003,090512003,BUBI,2,POBLADO COMPLETO,1,2
09,05,12,005,090512005,LA GUINEA,2,POBLADO COMPLETO,1,2
09,05,12,009,090512009,CUESTA DE NOVILLOS,3,POBLADO PARTE,1,2
09,05,12,010,090512010,CHUNGAL,2,POBLADO COMPLETO,1,2
09,05,12,011,090512011,EL CABIMO,2,POBLADO COMPLETO,1,2
09,05,12,012,090512012,EL GUAYABO,2,POBLADO COMPLETO,1,2
09,05,12,015,090512015,ESPALA ABAJO,2,POBLADO COMPLETO,1,2
09,05,12,016,090512016,ESPALA ARRIBA,2,POBLADO COMPLETO,1,2
09,05,12,017,090512017,LA BONGA,2,POBLADO COMPLETO,1,2
09,05,12,018,090512018,LA CALIXTRA,2,POBLADO COMPLETO,1,2
09,05,12,020,090512020,LA FALUA,2,POBLADO COMPLETO,1,2
09,05,12,023,090512023,LA MACHA O ZAPOTALITO,2,POBLADO COMPLETO,1,2
09,05,12,024,090512024,LA RUFINA,2,POBLADO COMPLETO,1,2
09,05,12,026,090512026,CABECERA DE CABIMALES,3,POBLADO PARTE,1,2
09,05,12,027,090512027,LAS MIELES,2,POBLADO COMPLETO,1,2
09,05,12,028,090512028,LOMA DE LA CRUZ,2,POBLADO COMPLETO,1,2
09,05,12,029,090512029,LOVAINA,2,POBLADO COMPLETO,1,2
09,05,12,030,090512030,MANICUDA O MANICUCA,2,POBLADO COMPLETO,1,2
09,05,12,031,090512031,MONO ZOCO,2,POBLADO COMPLETO,1,2
09,05,12,035,090512035,LA JACINTA,2,POBLADO COMPLETO,1,2
09,05,12,037,090512037,SITIO VIEJO,2,POBLADO COMPLETO,1,2
09,05,12,038,090512038,TABACAL ABAJO,2,POBLADO COMPLETO,1,2
09,05,12,039,090512039,TABACAL ARRIBA,2,POBLADO COMPLETO,1,2
09,05,12,040,090512040,VIRULÍ,3,POBLADO PARTE,1,2
09,05,12,041,090512041,ZAPOTAL,2,POBLADO COMPLETO,1,2
09,05,12,042,090512042,ZAPOTILLO,1,CABECERA,1,2
09,05,12,043,090512043,LA COCA,2,POBLADO COMPLETO,1,2
09,05,12,044,090512044,QUEBRADA DEL PUEBLO,2,POBLADO COMPLETO,1,2
09,05,12,045,090512045,ESPALA,2,POBLADO COMPLETO,1,2
09,05,12,047,090512047,FELIPE NAVARRO,2,POBLADO COMPLETO,1,2
09,05,12,048,090512048,CABECERA DE LA RUFINA,2,POBLADO COMPLETO,1,2
09,05,12,049,090512049,PALMEÑO DE LOVAINA,2,POBLADO COMPLETO,1,2
09,05,12,051,090512051,EL BARRERO,2,POBLADO COMPLETO,1,2
09,05,12,052,090512052,LA PITA,3,POBLADO PARTE,1,2
09,05,13,001,090513001,ALTO DE LA CATALINA,2,POBLADO COMPLETO,1,2
09,05,13,002,090513002,ALTO DEL QUIRA O EL QUIRA,2,POBLADO COMPLETO,1,2
09,05,13,003,090513003,BAJOS DE LOS CHOLITOS,3,POBLADO PARTE,1,2
09,05,13,004,090513004,BOQUETE,2,POBLADO COMPLETO,1,2
09,05,13,005,090513005,CAMPANA,1,CABECERA,1,2
09,05,13,007,090513007,CATALINA,2,POBLADO COMPLETO,1,2
09,05,13,008,090513008,CERRO COCINA VIEJA,2,POBLADO COMPLETO,1,2
09,05,13,009,090513009,COCUYAL,2,POBLADO COMPLETO,1,2
09,05,13,010,090513010,CONGAL,2,POBLADO COMPLETO,1,2
09,05,13,011,090513011,EL AROMA,3,POBLADO PARTE,1,2
09,05,13,012,090513012,EL BARRO,2,POBLADO COMPLETO,1,2
09,05,13,013,090513013,EL GUAYABO,2,POBLADO COMPLETO,1,2
09,05,13,015,090513015,EL MARAÑÓN DE CAMPANA,2,POBLADO COMPLETO,1,2
09,05,13,016,090513016,EL NARANJO,3,POBLADO PARTE,1,2
09,05,13,017,090513017,EL FARALLÓN,2,POBLADO COMPLETO,1,2
09,05,13,018,090513018,HATO VIEJO,2,POBLADO COMPLETO,1,2
09,05,13,019,090513019,LA PEDREGOSA,3,POBLADO PARTE,1,2
09,05,13,020,090513020,LA SOLEDAD,3,POBLADO PARTE,1,2
09,05,13,021,090513021,LA TEMBLADERA,2,POBLADO COMPLETO,1,2
09,05,13,022,090513022,LAJITA MORADA,2,POBLADO COMPLETO,1,2
09,05,13,023,090513023,LAS MENDOZAS O LIRÍ ABAJO,2,POBLADO COMPLETO,1,2
09,05,13,024,090513024,LLANO LARGO No.2,2,POBLADO COMPLETO,1,2
09,05,13,025,090513025,LOS LLANITOS,2,POBLADO COMPLETO,1,2
09,05,13,026,090513026,MANZANILLO,2,POBLADO COMPLETO,1,2
09,05,13,027,090513027,MATA REDONDA,2,POBLADO COMPLETO,1,2
09,05,13,028,090513028,PIEDRA AMARILLA,2,POBLADO COMPLETO,1,2
09,05,13,029,090513029,PIEDRA CANDELA,2,POBLADO COMPLETO,1,2
09,05,13,030,090513030,VACA PARÁ,2,POBLADO COMPLETO,1,2
09,06,01,005,090601005,EL BALILLO,2,POBLADO COMPLETO,1,2
09,06,01,007,090601007,EL COCO,2,POBLADO COMPLETO,1,2
09,06,01,014,090601014,LA REDONDA,2,POBLADO COMPLETO,1,2
09,06,01,017,090601017,LOMA DEL MACHO O LA RAIZOZA,2,POBLADO COMPLETO,1,2
09,06,01,018,090601018,LOS CANTILES,2,POBLADO COMPLETO,1,2
09,06,01,021,090601021,MONTIJO,1,CABECERA,1,1
09,06,01,022,090601022,PUEBLO VIEJO,2,POBLADO COMPLETO,1,2
09,06,01,034,090601034,FINCA ANTONELLY,2,POBLADO COMPLETO,1,2
09,06,01,035,090601035,FINCA DE TOSERES,2,POBLADO COMPLETO,1,2
09,06,01,036,090601036,FINCA PUEBLO VIEJO,2,POBLADO COMPLETO,1,2
09,06,01,037,090601037,FINCA RÍO SAN PEDRO,2,POBLADO COMPLETO,1,2
09,06,01,040,090601040,PUERTO REAL,2,POBLADO COMPLETO,1,2
09,06,01,041,090601041,EL PIÑAL,2,POBLADO COMPLETO,1,2
09,06,01,042,090601042,CHARCO NEGRO,2,POBLADO COMPLETO,1,2
09,06,01,043,090601043,FINCA AVILÉS O PLAYÓN,2,POBLADO COMPLETO,1,2
09,06,02,001,090602001,BAJO LARGO,2,POBLADO COMPLETO,1,2
09,06,02,003,090602003,CALABACITO,2,POBLADO COMPLETO,1,2
09,06,02,004,090602004,EL CHARCÓN,2,POBLADO COMPLETO,1,2
09,06,02,012,090602012,MANADERO,2,POBLADO COMPLETO,1,2
09,06,02,013,090602013,MANGO SIMPLE,2,POBLADO COMPLETO,1,2
09,06,02,017,090602017,LA BUCERÍA,2,POBLADO COMPLETO,1,2
09,06,02,019,090602019,LA GABINA,2,POBLADO COMPLETO,1,2
09,06,02,024,090602024,GOBERNADORA O LA PUNTA,1,CABECERA,1,2
09,06,02,034,090602034,NARANJILLO,2,POBLADO COMPLETO,1,2
09,06,02,049,090602049,COIBA,2,POBLADO COMPLETO,1,2
09,06,02,051,090602051,RANCHERÍA O COIBITA,2,POBLADO COMPLETO,1,2
09,06,02,052,090602052,ENSENADA DE CAMARÓN,2,POBLADO COMPLETO,1,2
09,06,02,053,090602053,PALENQUE,2,POBLADO COMPLETO,1,2
09,06,03,001,090603001,CASCAJAL,2,POBLADO COMPLETO,1,2
09,06,03,003,090603003,EL COPÉ,2,POBLADO COMPLETO,1,2
09,06,03,004,090603004,EL GUAYABO,2,POBLADO COMPLETO,1,2
09,06,03,005,090603005,EL SALTO,2,POBLADO COMPLETO,1,2
09,06,03,007,090603007,LA GARCEANA,4,CABECERA PARTE (Mixto),1,2
09,06,03,008,090603008,LOS ÑOPOS,2,POBLADO COMPLETO,1,2
09,06,03,009,090603009,PIÑA,2,POBLADO COMPLETO,1,2
09,06,03,010,090603010,PUEBLO NUEVO,2,POBLADO COMPLETO,1,2
09,06,03,011,090603011,PUNTA PIÑA,2,POBLADO COMPLETO,1,2
09,06,03,013,090603013,SANTA ANA,2,POBLADO COMPLETO,1,2
09,06,03,015,090603015,LA ISIDRA,2,POBLADO COMPLETO,1,2
09,06,03,017,090603017,REMOLINO,2,POBLADO COMPLETO,1,2
09,06,04,002,090604002,LA COROCITA,2,POBLADO COMPLETO,1,2
09,06,04,004,090604004,LA ENSENADA,2,POBLADO COMPLETO,1,2
09,06,04,005,090604005,LA PLUMA,2,POBLADO COMPLETO,1,2
09,06,04,006,090604006,LEONCILLO,1,CABECERA,1,2
09,06,04,007,090604007,LEONES ARRIBA,2,POBLADO COMPLETO,1,2
09,06,04,012,090604012,EL BONGÓN,2,POBLADO COMPLETO,1,2
09,06,04,014,090604014,TIRADERO,2,POBLADO COMPLETO,1,2
09,06,04,015,090604015,ISLAS TRES HERMANAS,2,POBLADO COMPLETO,1,2
09,06,04,016,090604016,ISLA VERDE,2,POBLADO COMPLETO,1,2
09,06,04,017,090604017,ISLETA EL LEONCILLO,2,POBLADO COMPLETO,1,2
09,06,04,018,090604018,LAS VEGAS,2,POBLADO COMPLETO,1,2
09,06,04,019,090604019,CALABACITO,2,POBLADO COMPLETO,2,2
09,06,04,020,090604020,SANTA CLARA,2,POBLADO COMPLETO,1,2
09,06,04,021,090604021,PUNTA CAÑA BRAVA,2,POBLADO COMPLETO,1,2
09,06,05,001,090605001,BUENA VISTA SUR,2,POBLADO COMPLETO,1,2
09,06,05,003,090605003,LA HIGUERILLA,2,POBLADO COMPLETO,1,2
09,06,05,006,090605006,MONJARRÁS,2,POBLADO COMPLETO,1,2
09,06,05,007,090605007,PILÓN,1,CABECERA,1,2
09,06,05,008,090605008,FINCA EL PAPAYO,2,POBLADO COMPLETO,1,2
09,06,05,009,090605009,FINCA LA CALZADA,2,POBLADO COMPLETO,2,2
09,06,06,004,090606004,CENTRO DE LA PALMA REAL,2,POBLADO COMPLETO,1,2
09,06,06,006,090606006,EL AROMO,2,POBLADO COMPLETO,1,2
09,06,06,007,090606007,EL BONGUITO,2,POBLADO COMPLETO,1,2
09,06,06,008,090606008,EL CENTRO DE LOS ALMÁCIGOS,2,POBLADO COMPLETO,1,2
09,06,06,009,090606009,EL DIVORCIO,2,POBLADO COMPLETO,1,2
09,06,06,010,090606010,EL JOBO,2,POBLADO COMPLETO,1,2
09,06,06,011,090606011,EL RANCHITO,2,POBLADO COMPLETO,1,2
09,06,06,012,090606012,EL ROBLE,2,POBLADO COMPLETO,1,2
09,06,06,014,090606014,LA CHONTA,2,POBLADO COMPLETO,1,2
09,06,06,017,090606017,LOS ALMÁCIGOS,1,CABECERA,1,2
09,06,06,018,090606018,MANZANILLO O QUEBRADA CAMPAMENTO,2,POBLADO COMPLETO,1,2
09,06,06,019,090606019,NARANJITO,2,POBLADO COMPLETO,1,2
09,06,06,020,090606020,PLATANALES,2,POBLADO COMPLETO,1,2
09,06,06,021,090606021,PLAYA GRANDE,2,POBLADO COMPLETO,1,2
09,06,06,022,090606022,PUEBLO NUEVO,2,POBLADO COMPLETO,1,2
09,06,06,024,090606024,TIRADERO,2,POBLADO COMPLETO,1,2
09,06,06,025,090606025,UVEROS,2,POBLADO COMPLETO,1,2
09,06,06,026,090606026,EL CEDRO,2,POBLADO COMPLETO,1,2
09,06,06,028,090606028,CAMPAMENTO DE LA REFORESTADORA,2,POBLADO COMPLETO,1,2
09,06,06,029,090606029,FINCA COCO,2,POBLADO COMPLETO,1,2
09,06,06,030,090606030,LA CALETA,2,POBLADO COMPLETO,2,2
09,06,06,031,090606031,PLAYA CALETA,2,POBLADO COMPLETO,1,2
09,06,06,032,090606032,PUNTA CAMPANA,2,POBLADO COMPLETO,1,2
09,06,07,001,090607001,EL BONGO,2,POBLADO COMPLETO,1,2
09,06,07,002,090607002,LA CHÁCARA,2,POBLADO COMPLETO,1,2
09,06,07,003,090607003,PUERTO MUTIS,2,POBLADO COMPLETO,1,2
09,06,07,004,090607004,RINCÓN LARGO,1,CABECERA,1,2
09,06,07,005,090607005,FINCA CATALINA,2,POBLADO COMPLETO,2,2
09,06,08,001,090608001,BUENA VISTA NORTE,2,POBLADO COMPLETO,1,2
09,06,08,002,090608002,CHUMICAL,2,POBLADO COMPLETO,1,2
09,06,08,004,090608004,LOS FLORENTINOS,2,POBLADO COMPLETO,1,2
09,06,08,005,090608005,LLANO LARGO,3,POBLADO PARTE,1,2
09,06,08,006,090608006,SAN CRISTÓBAL,1,CABECERA,1,2
09,06,08,009,090608009,VILLA CAMPO ALEGRE,2,POBLADO COMPLETO,1,2
09,07,01,001,090701001,ACLITA,2,POBLADO COMPLETO,1,2
09,07,01,004,090701004,CERRO GORDO,3,POBLADO PARTE,1,2
09,07,01,007,090701007,EL CAIMITO,2,POBLADO COMPLETO,1,2
09,07,01,009,090701009,EL CUARTILLO,3,POBLADO PARTE,1,2
09,07,01,012,090701012,EL PIÑAL,2,POBLADO COMPLETO,1,2
09,07,01,014,090701014,JENGIBRAL,2,POBLADO COMPLETO,1,2
09,07,01,018,090701018,LOS YAÑEZ ABAJO,2,POBLADO COMPLETO,1,2
09,07,01,020,090701020,PALMILLAS,2,POBLADO COMPLETO,1,2
09,07,01,021,090701021,LA POLONIA,2,POBLADO COMPLETO,1,2
09,07,01,023,090701023,LAS PEÑITAS,2,POBLADO COMPLETO,1,2
09,07,01,026,090701026,LOS DÍAZ,2,POBLADO COMPLETO,1,2
09,07,01,031,090701031,LOS PANAMAES,3,POBLADO PARTE,1,2
09,07,01,032,090701032,LOS QUINTEROS,2,POBLADO COMPLETO,1,2
09,07,01,034,090701034,LOS VERGARAS,2,POBLADO COMPLETO,1,2
09,07,01,035,090701035,LLANO HARINO,2,POBLADO COMPLETO,1,2
09,07,01,040,090701040,EL PEDERNAL,3,POBLADO PARTE,1,2
09,07,01,043,090701043,PUERTO OSLA,2,POBLADO COMPLETO,1,2
09,07,01,045,090701045,EL HATO,2,POBLADO COMPLETO,1,2
09,07,01,046,090701046,RÍO DE JESÚS,1,CABECERA,1,2
09,07,01,047,090701047,LOS YAÑEZ ARRIBA,2,POBLADO COMPLETO,1,2
09,07,01,050,090701050,CHORRERITA,3,POBLADO PARTE,1,2
09,07,01,055,090701055,FINCA LA COROCITA,2,POBLADO COMPLETO,1,2
09,07,01,056,090701056,LAS PIEDRAS,2,POBLADO COMPLETO,1,2
09,07,01,057,090701057,LOS MARTÍNEZ No.2,2,POBLADO COMPLETO,1,2
09,07,01,058,090701058,PLATANAL,2,POBLADO COMPLETO,2,2
09,07,01,059,090701059,RANCHO LA ALBINA,2,POBLADO COMPLETO,1,2
09,07,01,061,090701061,LOMA BLANCA,2,POBLADO COMPLETO,1,2
09,07,01,062,090701062,FINCA CASAVE,2,POBLADO COMPLETO,1,2
09,07,01,063,090701063,ALTO DEL ESPINO,2,POBLADO COMPLETO,2,2
09,07,01,064,090701064,VIRGEN DEL CARMEN,2,POBLADO COMPLETO,1,2
09,07,01,065,090701065,LOS AZULES,3,POBLADO PARTE,1,2
09,07,01,066,090701066,FINCA EL MONO,2,POBLADO COMPLETO,1,2
09,07,02,001,090702001,LA BARRANCOSA O LA SABANETA,2,POBLADO COMPLETO,1,2
09,07,02,002,090702002,BEJUCAL,2,POBLADO COMPLETO,1,2
09,07,02,003,090702003,CERRO BANCO,2,POBLADO COMPLETO,1,2
09,07,02,004,090702004,EL BONGO,2,POBLADO COMPLETO,1,2
09,07,02,005,090702005,JUNQUITO O JUNCO,2,POBLADO COMPLETO,1,2
09,07,02,006,090702006,EL PALMAR,2,POBLADO COMPLETO,1,2
09,07,02,007,090702007,EL RESTINGUE,2,POBLADO COMPLETO,1,2
09,07,02,008,090702008,LAS FLORES O LA GALLOTA,2,POBLADO COMPLETO,1,2
09,07,02,010,090702010,LAS HUACAS,1,CABECERA,1,2
09,07,02,011,090702011,LOS ARRIBEÑOS,2,POBLADO COMPLETO,1,2
09,07,02,012,090702012,LOS DÍAZ,2,POBLADO COMPLETO,1,2
09,07,02,013,090702013,LOS MANGUITOS,2,POBLADO COMPLETO,1,2
09,07,02,014,090702014,POCRÍ,2,POBLADO COMPLETO,1,2
09,07,02,016,090702016,TRINIDAD ABAJO,2,POBLADO COMPLETO,1,2
09,07,02,017,090702017,TRINIDAD ARRIBA,2,POBLADO COMPLETO,1,2
09,07,02,019,090702019,EL PEDERNAL,3,POBLADO PARTE,1,2
09,07,02,020,090702020,FINCA LA ENSENADA O EL TEMBLADOR,2,POBLADO COMPLETO,1,2
09,07,02,021,090702021,LOS RUÍCES,2,POBLADO COMPLETO,1,2
09,07,02,022,090702022,MARGARITA,2,POBLADO COMPLETO,1,2
09,07,02,023,090702023,AGUAS BLANCAS,2,POBLADO COMPLETO,2,2
09,07,02,024,090702024,PUERTO EL BARRERO,2,POBLADO COMPLETO,2,2
09,07,03,001,090703001,LA POMAROSA,2,POBLADO COMPLETO,1,2
09,07,03,002,090703002,LOS CRUCES,2,POBLADO COMPLETO,1,2
09,07,03,003,090703003,LOS CASTILLOS,1,CABECERA,1,2
09,07,03,005,090703005,LOS PÉREZ,2,POBLADO COMPLETO,1,2
09,07,04,005,090704005,UTIRÁ,1,CABECERA,1,2
09,07,04,007,090704007,CERRO GORDO,3,POBLADO PARTE,1,2
09,07,04,008,090704008,EL ASENTAMIENTO,2,POBLADO COMPLETO,1,2
09,07,04,009,090704009,CABECERA LOS NARANJOS,2,POBLADO COMPLETO,2,2
09,07,04,010,090704010,CALABACITO,2,POBLADO COMPLETO,2,2
09,07,04,011,090704011,PUERTO EL CABIMO,2,POBLADO COMPLETO,1,2
09,07,04,013,090704013,FINCA EL MOSTRENCO,2,POBLADO COMPLETO,1,2
09,07,04,016,090704016,FINCA GANADERA VICTORIO,2,POBLADO COMPLETO,2,2
09,07,04,017,090704017,FINCA LA HOJITA,2,POBLADO COMPLETO,2,2
09,07,04,018,090704018,FINCA EL CRIOLLO,2,POBLADO COMPLETO,1,2
09,07,04,019,090704019,FINCA LA PEDREGOSA O VÁSQUEZ,2,POBLADO COMPLETO,2,2
09,07,04,020,090704020,LOS MORALES,2,POBLADO COMPLETO,2,2
09,07,05,001,090705001,BARRO BLANCO,2,POBLADO COMPLETO,1,2
09,07,05,002,090705002,COQUILLAL,2,POBLADO COMPLETO,1,2
09,07,05,003,090705003,EL CERCADO,2,POBLADO COMPLETO,1,2
09,07,05,004,090705004,EL PÁJARO,1,CABECERA,1,2
09,07,05,005,090705005,LA CALETA No.1,2,POBLADO COMPLETO,1,2
09,07,05,006,090705006,LA CALETA No.2,2,POBLADO COMPLETO,1,2
09,07,05,007,090705007,LA CAMARENA,2,POBLADO COMPLETO,1,2
09,07,05,008,090705008,LA GARCÍA,2,POBLADO COMPLETO,1,2
09,07,05,009,090705009,LAS TRANCAS,2,POBLADO COMPLETO,1,2
09,07,05,010,090705010,LOS LEONES,2,POBLADO COMPLETO,1,2
09,07,05,011,090705011,LOS MARTÍNEZ,2,POBLADO COMPLETO,1,2
09,07,05,012,090705012,LOS MONTES,2,POBLADO COMPLETO,1,2
09,07,05,013,090705013,LOS VEGA,2,POBLADO COMPLETO,1,2
09,07,05,014,090705014,MAQUENCAL,2,POBLADO COMPLETO,1,2
09,07,05,015,090705015,MORRITO,2,POBLADO COMPLETO,1,2
09,07,05,017,090705017,MORRÓN,2,POBLADO COMPLETO,2,2
09,07,05,019,090705019,PUERTO NARANJO,2,POBLADO COMPLETO,1,2
09,07,05,021,090705021,LOS PANAMAES,3,POBLADO PARTE,1,2
09,07,05,022,090705022,CHORRERITA,3,POBLADO PARTE,1,2
09,07,05,023,090705023,LOS AZULES,3,POBLADO PARTE,1,2
09,07,05,024,090705024,LA CABUYA,2,POBLADO COMPLETO,1,2
09,08,01,002,090801002,BAJOS DE LA HONDA,3,POBLADO PARTE,1,2
09,08,01,003,090801003,EL BARNIZAL,2,POBLADO COMPLETO,1,2
09,08,01,005,090801005,CAÑACILLAS,2,POBLADO COMPLETO,1,2
09,08,01,006,090801006,CERRO GORDO,2,POBLADO COMPLETO,1,2
09,08,01,009,090801009,EL CIRUELITO,2,POBLADO COMPLETO,1,2
09,08,01,010,090801010,EL COROZO,2,POBLADO COMPLETO,1,2
09,08,01,012,090801012,EL CHUMICO,2,POBLADO COMPLETO,1,2
09,08,01,014,090801014,EL GATO,2,POBLADO COMPLETO,1,2
09,08,01,016,090801016,LOS HATILLOS ABAJO,2,POBLADO COMPLETO,1,2
09,08,01,017,090801017,JUAN IGNACIO,2,POBLADO COMPLETO,1,2
09,08,01,018,090801018,EL LAGARTERO,2,POBLADO COMPLETO,1,2
09,08,01,020,090801020,LA HILARIA,2,POBLADO COMPLETO,1,2
09,08,01,021,090801021,LA PIÑUELA,2,POBLADO COMPLETO,1,2
09,08,01,022,090801022,LA TOLLOSA,2,POBLADO COMPLETO,1,2
09,08,01,024,090801024,LOS MORENOS,2,POBLADO COMPLETO,1,2
09,08,01,025,090801025,LOS VÁSQUEZ,2,POBLADO COMPLETO,1,2
09,08,01,027,090801027,LLANO DEL ROSARIO,2,POBLADO COMPLETO,1,2
09,08,01,028,090801028,MINAS BAJAS,2,POBLADO COMPLETO,1,2
09,08,01,030,090801030,PAN DE AZÚCAR No.2,2,POBLADO COMPLETO,1,2
09,08,01,035,090801035,SAN FRANCISCO,1,CABECERA,1,1
09,08,01,036,090801036,SAN ROQUE,3,POBLADO PARTE,1,2
09,08,01,038,090801038,LOS CORRALES,2,POBLADO COMPLETO,2,2
09,08,01,039,090801039,LA COLORADA,2,POBLADO COMPLETO,1,2
09,08,01,040,090801040,CERRO LARGO,2,POBLADO COMPLETO,1,2
09,08,01,041,090801041,EL PARAÍSO,2,POBLADO COMPLETO,2,2
09,08,01,042,090801042,FINCA LA MILAGROSA,2,POBLADO COMPLETO,1,2
09,08,01,047,090801047,CHARCO PANAMÁ,2,POBLADO COMPLETO,1,2
09,08,01,050,090801050,FINCA NOMBRE DE DIOS O DEL ROSARIO,2,POBLADO COMPLETO,1,2
09,08,01,051,090801051,LA CALZADILLA,2,POBLADO COMPLETO,1,2
09,08,01,052,090801052,LA CULEBRA,2,POBLADO COMPLETO,1,2
09,08,01,054,090801054,LAS ADJUNTAS O DOS BOCAS O VILLA PARAÍSO,2,POBLADO COMPLETO,1,2
09,08,01,055,090801055,LOS ARENALES,2,POBLADO COMPLETO,1,2
09,08,01,056,090801056,QUEBRADA CALZADILLA,2,POBLADO COMPLETO,1,2
09,08,01,057,090801057,RANCHO PANTANO,2,POBLADO COMPLETO,1,2
09,08,01,058,090801058,SAN ANTONIO,2,POBLADO COMPLETO,1,2
09,08,01,059,090801059,EL MIRADOR,2,POBLADO COMPLETO,2,2
09,08,01,060,090801060,FINCA LOS ÑAME,2,POBLADO COMPLETO,1,2
09,08,01,061,090801061,FINCA SANTA ELENA,2,POBLADO COMPLETO,1,2
09,08,01,063,090801063,EL ROSARIO,2,POBLADO COMPLETO,1,2
09,08,01,064,090801064,FINCA SAN ISIDRO O EL CONGAL,2,POBLADO COMPLETO,1,2
09,08,02,001,090802001,ALTO DEL JORÓN,2,POBLADO COMPLETO,1,2
09,08,02,002,090802002,BARBARENA,2,POBLADO COMPLETO,1,2
09,08,02,003,090802003,EL ESPAVÉ,2,POBLADO COMPLETO,1,2
09,08,02,004,090802004,EL RINCÓN,2,POBLADO COMPLETO,1,2
09,08,02,006,090802006,EL TITI,2,POBLADO COMPLETO,1,2
09,08,02,008,090802008,LA MESETA,2,POBLADO COMPLETO,1,2
09,08,02,009,090802009,LA PALMA,2,POBLADO COMPLETO,1,2
09,08,02,012,090802012,LOS HIGOS,1,CABECERA,1,2
09,08,02,013,090802013,LOS PANAMAES,2,POBLADO COMPLETO,1,2
09,08,02,014,090802014,LOS PUGAS,2,POBLADO COMPLETO,1,2
09,08,02,015,090802015,LA LAGUNILLA,2,POBLADO COMPLETO,1,2
09,08,02,016,090802016,EL SALTO DE LA CHUMICA,2,POBLADO COMPLETO,2,2
09,08,02,017,090802017,FINCA BALLESTER,2,POBLADO COMPLETO,1,2
09,08,02,018,090802018,HACIENDA PAJA COLORADA,2,POBLADO COMPLETO,1,2
09,08,02,019,090802019,LLANO BONITO,2,POBLADO COMPLETO,1,2
09,08,02,020,090802020,PAJA COLORADA DE LOS HIGOS,2,POBLADO COMPLETO,1,2
09,08,03,001,090803001,AGUACATAL,2,POBLADO COMPLETO,1,2
09,08,03,002,090803002,EL BARNIZAL,2,POBLADO COMPLETO,1,2
09,08,03,004,090803004,BOQUERÓN,2,POBLADO COMPLETO,1,2
09,08,03,005,090803005,CAIMITILLO,2,POBLADO COMPLETO,1,2
09,08,03,006,090803006,CARABALÍ,2,POBLADO COMPLETO,1,2
09,08,03,008,090803008,EL CIRÍ,3,POBLADO PARTE,1,2
09,08,03,009,090803009,EL CIRUELITO,2,POBLADO COMPLETO,1,2
09,08,03,010,090803010,CHORRILLITO,3,POBLADO PARTE,1,2
09,08,03,011,090803011,EL CACIQUE,2,POBLADO COMPLETO,1,2
09,08,03,012,090803012,EL CALABAZO,2,POBLADO COMPLETO,1,2
09,08,03,014,090803014,CORRENTÓN,2,POBLADO COMPLETO,1,2
09,08,03,017,090803017,CHORRILLO,2,POBLADO COMPLETO,1,2
09,08,03,018,090803018,EL GUAYABITO,2,POBLADO COMPLETO,1,2
09,08,03,019,090803019,EL MANTO,2,POBLADO COMPLETO,1,2
09,08,03,021,090803021,PALMILLAR,2,POBLADO COMPLETO,1,2
09,08,03,022,090803022,EL PEÑÓN,1,CABECERA,1,2
09,08,03,023,090803023,EL PLAYÓN,2,POBLADO COMPLETO,1,2
09,08,03,024,090803024,LOS HATILLOS,2,POBLADO COMPLETO,1,2
09,08,03,025,090803025,JUAN BASILIO,2,POBLADO COMPLETO,1,2
09,08,03,028,090803028,LA HONDA,2,POBLADO COMPLETO,1,2
09,08,03,029,090803029,LA ISLETA,2,POBLADO COMPLETO,1,2
09,08,03,030,090803030,LA MARCELA,2,POBLADO COMPLETO,1,2
09,08,03,031,090803031,LA MONA O LA CRUZ,2,POBLADO COMPLETO,1,2
09,08,03,032,090803032,LA MONTAÑUELA,2,POBLADO COMPLETO,1,2
09,08,03,036,090803036,LAS PEÑAS,2,POBLADO COMPLETO,1,2
09,08,03,037,090803037,LOS GONZÁLEZ,2,POBLADO COMPLETO,1,2
09,08,03,038,090803038,LOS HERNÁNDEZ,2,POBLADO COMPLETO,1,2
09,08,03,039,090803039,LOS LINOS,2,POBLADO COMPLETO,1,2
09,08,03,041,090803041,LOS RUÍCES,2,POBLADO COMPLETO,1,2
09,08,03,043,090803043,LOS SÁNCHEZ,2,POBLADO COMPLETO,1,2
09,08,03,044,090803044,LOS UBALDO,2,POBLADO COMPLETO,1,2
09,08,03,045,090803045,EL VÁSQUEZ,2,POBLADO COMPLETO,1,2
09,08,03,046,090803046,LA MONTAÑITA,2,POBLADO COMPLETO,1,2
09,08,03,047,090803047,PASO HONDO,2,POBLADO COMPLETO,1,2
09,08,03,048,090803048,PASO REAL DE MARCELA,2,POBLADO COMPLETO,1,2
09,08,03,049,090803049,PIEDRAS GORDAS,2,POBLADO COMPLETO,1,2
09,08,03,050,090803050,PLAN DE LOS ÁBREGOS,2,POBLADO COMPLETO,1,2
09,08,03,051,090803051,BAJOS DE LA HONDA,3,POBLADO PARTE,1,2
09,08,03,052,090803052,ALTO PEÑÓN,2,POBLADO COMPLETO,1,2
09,08,03,053,090803053,LA ENSILLADA,2,POBLADO COMPLETO,1,2
09,08,03,055,090803055,LA PERDÍZ ARRIBA,3,POBLADO PARTE,1,2
09,08,03,056,090803056,SAN ROQUE,3,POBLADO PARTE,1,2
09,08,03,057,090803057,LA PANCHA,3,POBLADO PARTE,2,2
09,08,03,058,090803058,LA MARCELA ARRIBA,2,POBLADO COMPLETO,1,2
09,08,04,002,090804002,BAJO VIEJO,2,POBLADO COMPLETO,1,2
09,08,04,003,090804003,CALABACITO,1,CABECERA,1,2
09,08,04,006,090804006,EL CASTILLO,2,POBLADO COMPLETO,1,2
09,08,04,007,090804007,REMANCE,2,POBLADO COMPLETO,1,2
09,08,04,008,090804008,LA BODEGA,2,POBLADO COMPLETO,1,2
09,08,04,009,090804009,LAGUNA PRIETA,2,POBLADO COMPLETO,1,2
09,08,04,011,090804011,LA PEÑITA DE LOS HERNÁNDEZ,2,POBLADO COMPLETO,1,2
09,08,04,013,090804013,LAS PEÑITAS,2,POBLADO COMPLETO,1,2
09,08,04,015,090804015,LOS JIMÉNEZ,2,POBLADO COMPLETO,1,2
09,08,04,017,090804017,LOS QUIEL,3,POBLADO PARTE,1,2
09,08,04,018,090804018,LOS QUINTEROS,2,POBLADO COMPLETO,1,2
09,08,04,020,090804020,LLANO GRANDE,2,POBLADO COMPLETO,1,2
09,08,04,022,090804022,PASO DE LA BARCA,2,POBLADO COMPLETO,1,2
09,08,04,023,090804023,LA GORDA,2,POBLADO COMPLETO,1,2
09,08,04,026,090804026,EL CORTEZO,2,POBLADO COMPLETO,1,2
09,08,04,027,090804027,AGUA FRÍA,2,POBLADO COMPLETO,1,2
09,08,04,028,090804028,LA MOJARRITA,2,POBLADO COMPLETO,1,2
09,08,04,029,090804029,LA PINTADA,2,POBLADO COMPLETO,1,2
09,08,04,030,090804030,LA CUESTA,2,POBLADO COMPLETO,1,2
09,08,04,031,090804031,EL PATO ARRIBA,2,POBLADO COMPLETO,1,2
09,08,04,032,090804032,LA BODEGUITA,2,POBLADO COMPLETO,1,2
09,08,04,033,090804033,LOS BORDONES,3,POBLADO PARTE,1,2
09,08,04,034,090804034,PALMARITO,2,POBLADO COMPLETO,1,2
09,08,04,035,090804035,PALMA REAL,3,POBLADO PARTE,1,2
09,08,04,036,090804036,LOS PINTOS,3,POBLADO PARTE,1,2
09,08,04,037,090804037,ALTO DEL MARÍA,2,POBLADO COMPLETO,1,2
09,08,04,038,090804038,LA IGUANA,2,POBLADO COMPLETO,1,2
09,08,04,039,090804039,LAS MESILLAS,2,POBLADO COMPLETO,1,2
09,08,04,040,090804040,LA VENCELA,2,POBLADO COMPLETO,1,2
09,08,05,006,090805006,EL CRISTO ABAJO,2,POBLADO COMPLETO,1,2
09,08,05,010,090805010,NARANJAL,2,POBLADO COMPLETO,1,2
09,08,05,011,090805011,EL PATO,2,POBLADO COMPLETO,1,2
09,08,05,012,090805012,GATÚ ARRIBA,2,POBLADO COMPLETO,1,2
09,08,05,013,090805013,EL QUINOL,2,POBLADO COMPLETO,1,2
09,08,05,014,090805014,GATÚ ABAJO,2,POBLADO COMPLETO,1,2
09,08,05,015,090805015,LA HONDA,2,POBLADO COMPLETO,1,2
09,08,05,017,090805017,LA PERDÍZ ABAJO,3,POBLADO PARTE,1,2
09,08,05,020,090805020,UTIRIA,2,POBLADO COMPLETO,1,2
09,08,05,023,090805023,EL CRISTO ARRIBA,2,POBLADO COMPLETO,1,2
09,08,05,025,090805025,LOS GONZÁLEZ ARRIBA,2,POBLADO COMPLETO,1,2
09,08,05,027,090805027,LOS PARDOS ABAJO,2,POBLADO COMPLETO,1,2
09,08,05,028,090805028,SAN JOSÉ,3,POBLADO PARTE,1,2
09,08,05,029,090805029,SAN JUAN,1,CABECERA,1,2
09,08,05,030,090805030,LOS SANTANA,2,POBLADO COMPLETO,1,2
09,08,05,031,090805031,LOS GONZÁLEZ ABAJO,2,POBLADO COMPLETO,1,2
09,08,05,032,090805032,LOS ZAMBRANO,2,POBLADO COMPLETO,1,2
09,08,05,039,090805039,LOS HERNÁNDEZ,2,POBLADO COMPLETO,1,2
09,08,05,044,090805044,CAÑAVERAL,3,POBLADO PARTE,2,2
09,08,05,047,090805047,EL CRISTO CENTRO,2,POBLADO COMPLETO,1,2
09,08,05,049,090805049,EL MARÍA,2,POBLADO COMPLETO,1,2
09,08,05,055,090805055,LOS PARDOS ARRIBA,2,POBLADO COMPLETO,1,2
09,08,05,056,090805056,LOS PINTOS,3,POBLADO PARTE,1,2
09,08,05,059,090805059,PALMA REAL,3,POBLADO PARTE,1,2
09,08,05,061,090805061,LOS PARDOS CENTRO,2,POBLADO COMPLETO,1,2
09,08,05,062,090805062,ALTO PITAL,2,POBLADO COMPLETO,1,2
09,08,05,063,090805063,EL HATO,2,POBLADO COMPLETO,1,2
09,08,06,001,090806001,ALTO EL CHIFLÓN,2,POBLADO COMPLETO,1,2
09,08,06,002,090806002,BAJO LOS HATILLOS,2,POBLADO COMPLETO,1,2
09,08,06,003,090806003,CAÑAVERAL,3,POBLADO PARTE,1,2
09,08,06,004,090806004,CIRUELAR ABAJO,2,POBLADO COMPLETO,1,2
09,08,06,005,090806005,CIRUELAR ARRIBA,2,POBLADO COMPLETO,1,2
09,08,06,006,090806006,CIRUELAR CENTRO,2,POBLADO COMPLETO,1,2
09,08,06,007,090806007,CUAY ABAJO,2,POBLADO COMPLETO,1,2
09,08,06,008,090806008,CUAY ARRIBA,3,POBLADO PARTE,1,2
09,08,06,010,090806010,EL BARRERO,2,POBLADO COMPLETO,1,2
09,08,06,011,090806011,EL CHUMICO O ALTO GUARUMO,2,POBLADO COMPLETO,1,2
09,08,06,012,090806012,EL GALLOTE,2,POBLADO COMPLETO,1,2
09,08,06,013,090806013,EL PITAL,2,POBLADO COMPLETO,1,2
09,08,06,014,090806014,EL TRUENO,2,POBLADO COMPLETO,1,2
09,08,06,015,090806015,LA PERDÍZ ABAJO,3,POBLADO PARTE,1,2
09,08,06,016,090806016,LA SOLEDAD,3,POBLADO PARTE,1,2
09,08,06,017,090806017,LAS MESILLAS,2,POBLADO COMPLETO,1,2
09,08,06,018,090806018,LOMA ALTA,2,POBLADO COMPLETO,1,2
09,08,06,020,090806020,LOS BORDONES,3,POBLADO PARTE,1,2
09,08,06,021,090806021,LOS HERNÁNDEZ No.1,2,POBLADO COMPLETO,1,2
09,08,06,022,090806022,LOS MENDOZAS,2,POBLADO COMPLETO,1,2
09,08,06,023,090806023,LOS REYES,2,POBLADO COMPLETO,1,2
09,08,06,025,090806025,LOS TORIBIOS,2,POBLADO COMPLETO,1,2
09,08,06,026,090806026,PASO REAL,2,POBLADO COMPLETO,1,2
09,08,06,027,090806027,SAN JOSÉ,4,CABECERA PARTE (Mixto),1,2
09,08,06,028,090806028,LA PERDÍZ ARRIBA,3,POBLADO PARTE,1,2
09,08,06,029,090806029,LA PINTADA O BAJOS DE HIGUÍ,3,POBLADO PARTE,1,2
09,08,06,030,090806030,LOS COROTÚES,2,POBLADO COMPLETO,1,2
09,08,06,031,090806031,LOS MUÑOZ,2,POBLADO COMPLETO,1,2
09,08,06,032,090806032,VALLE ESCONDIDO,2,POBLADO COMPLETO,1,2
09,09,01,001,090901001,BAJOS DE SAN JUAN,2,POBLADO COMPLETO,1,2
09,09,01,004,090901004,CERRO REDONDO,2,POBLADO COMPLETO,1,2
09,09,01,005,090901005,CORRAL VIEJO,2,POBLADO COMPLETO,1,2
09,09,01,006,090901006,LOS CASTILLOS,2,POBLADO COMPLETO,1,2
09,09,01,007,090901007,EL CEIBO,2,POBLADO COMPLETO,1,2
09,09,01,008,090901008,EL JOBO,2,POBLADO COMPLETO,1,2
09,09,01,011,090901011,PACORAL,2,POBLADO COMPLETO,1,2
09,09,01,012,090901012,PEDREGOSO,2,POBLADO COMPLETO,1,2
09,09,01,013,090901013,RINCÓN,2,POBLADO COMPLETO,1,2
09,09,01,014,090901014,EL SALTO,2,POBLADO COMPLETO,1,2
09,09,01,017,090901017,EL ESCUCHADERO,2,POBLADO COMPLETO,1,2
09,09,01,018,090901018,LA ARGOLLA,2,POBLADO COMPLETO,1,2
09,09,01,020,090901020,LA CIÉNAGA,2,POBLADO COMPLETO,1,2
09,09,01,021,090901021,LA COCALECA,2,POBLADO COMPLETO,1,2
09,09,01,023,090901023,LAS BRUJAS O LA ESPERANZA,2,POBLADO COMPLETO,1,2
09,09,01,024,090901024,LA HERRADURA,2,POBLADO COMPLETO,1,2
09,09,01,026,090901026,LA MONTAÑUELA,2,POBLADO COMPLETO,1,2
09,09,01,027,090901027,MONTAÑUELA ARRIBA,2,POBLADO COMPLETO,1,2
09,09,01,030,090901030,LAS LAJAS,2,POBLADO COMPLETO,1,2
09,09,01,032,090901032,ALTO DE PIEDRA,2,POBLADO COMPLETO,1,2
09,09,01,033,090901033,LAS TRANCAS,2,POBLADO COMPLETO,1,2
09,09,01,035,090901035,LOS HOYOS,2,POBLADO COMPLETO,1,2
09,09,01,036,090901036,LA OSA,2,POBLADO COMPLETO,1,2
09,09,01,038,090901038,MANZANILLO,2,POBLADO COMPLETO,1,2
09,09,01,039,090901039,MUELAS,2,POBLADO COMPLETO,1,2
09,09,01,040,090901040,SANTA FE,1,CABECERA,1,2
09,09,01,041,090901041,TUTE ABAJO,2,POBLADO COMPLETO,1,2
09,09,01,042,090901042,TUTE ARRIBA,2,POBLADO COMPLETO,1,2
09,09,01,043,090901043,VUELTAS LARGAS,2,POBLADO COMPLETO,1,2
09,09,01,044,090901044,LA PERICA,2,POBLADO COMPLETO,1,2
09,09,01,045,090901045,BERMEJO O EL SERENO,3,POBLADO PARTE,1,2
09,09,01,046,090901046,LAS QUEBRADAS,2,POBLADO COMPLETO,1,2
09,09,01,047,090901047,LAS PEÑITAS,2,POBLADO COMPLETO,1,2
09,09,01,048,090901048,LA SAPITA,2,POBLADO COMPLETO,1,2
09,09,01,049,090901049,EL NANCE,2,POBLADO COMPLETO,1,2
09,09,01,050,090901050,EL MACANO,2,POBLADO COMPLETO,1,2
09,09,01,051,090901051,LA FRÍA,2,POBLADO COMPLETO,1,2
09,09,01,055,090901055,LA ISLETA,2,POBLADO COMPLETO,1,2
09,09,01,056,090901056,EL ZAPOTE O LAS LAJAS,2,POBLADO COMPLETO,1,2
09,09,01,057,090901057,LA COROCITA,2,POBLADO COMPLETO,1,2
09,09,01,058,090901058,LA LAGUNA,2,POBLADO COMPLETO,1,2
09,09,01,060,090901060,MONTAÑUELA ABAJO,2,POBLADO COMPLETO,1,2
09,09,01,061,090901061,PRIMER BRAZO MULABÁ,2,POBLADO COMPLETO,1,2
09,09,01,062,090901062,SEGUNDO BRAZO MULABÁ,2,POBLADO COMPLETO,1,2
09,09,01,063,090901063,TERCER BRAZO MULABÁ,2,POBLADO COMPLETO,1,2
09,09,01,064,090901064,CABUYA,2,POBLADO COMPLETO,1,2
09,09,01,065,090901065,EL CEDRO,3,POBLADO PARTE,1,2
09,09,01,066,090901066,EL ZOOLÓGICO,2,POBLADO COMPLETO,1,2
09,09,01,068,090901068,LA PIQUERA O EL GIRASOL,2,POBLADO COMPLETO,1,2
09,09,01,069,090901069,EL AGÚ O AGUDO,2,POBLADO COMPLETO,2,2
09,09,01,070,090901070,HORTIGA,2,POBLADO COMPLETO,1,2
09,09,01,071,090901071,LA SOLEDAD,3,POBLADO PARTE,1,2
09,09,01,072,090901072,BETEGUÍ,3,POBLADO PARTE,1,2
09,09,02,001,090902001,BARRERA,2,POBLADO COMPLETO,1,2
09,09,02,004,090902004,BELENCILLO,3,POBLADO PARTE,1,2
09,09,02,005,090902005,CONCEPCIÓN,2,POBLADO COMPLETO,1,2
09,09,02,006,090902006,CHARCÓN,2,POBLADO COMPLETO,1,2
09,09,02,008,090902008,CALLE LARGA,2,POBLADO COMPLETO,1,2
09,09,02,011,090902011,ESTERO SALADO,2,POBLADO COMPLETO,1,2
09,09,02,012,090902012,CALOVÉBORA,1,CABECERA,1,2
09,09,02,014,090902014,BARSAL,2,POBLADO COMPLETO,1,2
09,09,02,015,090902015,CARACOL,2,POBLADO COMPLETO,1,2
09,09,02,016,090902016,EL CARMEN,2,POBLADO COMPLETO,1,2
09,09,02,018,090902018,TIGRERO,2,POBLADO COMPLETO,1,2
09,09,02,019,090902019,GALLINA,2,POBLADO COMPLETO,1,2
09,09,02,022,090902022,RÍO GUÁZARO,2,POBLADO COMPLETO,1,2
09,09,02,028,090902028,LA EMPALIZADA,2,POBLADO COMPLETO,1,2
09,09,02,030,090902030,LOS CASTILLOS No.1,2,POBLADO COMPLETO,1,2
09,09,02,034,090902034,PASO BONITO,2,POBLADO COMPLETO,1,2
09,09,02,043,090902043,VERAGUAS,2,POBLADO COMPLETO,1,2
09,09,02,045,090902045,PEJE PRIETO,2,POBLADO COMPLETO,1,2
09,09,02,046,090902046,CANDELARIA,2,POBLADO COMPLETO,1,2
09,09,02,047,090902047,CAÑO SUCIO,2,POBLADO COMPLETO,1,2
09,09,02,050,090902050,QUEBRADA HONDA,2,POBLADO COMPLETO,1,2
09,09,02,052,090902052,RÍO ZAPATERO O ZAPATERITO,2,POBLADO COMPLETO,1,2
09,09,02,054,090902054,LOS AMERICANOS,2,POBLADO COMPLETO,1,2
09,09,02,063,090902063,SAN CRISTÓBAL,2,POBLADO COMPLETO,1,2
09,09,02,064,090902064,EL CAÑITO,2,POBLADO COMPLETO,1,2
09,09,02,080,090902080,LA ISLETA,2,POBLADO COMPLETO,1,2
09,09,02,082,090902082,QUEBRADA SAN ANTONIO,2,POBLADO COMPLETO,1,2
09,09,02,083,090902083,ALTO DE LA BOCA DE CONCEPCIÓN,2,POBLADO COMPLETO,2,2
09,09,02,084,090902084,CARMONA,2,POBLADO COMPLETO,1,2
09,09,02,086,090902086,LA GUINEA,2,POBLADO COMPLETO,1,2
09,09,02,094,090902094,GARROCHA,2,POBLADO COMPLETO,1,2
09,09,02,096,090902096,EL TIGRE,2,POBLADO COMPLETO,2,2
09,09,02,097,090902097,BONGUITO O CORRIENTE AMÉRICA,2,POBLADO COMPLETO,1,2
09,09,02,098,090902098,CAÑO JULIO,2,POBLADO COMPLETO,1,2
09,09,02,100,090902100,LA CRUZ,2,POBLADO COMPLETO,1,2
09,09,02,101,090902101,LA MONA,2,POBLADO COMPLETO,1,2
09,09,02,102,090902102,EL PLAYÓN,2,POBLADO COMPLETO,1,2
09,09,02,106,090902106,SARDINA,2,POBLADO COMPLETO,1,2
09,09,02,107,090902107,GUABALITO,2,POBLADO COMPLETO,1,2
09,09,02,108,090902108,GUABAL ARRIBA,2,POBLADO COMPLETO,1,2
09,09,02,109,090902109,GUABAL,2,POBLADO COMPLETO,1,2
09,09,02,110,090902110,CAJÓN,2,POBLADO COMPLETO,1,2
09,09,02,113,090902113,EL MADRIL,3,POBLADO PARTE,1,2
09,09,02,114,090902114,MECHE PERRO,2,POBLADO COMPLETO,1,2
09,09,02,116,090902116,CAÑO ROMPIDÓN,2,POBLADO COMPLETO,1,2
09,09,02,117,090902117,QUEBRADA LUCÍA,2,POBLADO COMPLETO,1,2
09,09,02,118,090902118,CAÑO DE LA IGUANA O ISLETA DE GUÁZARO,2,POBLADO COMPLETO,1,2
09,09,02,119,090902119,LA BONGA,2,POBLADO COMPLETO,1,2
09,09,02,121,090902121,LAS BRUJAS,2,POBLADO COMPLETO,1,2
09,09,02,122,090902122,LAS LAJAS,2,POBLADO COMPLETO,1,2
09,09,02,133,090902133,BEJUCO,2,POBLADO COMPLETO,1,2
09,09,02,145,090902145,ALTO DE LA HONDA,2,POBLADO COMPLETO,1,2
09,09,02,146,090902146,ALTO MARAÑÓN,2,POBLADO COMPLETO,1,2
09,09,02,148,090902148,BOCA HONDA,2,POBLADO COMPLETO,1,2
09,09,02,149,090902149,CABECERA DE QUEBRADA GARROCHA,2,POBLADO COMPLETO,1,2
09,09,02,150,090902150,CALETA,2,POBLADO COMPLETO,1,2
09,09,02,151,090902151,CAÑO SUCIO No.2,2,POBLADO COMPLETO,1,2
09,09,02,152,090902152,DOS BRAZOS,2,POBLADO COMPLETO,1,2
09,09,02,153,090902153,DUVIGIO O EL COROTÚ,2,POBLADO COMPLETO,1,2
09,09,02,155,090902155,ESTERO SALADO ARRIBA,2,POBLADO COMPLETO,1,2
09,09,02,157,090902157,GUAZARITO,2,POBLADO COMPLETO,1,2
09,09,02,158,090902158,LA ALDEA,2,POBLADO COMPLETO,1,2
09,09,02,159,090902159,LA COLMENA,2,POBLADO COMPLETO,1,2
09,09,02,160,090902160,LA CONGA,2,POBLADO COMPLETO,1,2
09,09,02,163,090902163,MAURICIO,2,POBLADO COMPLETO,1,2
09,09,02,165,090902165,PEÑA BLANCA,2,POBLADO COMPLETO,1,2
09,09,02,166,090902166,POZO FLORES O EL MANGO,2,POBLADO COMPLETO,1,2
09,09,02,168,090902168,PUNTA DE VERAGUAS,2,POBLADO COMPLETO,1,2
09,09,02,169,090902169,PUNTA TOÑITO O TOÑITO,2,POBLADO COMPLETO,1,2
09,09,02,170,090902170,QUEBRADA CALETA,2,POBLADO COMPLETO,1,2
09,09,02,171,090902171,QUEBRADA PLATANARES,2,POBLADO COMPLETO,1,2
09,09,02,172,090902172,QUEBRADA PALMAR,2,POBLADO COMPLETO,1,2
09,09,02,173,090902173,RICITO,2,POBLADO COMPLETO,1,2
09,09,02,175,090902175,SAN ANTONIO ARRIBA,2,POBLADO COMPLETO,1,2
09,09,02,177,090902177,VERAGUITA,2,POBLADO COMPLETO,1,2
09,09,02,179,090902179,QUEBRADA EL GRINGO,2,POBLADO COMPLETO,1,2
09,09,02,180,090902180,BOCA DE RÍO SANTIAGUITO,2,POBLADO COMPLETO,1,2
09,09,02,181,090902181,CAÑO LORO,2,POBLADO COMPLETO,1,2
09,09,02,183,090902183,PEDREGOSA,2,POBLADO COMPLETO,1,2
09,09,02,185,090902185,ALTO DEL MIRADOR,2,POBLADO COMPLETO,1,2
09,09,02,186,090902186,ALTO GUABINO,2,POBLADO COMPLETO,1,2
09,09,02,187,090902187,ALTO LÍBANO,2,POBLADO COMPLETO,1,2
09,09,02,188,090902188,ALTO NÍSPERO,2,POBLADO COMPLETO,1,2
09,09,02,190,090902190,BONAGA,2,POBLADO COMPLETO,1,2
09,09,02,191,090902191,CABECERA DE QUEBRADA HONDA,2,POBLADO COMPLETO,1,2
09,09,02,192,090902192,CALDERA O CERRO TETA,2,POBLADO COMPLETO,1,2
09,09,02,193,090902193,CALETA No.2,2,POBLADO COMPLETO,1,2
09,09,02,196,090902196,CAMARONES,3,POBLADO PARTE,1,2
09,09,02,197,090902197,CANDELARIA ARRIBA,2,POBLADO COMPLETO,1,2
09,09,02,198,090902198,CAÑO TITI,2,POBLADO COMPLETO,1,2
09,09,02,200,090902200,CUCUYO O CUERO DE MACHO,2,POBLADO COMPLETO,1,2
09,09,02,201,090902201,CUICHO,2,POBLADO COMPLETO,1,2
09,09,02,202,090902202,EL BATEAL,2,POBLADO COMPLETO,1,2
09,09,02,203,090902203,EL CHORRO,2,POBLADO COMPLETO,1,2
09,09,02,204,090902204,EL PORTETE,2,POBLADO COMPLETO,1,2
09,09,02,205,090902205,GALLARDO,2,POBLADO COMPLETO,1,2
09,09,02,207,090902207,ISLOTE DE CALOVÉBORA,2,POBLADO COMPLETO,2,2
09,09,02,209,090902209,LA COLORADA,2,POBLADO COMPLETO,1,2
09,09,02,210,090902210,ISLETA No.2,2,POBLADO COMPLETO,1,2
09,09,02,211,090902211,PASO DE LIMÓN,2,POBLADO COMPLETO,1,2
09,09,02,212,090902212,PRIMER CORRIENTE,2,POBLADO COMPLETO,1,2
09,09,02,214,090902214,QUEBRADA CANGREJO,2,POBLADO COMPLETO,1,2
09,09,02,215,090902215,QUEBRADA GAJO O BAJO LLANO,2,POBLADO COMPLETO,1,2
09,09,02,216,090902216,QUEBRADA LLANA,2,POBLADO COMPLETO,1,2
09,09,02,217,090902217,QUEBRADA SIGUA,2,POBLADO COMPLETO,1,2
09,09,02,218,090902218,SAN BARTOLO,2,POBLADO COMPLETO,1,2
09,09,02,219,090902219,SANTIAGUITO,2,POBLADO COMPLETO,1,2
09,09,02,220,090902220,SONADORA,2,POBLADO COMPLETO,1,2
09,09,02,221,090902221,URRACÁ,2,POBLADO COMPLETO,1,2
09,09,02,222,090902222,LA EMPALIZADA No.2,2,POBLADO COMPLETO,1,2
09,09,02,223,090902223,QUEBRADA LA EMPALIZADA O LA PALIZADA,3,POBLADO PARTE,1,2
09,09,02,227,090902227,BARRERITA,2,POBLADO COMPLETO,1,2
09,09,02,228,090902228,BAJO GRANDE,3,POBLADO PARTE,1,2
09,09,02,229,090902229,BARRERA CENTRO,2,POBLADO COMPLETO,2,2
09,09,02,230,090902230,CAMARÓN,2,POBLADO COMPLETO,1,2
09,09,02,231,090902231,CAÑITA,2,POBLADO COMPLETO,1,2
09,09,02,232,090902232,CARMEN,2,POBLADO COMPLETO,1,2
09,09,02,233,090902233,CERRO OCHO,2,POBLADO COMPLETO,1,2
09,09,02,234,090902234,EL CEDRO,2,POBLADO COMPLETO,1,2
09,09,02,235,090902235,EL CHORRO DE RÍO BEJUCO,2,POBLADO COMPLETO,1,2
09,09,02,236,090902236,EL CHORRO No.2,2,POBLADO COMPLETO,1,2
09,09,02,237,090902237,ESCOBAL,2,POBLADO COMPLETO,1,2
09,09,02,238,090902238,ESE,2,POBLADO COMPLETO,1,2
09,09,02,239,090902239,FINCA LOS SÁNCHEZ,2,POBLADO COMPLETO,1,2
09,09,02,240,090902240,GUAZARITO No.2,2,POBLADO COMPLETO,1,2
09,09,02,241,090902241,LA ESCALERA,2,POBLADO COMPLETO,2,2
09,09,02,242,090902242,LA REYES,2,POBLADO COMPLETO,1,2
09,09,02,243,090902243,LAS MELLIZAS,2,POBLADO COMPLETO,1,2
09,09,02,244,090902244,MANANTIAL,2,POBLADO COMPLETO,1,2
09,09,02,245,090902245,MIRAMAR,2,POBLADO COMPLETO,1,2
09,09,02,246,090902246,MONTE LIRIO,2,POBLADO COMPLETO,1,2
09,09,02,247,090902247,PATIO BONITO,2,POBLADO COMPLETO,1,2
09,09,02,248,090902248,QUEBRADA CULEBRITA,2,POBLADO COMPLETO,1,2
09,09,02,249,090902249,QUEBRADA EL CARMEN,2,POBLADO COMPLETO,1,2
09,09,02,250,090902250,QUEBRADA LA GUINEITA,2,POBLADO COMPLETO,1,2
09,09,02,251,090902251,SARDINA ARRIBA,2,POBLADO COMPLETO,1,2
09,09,03,002,090903002,ALTO DE LA CRUZ,2,POBLADO COMPLETO,1,2
09,09,03,004,090903004,BOCA DE LA QUEBRADA CULACA,2,POBLADO COMPLETO,1,2
09,09,03,005,090903005,LA CALABONGA,2,POBLADO COMPLETO,1,2
09,09,03,006,090903006,CAÑABLANCAL,2,POBLADO COMPLETO,1,2
09,09,03,007,090903007,LA CULACA,2,POBLADO COMPLETO,1,2
09,09,03,008,090903008,EL ALTO,1,CABECERA,1,2
09,09,03,011,090903011,EL CARMEN,2,POBLADO COMPLETO,1,2
09,09,03,014,090903014,EL FILO,2,POBLADO COMPLETO,1,2
09,09,03,015,090903015,EL GALLITO,2,POBLADO COMPLETO,1,2
09,09,03,016,090903016,EL GALLO,2,POBLADO COMPLETO,1,2
09,09,03,017,090903017,EL GUAYABO,2,POBLADO COMPLETO,1,2
09,09,03,021,090903021,EL PALMARITO,3,POBLADO PARTE,1,2
09,09,03,025,090903025,GUAYABITO,2,POBLADO COMPLETO,1,2
09,09,03,028,090903028,LA GLORIA,2,POBLADO COMPLETO,1,2
09,09,03,029,090903029,LA GOLONDRINA,2,POBLADO COMPLETO,1,2
09,09,03,032,090903032,LA PANDURA No.1,2,POBLADO COMPLETO,1,2
09,09,03,035,090903035,LA PIÑUELA,2,POBLADO COMPLETO,1,2
09,09,03,036,090903036,LA PUENTE,2,POBLADO COMPLETO,1,2
09,09,03,040,090903040,LOMA LARGA,2,POBLADO COMPLETO,1,2
09,09,03,042,090903042,LOS BAJOS,2,POBLADO COMPLETO,1,2
09,09,03,044,090903044,PIEDRA DE MOLER,2,POBLADO COMPLETO,1,2
09,09,03,046,090903046,PIURA,2,POBLADO COMPLETO,1,2
09,09,03,048,090903048,ALTO EL PITO,2,POBLADO COMPLETO,1,2
09,09,03,051,090903051,LAS PEÑITAS,3,POBLADO PARTE,1,2
09,09,03,052,090903052,LA MULA,2,POBLADO COMPLETO,1,2
09,09,03,053,090903053,BAJO VENADO,2,POBLADO COMPLETO,1,2
09,09,03,054,090903054,LA FONDURA,2,POBLADO COMPLETO,1,2
09,09,03,056,090903056,LA PITA,2,POBLADO COMPLETO,1,2
09,09,03,057,090903057,EL CORALILLO,2,POBLADO COMPLETO,1,2
09,09,03,059,090903059,EL COGOLLAL,2,POBLADO COMPLETO,1,2
09,09,03,064,090903064,PALMA REAL,2,POBLADO COMPLETO,1,2
09,09,03,070,090903070,LAS PIEDRAS,2,POBLADO COMPLETO,1,2
09,09,04,001,090904001,LA PINTADA O BAJOS DE HIGUÍ,3,POBLADO PARTE,1,2
09,09,04,002,090904002,EL CUAICITO,2,POBLADO COMPLETO,1,2
09,09,04,003,090904003,EL BANQUILLO,2,POBLADO COMPLETO,1,2
09,09,04,004,090904004,EL CEDRO,3,POBLADO PARTE,1,2
09,09,04,005,090904005,EL CIRUELITO O EL CIRUELO,2,POBLADO COMPLETO,1,2
09,09,04,007,090904007,EL GUANÁBANO,2,POBLADO COMPLETO,1,2
09,09,04,009,090904009,EL HATILLO,3,POBLADO PARTE,1,2
09,09,04,010,090904010,EL INGLÉS,2,POBLADO COMPLETO,1,2
09,09,04,011,090904011,EL PEÑÓN,2,POBLADO COMPLETO,1,2
09,09,04,012,090904012,HATO DEL CARMEN,2,POBLADO COMPLETO,1,2
09,09,04,014,090904014,ALTO LAS MINAS O LOS HIGOS,2,POBLADO COMPLETO,1,2
09,09,04,015,090904015,LA PORCADA,2,POBLADO COMPLETO,1,2
09,09,04,019,090904019,LLANO DE LAS CAÑAZAS,2,POBLADO COMPLETO,1,2
09,09,04,020,090904020,LOS COROTÚES,1,CABECERA,1,2
09,09,04,021,090904021,LOS LLANOS DEL CUAY,2,POBLADO COMPLETO,1,2
09,09,04,022,090904022,LOS PINTOS,2,POBLADO COMPLETO,1,2
09,09,04,023,090904023,PAJA COLORADA,2,POBLADO COMPLETO,1,2
09,09,04,024,090904024,PAJA PELUDA,2,POBLADO COMPLETO,1,2
09,09,04,025,090904025,SAN ANTONIO,2,POBLADO COMPLETO,1,2
09,09,04,030,090904030,LA CUCHILLA,2,POBLADO COMPLETO,1,2
09,09,04,031,090904031,LA SABANETA No.1,2,POBLADO COMPLETO,1,2
09,09,04,032,090904032,EL MACHO,2,POBLADO COMPLETO,1,2
09,09,04,033,090904033,LAS QUEBRADAS,2,POBLADO COMPLETO,1,2
09,09,04,034,090904034,CUAY ARRIBA,3,POBLADO PARTE,1,2
09,09,04,035,090904035,LA MONTAÑUELITA No.1,2,POBLADO COMPLETO,1,2
09,09,04,037,090904037,LAS LAGUNAS,2,POBLADO COMPLETO,1,2
09,09,04,038,090904038,LAS MERCEDES,2,POBLADO COMPLETO,1,2
09,09,04,039,090904039,LAS MINITAS,2,POBLADO COMPLETO,1,2
09,09,04,040,090904040,LOS QUIEL,3,POBLADO PARTE,1,2
09,09,04,044,090904044,LOS LLANITOS,2,POBLADO COMPLETO,1,2
09,09,04,045,090904045,EL CALABAZO,2,POBLADO COMPLETO,1,2
09,09,04,046,090904046,EL CUBANO,2,POBLADO COMPLETO,1,2
09,09,04,047,090904047,EL JUNCAL,2,POBLADO COMPLETO,1,2
09,09,05,001,090905001,ALTO DE ESPAVÉ,2,POBLADO COMPLETO,1,2
09,09,05,002,090905002,ALTO DE LOS GONZÁLEZ,2,POBLADO COMPLETO,1,2
09,09,05,003,090905003,ALTO DE LOS PINEDAS,2,POBLADO COMPLETO,1,2
09,09,05,005,090905005,BERMEJO O EL SERENO,3,POBLADO PARTE,1,2
09,09,05,007,090905007,EL NARANJO O QUEBRADA EL NARANJO,2,POBLADO COMPLETO,1,2
09,09,05,008,090905008,EL PALMAR,2,POBLADO COMPLETO,1,2
09,09,05,009,090905009,EL PANTANO,1,CABECERA,1,2
09,09,05,010,090905010,LA ATOLLOSA,2,POBLADO COMPLETO,1,2
09,09,05,011,090905011,NARICES,2,POBLADO COMPLETO,1,2
09,09,05,012,090905012,PAJONAL,2,POBLADO COMPLETO,1,2
09,09,05,013,090905013,PIRAGUAL,2,POBLADO COMPLETO,1,2
09,09,05,015,090905015,OJO DE AGUA,2,POBLADO COMPLETO,1,2
09,09,06,001,090906001,AGUA FRÍA,2,POBLADO COMPLETO,1,2
09,09,06,004,090906004,BEJUCAL,2,POBLADO COMPLETO,1,2
09,09,06,005,090906005,CAIMITO,2,POBLADO COMPLETO,1,2
09,09,06,008,090906008,EL TRIMPINAL,3,POBLADO PARTE,2,2
09,09,06,011,090906011,GATÚ,1,CABECERA,1,2
09,09,06,015,090906015,LA SABANETA,2,POBLADO COMPLETO,1,2
09,09,06,017,090906017,LOS DÍAZ,2,POBLADO COMPLETO,1,2
09,09,06,021,090906021,RÍO AZUL,2,POBLADO COMPLETO,1,2
09,09,06,022,090906022,SAN JOSÉ,2,POBLADO COMPLETO,1,2
09,09,06,023,090906023,SANTA BÁRBARA,2,POBLADO COMPLETO,1,2
09,09,06,024,090906024,SAN MIGUEL,2,POBLADO COMPLETO,1,2
09,09,06,026,090906026,LOMA DEL MEDIO,2,POBLADO COMPLETO,1,2
09,09,06,027,090906027,SAN MIGUEL ARRIBA,2,POBLADO COMPLETO,1,2
09,09,06,028,090906028,OJO DE AGUA,2,POBLADO COMPLETO,1,2
09,09,06,031,090906031,CEDRO FINO,2,POBLADO COMPLETO,1,2
09,09,06,032,090906032,GATUNCITO,2,POBLADO COMPLETO,1,2
09,09,06,033,090906033,LA PALMITA,2,POBLADO COMPLETO,1,2
09,09,06,034,090906034,LA PITA,2,POBLADO COMPLETO,1,2
09,09,06,036,090906036,LAS LAJITAS,2,POBLADO COMPLETO,1,2
09,09,06,037,090906037,LOS CASARETONE,2,POBLADO COMPLETO,1,2
09,09,06,038,090906038,QUEBRADA BEJUCAL,2,POBLADO COMPLETO,1,2
09,09,06,039,090906039,QUEBRADA OSCURA,2,POBLADO COMPLETO,1,2
09,09,07,001,090907001,ALTO LIMÓN,2,POBLADO COMPLETO,1,2
09,09,07,002,090907002,ALTO ORTIGA,2,POBLADO COMPLETO,1,2
09,09,07,003,090907003,BAMBÚ O ALTO BAMBÚ,2,POBLADO COMPLETO,1,2
09,09,07,004,090907004,BOCA DE CALOVEBORITA,3,POBLADO PARTE,1,2
09,09,07,005,090907005,BOCA DE GALLOTA,2,POBLADO COMPLETO,1,2
09,09,07,006,090907006,BOCA DE RÍO GRANDE O NUEVA ESPERANZA,3,POBLADO PARTE,1,2
09,09,07,007,090907007,EL BONGO,2,POBLADO COMPLETO,1,2
09,09,07,008,090907008,CALOVEBORITA,2,POBLADO COMPLETO,1,2
09,09,07,009,090907009,CARRISILLAL,2,POBLADO COMPLETO,1,2
09,09,07,010,090907010,EL GUABAL,3,POBLADO PARTE,1,2
09,09,07,011,090907011,GUAZARITO No.2,2,POBLADO COMPLETO,1,2
09,09,07,012,090907012,HOJA DE TEÑIR,2,POBLADO COMPLETO,1,2
09,09,07,013,090907013,LA LLANITA,2,POBLADO COMPLETO,1,2
09,09,07,014,090907014,LA MICHA,2,POBLADO COMPLETO,1,2
09,09,07,015,090907015,LA PLAYITA,2,POBLADO COMPLETO,1,2
09,09,07,016,090907016,LA TOLLOSA O TOYOSA,2,POBLADO COMPLETO,1,2
09,09,07,017,090907017,LAS TRANCAS,2,POBLADO COMPLETO,1,2
09,09,07,018,090907018,LOMA DE LA PAVA,2,POBLADO COMPLETO,1,2
09,09,07,019,090907019,LOS AZULES,3,POBLADO PARTE,1,2
09,09,07,020,090907020,LOS CARACOLES O BOCA DE QUEBRADA CARACOLITO,2,POBLADO COMPLETO,1,2
09,09,07,021,090907021,LOS ÑAME,2,POBLADO COMPLETO,1,2
09,09,07,022,090907022,ORTIGA ARRIBA,2,POBLADO COMPLETO,1,2
09,09,07,023,090907023,PAJA PELUDA O LA PEDREGOSA,2,POBLADO COMPLETO,1,2
09,09,07,024,090907024,PALMAR,2,POBLADO COMPLETO,1,2
09,09,07,025,090907025,PATA DE LOMA GRANDE,3,POBLADO PARTE,1,2
09,09,07,026,090907026,PEDREGOSO No.1,2,POBLADO COMPLETO,1,2
09,09,07,027,090907027,PIEDRA DE MOLER,2,POBLADO COMPLETO,1,2
09,09,07,028,090907028,PIRAGUAL,2,POBLADO COMPLETO,1,2
09,09,07,030,090907030,QUEBRADA BENÍTEZ,2,POBLADO COMPLETO,1,2
09,09,07,033,090907033,QUEBRADA LA EMPALIZADA O LA PALIZADA,3,POBLADO PARTE,1,2
09,09,07,034,090907034,QUEBRADA LARGA No.1,2,POBLADO COMPLETO,1,2
09,09,07,035,090907035,QUEBRADA LARGA No.2,2,POBLADO COMPLETO,1,2
09,09,07,036,090907036,RÍO LUIS,4,CABECERA PARTE (Mixto),1,2
09,09,07,037,090907037,TUZA,2,POBLADO COMPLETO,1,2
09,09,07,038,090907038,BAJO GRANDE,3,POBLADO PARTE,1,2
09,09,07,039,090907039,CAMPAMENTO,2,POBLADO COMPLETO,1,2
09,09,07,040,090907040,EL PEJAL,2,POBLADO COMPLETO,1,2
09,09,07,041,090907041,EL PINO,2,POBLADO COMPLETO,1,2
09,09,07,042,090907042,EL TERRÓN DE VERAGUAS,2,POBLADO COMPLETO,1,2
09,09,07,043,090907043,FILIPINA,2,POBLADO COMPLETO,1,2
09,09,07,044,090907044,GUACÁ,2,POBLADO COMPLETO,1,2
09,09,07,045,090907045,GUAZARITO No.1,2,POBLADO COMPLETO,1,2
09,09,07,046,090907046,LAJITAS,2,POBLADO COMPLETO,1,2
09,09,07,047,090907047,PASO HONDO,3,POBLADO PARTE,1,2
09,09,07,049,090907049,QUEBRADA EL MACHO,2,POBLADO COMPLETO,1,2
09,09,07,050,090907050,CAMARONES,3,POBLADO PARTE,1,2
09,09,07,051,090907051,CHARCO RÓBALO,2,POBLADO COMPLETO,1,2
09,09,07,052,090907052,EL BATEO,2,POBLADO COMPLETO,1,2
09,09,07,053,090907053,LA ARREPENTIDA,2,POBLADO COMPLETO,1,2
09,09,07,054,090907054,PLAYITA ARRIBA,2,POBLADO COMPLETO,1,2
09,09,07,055,090907055,QUEBRADA LLANITA,2,POBLADO COMPLETO,1,2
09,09,08,002,090908002,ALTO CORONA,2,POBLADO COMPLETO,1,2
09,09,08,003,090908003,ALTO DE VALLE ALEGRE,2,POBLADO COMPLETO,1,2
09,09,08,006,090908006,CAÑA BLANCA,2,POBLADO COMPLETO,1,2
09,09,08,007,090908007,CHICHICAL,2,POBLADO COMPLETO,1,2
09,09,08,008,090908008,CHORRILLITO,3,POBLADO PARTE,1,2
09,09,08,009,090908009,CINCO CERROS O LOS CERRILLOS,2,POBLADO COMPLETO,1,2
09,09,08,011,090908011,EL CALABACITO,2,POBLADO COMPLETO,1,2
09,09,08,012,090908012,EL COMÚN,2,POBLADO COMPLETO,1,2
09,09,08,013,090908013,EL COMUNCITO,2,POBLADO COMPLETO,1,2
09,09,08,014,090908014,EL GUANÁBANO,2,POBLADO COMPLETO,1,2
09,09,08,015,090908015,EL HINOJAL,2,POBLADO COMPLETO,1,2
09,09,08,016,090908016,EL JUNCAL,2,POBLADO COMPLETO,1,2
09,09,08,017,090908017,EL JUNQUITO,2,POBLADO COMPLETO,1,2
09,09,08,018,090908018,EL MANZANILLO,2,POBLADO COMPLETO,1,2
09,09,08,019,090908019,EL PALMARITO,3,POBLADO PARTE,1,2
09,09,08,020,090908020,EL PEDREGOSO,2,POBLADO COMPLETO,1,2
09,09,08,021,090908021,ESPAVÉ,2,POBLADO COMPLETO,1,2
09,09,08,022,090908022,GUABITO,2,POBLADO COMPLETO,1,2
09,09,08,023,090908023,LA CIÉNAGA,2,POBLADO COMPLETO,1,2
09,09,08,024,090908024,LA EVIDENCIA,2,POBLADO COMPLETO,1,2
09,09,08,025,090908025,LA ISLETA No.1,2,POBLADO COMPLETO,1,2
09,09,08,026,090908026,LA MONTAÑUELA ABAJO O LA MONTAÑA ABAJO,2,POBLADO COMPLETO,1,2
09,09,08,027,090908027,LA MONTAÑUELA ARRIBA O LA MONTAÑA ARRIBA,2,POBLADO COMPLETO,1,2
09,09,08,028,090908028,LA PACORA,2,POBLADO COMPLETO,1,2
09,09,08,029,090908029,LA PANDURA No.2,2,POBLADO COMPLETO,2,2
09,09,08,030,090908030,LA PEÑA,2,POBLADO COMPLETO,1,2
09,09,08,031,090908031,LA PITA O EL AGUACATE,2,POBLADO COMPLETO,1,2
09,09,08,032,090908032,LA SABANETA,2,POBLADO COMPLETO,1,2
09,09,08,033,090908033,LAS MINITAS,2,POBLADO COMPLETO,1,2
09,09,08,034,090908034,LAS PEÑITAS,3,POBLADO PARTE,1,2
09,09,08,035,090908035,LAS TIBURCIAS,2,POBLADO COMPLETO,1,2
09,09,08,036,090908036,LOMA DEL MEDIO,2,POBLADO COMPLETO,1,2
09,09,08,038,090908038,LOS SANTANA,2,POBLADO COMPLETO,1,2
09,09,08,039,090908039,PALO VERDE,2,POBLADO COMPLETO,1,2
09,09,08,040,090908040,PESCARA,1,CABECERA,1,2
09,09,08,041,090908041,SABANETA DE PESCARA,2,POBLADO COMPLETO,1,2
09,09,08,042,090908042,EL TRIMPINAL,3,POBLADO PARTE,1,2
09,09,08,043,090908043,BETEGUÍ,3,POBLADO PARTE,1,2
09,09,08,045,090908045,LA AZULITA,2,POBLADO COMPLETO,1,2
09,10,01,002,091001002,ALTOS DE MARTINCITO,2,POBLADO COMPLETO,1,2
09,10,01,044,091001044,LA LECHUZA,2,POBLADO COMPLETO,1,2
09,10,01,067,091001067,MARTINCITO,2,POBLADO COMPLETO,1,2
09,10,01,071,091001071,PAMPLONA,2,POBLADO COMPLETO,1,2
09,10,01,082,091001082,SANTA CLARA,2,POBLADO COMPLETO,1,2
09,10,01,083,091001083,SANTIAGO,4,CABECERA PARTE (Mixto),1,1
09,10,01,108,091001108,LA CRUZ DE MARTINCITO,2,POBLADO COMPLETO,1,2
09,10,01,113,091001113,EL SANCHE,2,POBLADO COMPLETO,1,2
09,10,01,114,091001114,LOMA LOS TECAS,2,POBLADO COMPLETO,1,2
09,10,01,118,091001118,LA FLORECITA ABAJO,2,POBLADO COMPLETO,1,2
09,10,01,121,091001121,VILLA BELÉN,3,POBLADO PARTE,1,2
09,10,01,122,091001122,ALTO DE LOS HATILLOS,2,POBLADO COMPLETO,1,2
09,10,02,001,091002001,ASAJAL,2,POBLADO COMPLETO,1,2
09,10,02,003,091002003,EL CENTENO,2,POBLADO COMPLETO,1,2
09,10,02,004,091002004,EL CONEJO,2,POBLADO COMPLETO,1,2
09,10,02,006,091002006,EL PELIGRO,2,POBLADO COMPLETO,1,2
09,10,02,007,091002007,EL QUIRRI,2,POBLADO COMPLETO,1,2
09,10,02,008,091002008,EL RASCA,2,POBLADO COMPLETO,1,2
09,10,02,010,091002010,JALOBRA,2,POBLADO COMPLETO,1,2
09,10,02,011,091002011,LA COLORADA,1,CABECERA,1,2
09,10,02,013,091002013,LOS HATILLOS,2,POBLADO COMPLETO,1,2
09,10,02,014,091002014,LOS MARINES,2,POBLADO COMPLETO,1,2
09,10,02,016,091002016,EL PASO REAL,2,POBLADO COMPLETO,1,2
09,10,02,017,091002017,EL PORO PORO,2,POBLADO COMPLETO,1,2
09,10,02,018,091002018,QUEBRADA HONDA,2,POBLADO COMPLETO,1,2
09,10,02,019,091002019,TOCERES,2,POBLADO COMPLETO,1,2
09,10,02,020,091002020,LA TRINCHERA,2,POBLADO COMPLETO,1,2
09,10,02,021,091002021,EL TEJAR,2,POBLADO COMPLETO,1,2
09,10,02,022,091002022,EL VILLANO,2,POBLADO COMPLETO,1,2
09,10,02,023,091002023,EL ZAPOTE O PUEBLO NUEVO,3,POBLADO PARTE,1,2
09,10,02,024,091002024,BRISAS DE ESPERANZA,2,POBLADO COMPLETO,1,2
09,10,02,025,091002025,LA ISLETA,2,POBLADO COMPLETO,1,2
09,10,02,026,091002026,CASTILLOS DE LA HERRADURA,2,POBLADO COMPLETO,1,2
09,10,03,015,091003015,EL HORMIGAL,2,POBLADO COMPLETO,2,2
09,10,03,017,091003017,LA COLORADITA DE LA PEÑA,2,POBLADO COMPLETO,1,2
09,10,03,018,091003018,LA ENSILLADA,2,POBLADO COMPLETO,1,2
09,10,03,022,091003022,LA PEÑA,1,CABECERA,1,1
09,10,03,026,091003026,LAS GUACAS O LAS HUACAS,3,POBLADO PARTE,1,2
09,10,03,027,091003027,LA SUBIDITA,2,POBLADO COMPLETO,1,2
09,10,03,032,091003032,LOS REMEDIOS,2,POBLADO COMPLETO,1,2
09,10,03,033,091003033,LOS ZAMORANOS,2,POBLADO COMPLETO,1,2
09,10,03,034,091003034,LOS SOLÍCES,2,POBLADO COMPLETO,1,2
09,10,03,035,091003035,LLANO DE CASTILLO,2,POBLADO COMPLETO,1,2
09,10,03,037,091003037,LLANO DE SAN JUAN,2,POBLADO COMPLETO,1,2
09,10,03,042,091003042,RINCÓN LARGO,3,POBLADO PARTE,1,2
09,10,03,044,091003044,SAN PEDRITO,2,POBLADO COMPLETO,1,2
09,10,03,050,091003050,EL BARBERILLO,2,POBLADO COMPLETO,1,2
09,10,03,053,091003053,BOQUILLA DE LOS SANTOS,2,POBLADO COMPLETO,1,2
09,10,03,054,091003054,CERRO GORDO DE LA CANTERA,2,POBLADO COMPLETO,1,2
09,10,03,055,091003055,GUAYABAL,3,POBLADO PARTE,1,2
09,10,03,056,091003056,RESIDENCIAL VILLA NUEVA,2,POBLADO COMPLETO,1,2
09,10,03,057,091003057,EL RINCÓN DE LA SUBIDITA,2,POBLADO COMPLETO,1,2
09,10,03,058,091003058,RESIDENCIAL BRISAS DE SANTIAGO,2,POBLADO COMPLETO,1,2
09,10,04,002,091004002,CAPELLANÍA,2,POBLADO COMPLETO,1,2
09,10,04,003,091004003,EL HIGO,2,POBLADO COMPLETO,1,2
09,10,04,004,091004004,EL IRLANDÉS,2,POBLADO COMPLETO,1,2
09,10,04,005,091004005,EL PEDERNAL,2,POBLADO COMPLETO,1,2
09,10,04,011,091004011,LA RAYA DE SANTA MARÍA,1,CABECERA,1,2
09,10,04,015,091004015,LA GALLARUSA,2,POBLADO COMPLETO,1,2
09,10,04,016,091004016,BAJO GRANDE,2,POBLADO COMPLETO,1,2
09,10,04,017,091004017,CENTRAL AZUCARERA LA VICTORIA,2,POBLADO COMPLETO,2,2
09,10,04,019,091004019,LOS BAJOS,2,POBLADO COMPLETO,1,2
09,10,04,020,091004020,FINCA EL RINCÓN,2,POBLADO COMPLETO,1,2
09,10,05,003,091005003,ALTO EL NANCE,2,POBLADO COMPLETO,1,2
09,10,05,010,091005010,CARATALES,2,POBLADO COMPLETO,1,2
09,10,05,018,091005018,EL JAGUA,2,POBLADO COMPLETO,1,2
09,10,05,019,091005019,EL NEGRITO,2,POBLADO COMPLETO,1,2
09,10,05,020,091005020,EL PERA,2,POBLADO COMPLETO,1,2
09,10,05,022,091005022,EL PINTADO,2,POBLADO COMPLETO,1,2
09,10,05,026,091005026,ESPAVÉ O PALO BLANCO,2,POBLADO COMPLETO,1,2
09,10,05,028,091005028,LA HONDA,2,POBLADO COMPLETO,1,2
09,10,05,031,091005031,LA MANGA DE LIMÓN,2,POBLADO COMPLETO,1,2
09,10,05,033,091005033,LA PROVIDENCIA,2,POBLADO COMPLETO,1,2
09,10,05,036,091005036,LAS HUERTAS,2,POBLADO COMPLETO,1,2
09,10,05,039,091005039,EL GUABO,2,POBLADO COMPLETO,1,2
09,10,05,042,091005042,LOS SITIOS,2,POBLADO COMPLETO,1,2
09,10,05,044,091005044,MACHO ABAJO,2,POBLADO COMPLETO,1,2
09,10,05,045,091005045,MACHO ARRIBA,2,POBLADO COMPLETO,1,2
09,10,05,046,091005046,MAREA ABAJO,2,POBLADO COMPLETO,1,2
09,10,05,047,091005047,MAREA ARRIBA,2,POBLADO COMPLETO,1,2
09,10,05,050,091005050,PIÑAS,2,POBLADO COMPLETO,1,2
09,10,05,052,091005052,PONUGA,1,CABECERA,1,2
09,10,05,057,091005057,TRANQUILLAS,2,POBLADO COMPLETO,1,2
09,10,05,058,091005058,VISUETES,2,POBLADO COMPLETO,1,2
09,10,05,062,091005062,EL ZAPOTE O PUEBLO NUEVO,3,POBLADO PARTE,1,2
09,10,05,064,091005064,ALTO DE LOS PERICOS,2,POBLADO COMPLETO,1,2
09,10,05,066,091005066,LA ISLA,2,POBLADO COMPLETO,1,2
09,10,05,072,091005072,CALLEJÓN HONDO,2,POBLADO COMPLETO,1,2
09,10,05,073,091005073,VALLE VERDE,2,POBLADO COMPLETO,2,2
09,10,05,075,091005075,LA GARCEANA,3,POBLADO PARTE,1,2
09,10,06,001,091006001,EL BICHAL,2,POBLADO COMPLETO,1,2
09,10,06,002,091006002,EL BONGO,2,POBLADO COMPLETO,1,2
09,10,06,004,091006004,EL NANCE,2,POBLADO COMPLETO,1,2
09,10,06,005,091006005,LA FRAGUA,2,POBLADO COMPLETO,1,2
09,10,06,006,091006006,LAS MARGARITAS,2,POBLADO COMPLETO,1,2
09,10,06,007,091006007,LAS ACACIAS,2,POBLADO COMPLETO,1,2
09,10,06,008,091006008,LAS GUACAS O LAS HUACAS,3,POBLADO PARTE,1,2
09,10,06,009,091006009,RANCHO SANTA BÁRBARA,2,POBLADO COMPLETO,1,2
09,10,06,011,091006011,SAN PEDRO DE LA HORQUETA,2,POBLADO COMPLETO,1,2
09,10,06,012,091006012,SAN PEDRO DEL ESPINO,1,CABECERA,1,2
09,10,06,013,091006013,FINCA NOPAL,2,POBLADO COMPLETO,1,2
09,10,06,014,091006014,VILLA ITABE,2,POBLADO COMPLETO,2,2
09,10,06,015,091006015,RINCÓN LARGO,3,POBLADO PARTE,1,2
09,10,06,016,091006016,FINCA LA PAZ,2,POBLADO COMPLETO,1,2
09,10,07,002,091007002,BARRIADA SAN ROQUE,2,POBLADO COMPLETO,1,2
09,10,07,003,091007003,CAÑACILLAS ARRIBA,2,POBLADO COMPLETO,1,2
09,10,07,005,091007005,EL ANÓN,2,POBLADO COMPLETO,1,2
09,10,07,008,091007008,EL ESPINO,2,POBLADO COMPLETO,1,2
09,10,07,010,091007010,EL NANCE,2,POBLADO COMPLETO,1,2
09,10,07,013,091007013,FINCA EL OROZCO O JUAN PÍO,2,POBLADO COMPLETO,2,2
09,10,07,016,091007016,LA BRUJA,2,POBLADO COMPLETO,1,2
09,10,07,018,091007018,LA PITA,2,POBLADO COMPLETO,1,2
09,10,07,022,091007022,LOS CHIVOS,2,POBLADO COMPLETO,2,2
09,10,07,024,091007024,LA MATA DEL ESPINO,2,POBLADO COMPLETO,1,2
09,10,07,025,091007025,MIRADOR,2,POBLADO COMPLETO,1,2
09,10,07,029,091007029,POSADA BELISARIO PORRAS,2,POBLADO COMPLETO,1,2
09,10,07,035,091007035,CANTO DEL LLANO,4,CABECERA PARTE (Mixto),1,1
09,10,07,038,091007038,VILLA SAN FRANCISCO,2,POBLADO COMPLETO,1,2
09,10,07,040,091007040,BARRIADA LAS PERLAS,2,POBLADO COMPLETO,1,2
09,10,07,041,091007041,NUEVO BELÉN O NUEVA JERUSALÉN,2,POBLADO COMPLETO,1,2
09,10,07,042,091007042,FINCA EL CLAVIJO,2,POBLADO COMPLETO,1,2
09,10,07,048,091007048,FINCA EL ANÓN,2,POBLADO COMPLETO,1,2
09,10,07,049,091007049,RESIDENCIAL LOS SUEÑOS DE SANTIAGO,3,POBLADO PARTE,1,2
09,10,07,050,091007050,RESIDENCIAL RIVERS BANN,2,POBLADO COMPLETO,1,2
09,10,07,051,091007051,RESIDENCIAL VILLA CAMPESTRE,2,POBLADO COMPLETO,1,2
09,10,07,052,091007052,LOS CISNES,2,POBLADO COMPLETO,1,2
09,10,07,053,091007053,RESIDENCIAL LA RESERVA,2,POBLADO COMPLETO,1,2
09,10,07,054,091007054,RESIDENCIAL QUINTA LAS ACACIAS,2,POBLADO COMPLETO,1,2
09,10,07,055,091007055,RESIDENCIAL VILLAS DEL LAGO,2,POBLADO COMPLETO,1,2
09,10,08,001,091008001,ALTOS DE LOS GONZÁLEZ,2,POBLADO COMPLETO,1,2
09,10,08,002,091008002,EL BARRO,2,POBLADO COMPLETO,1,2
09,10,08,003,091008003,EL CARRASCO,2,POBLADO COMPLETO,1,2
09,10,08,004,091008004,EL EMBALSADERO,2,POBLADO COMPLETO,1,2
09,10,08,005,091008005,EL FELIPE,2,POBLADO COMPLETO,1,2
09,10,08,006,091008006,EL LLANILLO,2,POBLADO COMPLETO,1,2
09,10,08,008,091008008,EL PORVENIR,2,POBLADO COMPLETO,1,2
09,10,08,009,091008009,EL ZURRÓN,2,POBLADO COMPLETO,1,2
09,10,08,010,091008010,HIGO MOCHO,2,POBLADO COMPLETO,1,2
09,10,08,011,091008011,LA COROCITA,2,POBLADO COMPLETO,1,2
09,10,08,012,091008012,LA IGUANA,2,POBLADO COMPLETO,1,2
09,10,08,013,091008013,LA MONTAÑUELA ABAJO,2,POBLADO COMPLETO,1,2
09,10,08,014,091008014,LA MONTAÑUELA ARRIBA,2,POBLADO COMPLETO,1,2
09,10,08,015,091008015,LA RUFINA,2,POBLADO COMPLETO,1,2
09,10,08,016,091008016,LLANO LARGO,3,POBLADO PARTE,1,2
09,10,08,018,091008018,LOS ALGARROBOS,1,CABECERA,1,1
09,10,08,019,091008019,LOS ALMANZA,2,POBLADO COMPLETO,1,2
09,10,08,020,091008020,LOS ALTOS,2,POBLADO COMPLETO,1,2
09,10,08,021,091008021,LOS BALSAS,2,POBLADO COMPLETO,1,2
09,10,08,022,091008022,LOS BARRIALES,2,POBLADO COMPLETO,1,2
09,10,08,023,091008023,PACORA O SAN PEDRO PACORA,2,POBLADO COMPLETO,1,2
09,10,08,025,091008025,SAN PEDRO DEL RINCÓN,2,POBLADO COMPLETO,1,2
09,10,08,026,091008026,EL BRUJILLO,2,POBLADO COMPLETO,1,2
09,10,08,027,091008027,FINCA SAN JOSÉ OBRERO,2,POBLADO COMPLETO,1,2
09,10,08,028,091008028,LOS HERNÁNDEZ,2,POBLADO COMPLETO,1,2
09,10,09,001,091009001,CONACA,2,POBLADO COMPLETO,1,2
09,10,09,002,091009002,EL CANGREJAL,2,POBLADO COMPLETO,1,2
09,10,09,003,091009003,EL ESPINO DE SANTA ROSA,2,POBLADO COMPLETO,1,2
09,10,09,004,091009004,JUÁREZ,2,POBLADO COMPLETO,1,2
09,10,09,005,091009005,LA CIRIACA,2,POBLADO COMPLETO,1,2
09,10,09,006,091009006,LA CONCEPCIÓN,2,POBLADO COMPLETO,1,2
09,10,09,007,091009007,LA MATA,4,CABECERA PARTE (Mixto),1,2
09,10,09,008,091009008,LOS BOQUERONES,3,POBLADO PARTE,1,2
09,10,09,009,091009009,LOS CERROS,3,POBLADO PARTE,1,2
09,10,09,010,091009010,PUEBLO NUEVO No.1,2,POBLADO COMPLETO,1,2
09,10,09,011,091009011,AGUAS LIMPIAS,2,POBLADO COMPLETO,1,2
09,10,09,012,091009012,LA LAJITA,2,POBLADO COMPLETO,1,2
09,10,09,013,091009013,ESTANCIA LAS ROCAS,2,POBLADO COMPLETO,1,2
09,10,09,014,091009014,LA GARZA,2,POBLADO COMPLETO,1,2
09,10,09,015,091009015,LAGO LIMÓN,2,POBLADO COMPLETO,1,2
09,10,09,016,091009016,RESIDENCIAL VILLA ISABEL,2,POBLADO COMPLETO,1,2
09,10,09,017,091009017,RESIDENCIAL VILLA YOLANIS,2,POBLADO COMPLETO,1,2
09,10,09,018,091009018,JARDINES ESPINO DE LA ROSA,2,POBLADO COMPLETO,1,2
09,10,09,019,091009019,RESIDENCIAL URRACA´S,2,POBLADO COMPLETO,1,2
09,10,09,020,091009020,RESIDENCIAL VÍA EL INGENIO,2,POBLADO COMPLETO,1,2
09,10,09,021,091009021,RESIDENCIAL VILLA CASIMIRA,2,POBLADO COMPLETO,1,2
09,10,09,022,091009022,RESIDENCIAL LOS BOQUERONES,2,POBLADO COMPLETO,1,2
09,10,10,001,091010001,ALTO DEL NANCE,2,POBLADO COMPLETO,1,2
09,10,10,002,091010002,EL ALGARROBO,2,POBLADO COMPLETO,1,2
09,10,10,003,091010003,EL CAIMITO,2,POBLADO COMPLETO,1,2
09,10,10,004,091010004,EL GUAYABO,2,POBLADO COMPLETO,1,2
09,10,10,005,091010005,EL SALITRE,2,POBLADO COMPLETO,1,2
09,10,10,006,091010006,JUNQUILLO,2,POBLADO COMPLETO,1,2
09,10,10,007,091010007,LA CANTERA,2,POBLADO COMPLETO,1,2
09,10,10,008,091010008,LA GRACIANA,2,POBLADO COMPLETO,1,2
09,10,10,009,091010009,LA LAGUNA,2,POBLADO COMPLETO,1,2
09,10,10,010,091010010,LA LEGA,2,POBLADO COMPLETO,1,2
09,10,10,011,091010011,LA VALDESITA O QUEBRADA HONDA No.2,2,POBLADO COMPLETO,1,2
09,10,10,012,091010012,LA VALDÉZ,2,POBLADO COMPLETO,1,2
09,10,10,013,091010013,LOS PEÑONES,2,POBLADO COMPLETO,2,2
09,10,10,014,091010014,MARTÍN CHIQUITO,2,POBLADO COMPLETO,1,2
09,10,10,015,091010015,MARTÍN GRANDE,1,CABECERA,1,2
09,10,10,016,091010016,PIEDRA DEL SOL,2,POBLADO COMPLETO,1,2
09,10,10,017,091010017,QUEBRADA HONDA,2,POBLADO COMPLETO,1,2
09,10,10,018,091010018,LA ESPERANZA,2,POBLADO COMPLETO,1,2
09,10,10,019,091010019,LA ESTRELLA,2,POBLADO COMPLETO,1,2
09,10,10,021,091010021,LA BOTIJA,2,POBLADO COMPLETO,1,2
09,10,10,022,091010022,HACIENDA DEL SOL,2,POBLADO COMPLETO,1,2
09,10,10,023,091010023,RESIDENCIAL PATRICIA ITALIA,2,POBLADO COMPLETO,1,2
09,10,10,024,091010024,RESIDENCIAL SAGRADO CORAZÓN DE JESÚS,2,POBLADO COMPLETO,1,2
09,10,10,025,091010025,RESIDENCIAL SAN JUDAS TADEO,2,POBLADO COMPLETO,1,2
09,10,11,001,091011001,BARRIADA SAN MARTÍN DE PORRES,1,CABECERA,1,1
09,10,11,004,091011004,PUNTA DELGADITA,3,POBLADO PARTE,1,1
09,10,12,001,091012001,ALTO DE LOS DUENDES,2,POBLADO COMPLETO,1,2
09,10,12,002,091012002,CAÑAZAS ARRIBA,2,POBLADO COMPLETO,1,2
09,10,12,003,091012003,EL CAPACHO,2,POBLADO COMPLETO,1,2
09,10,12,004,091012004,FINCA GALERA,2,POBLADO COMPLETO,1,2
09,10,12,005,091012005,HATO VIEJO,2,POBLADO COMPLETO,1,2
09,10,12,006,091012006,LA PEANA,2,POBLADO COMPLETO,1,2
09,10,12,007,091012007,LLANO DE LA CRUZ,1,CABECERA,1,2
09,10,12,008,091012008,LOS BARRIALES,2,POBLADO COMPLETO,1,2
09,10,12,009,091012009,MIRANDA,2,POBLADO COMPLETO,1,2
09,10,12,010,091012010,QUEBRADA EL GATO,2,POBLADO COMPLETO,1,2
09,10,12,011,091012011,TIERRA HUECA,2,POBLADO COMPLETO,1,2
09,10,12,013,091012013,UÑATE,2,POBLADO COMPLETO,1,2
09,10,12,014,091012014,FINCA EL BOQUETÓN,2,POBLADO COMPLETO,1,2
09,10,12,015,091012015,QUEBRADA LA PILETA,2,POBLADO COMPLETO,1,2
09,10,12,016,091012016,LA DOS MIL,2,POBLADO COMPLETO,1,2
09,10,12,017,091012017,RESIDENCIAL ALELÍ,2,POBLADO COMPLETO,1,2
09,10,12,018,091012018,RESIDENCIAL LOS SUEÑOS DE SANTIAGO,3,POBLADO PARTE,1,2
09,10,13,001,091013001,BARRIADA 8 DE DICIEMBRE,2,POBLADO COMPLETO,1,2
09,10,13,002,091013002,BARRIADA BELLO AMANECER,2,POBLADO COMPLETO,1,2
09,10,13,003,091013003,BARRIADA LA ESPERANZA,2,POBLADO COMPLETO,1,2
09,10,13,004,091013004,BARRIADA SAN AGUSTÍN,2,POBLADO COMPLETO,1,2
09,10,13,005,091013005,BARRIADA SANTA LUCÍA,2,POBLADO COMPLETO,1,2
09,10,13,006,091013006,BARRIADA VILLA LOURDES,2,POBLADO COMPLETO,1,2
09,10,13,007,091013007,BELLO HORIZONTE,2,POBLADO COMPLETO,1,2
09,10,13,008,091013008,BRISAS DE SAN FRANCISCO,2,POBLADO COMPLETO,1,2
09,10,13,009,091013009,CANTO DEL LLANO,3,POBLADO PARTE,1,1
09,10,13,010,091013010,EL UVITO,2,POBLADO COMPLETO,1,2
09,10,13,011,091013011,LA SOLEDAD,1,CABECERA,1,2
09,10,13,012,091013012,MONAGRILLO DE LA SOLEDAD,2,POBLADO COMPLETO,1,2
09,10,13,013,091013013,RESIDENCIAL EL TORREÓN,2,POBLADO COMPLETO,1,2
09,10,13,014,091013014,RESIDENCIAL GÉNESIS,2,POBLADO COMPLETO,1,2
09,10,13,015,091013015,RESIDENCIAL ITALITA,2,POBLADO COMPLETO,1,2
09,10,13,016,091013016,RESIDENCIAL JESÚS DE PRAGA,2,POBLADO COMPLETO,1,2
09,10,13,017,091013017,SANTIAGO,3,POBLADO PARTE,1,1
09,10,13,018,091013018,URBANIZACIÓN SANTA TERESITA,2,POBLADO COMPLETO,1,2
09,10,13,019,091013019,VILLA ALEXANDRA,2,POBLADO COMPLETO,1,2
09,10,13,020,091013020,RESIDENCIAL SANTIAGO PARK,2,POBLADO COMPLETO,1,2
09,10,13,021,091013021,RESIDENCIAL LA SOLEDAD GARDEN,2,POBLADO COMPLETO,1,2
09,10,14,001,091014001,BETHEL O LOS PERICOS,2,POBLADO COMPLETO,1,2
09,10,14,002,091014002,CAÑACILLAS VÍA AEROPUERTO,2,POBLADO COMPLETO,1,2
09,10,14,003,091014003,GUAYAQUIL,2,POBLADO COMPLETO,1,2
09,10,14,004,091014004,LOS RUJANOS,2,POBLADO COMPLETO,1,2
09,10,14,005,091014005,PUNTA DELGADITA,3,POBLADO PARTE,1,1
09,10,14,006,091014006,SAN ANTONIO,3,POBLADO PARTE,1,1
09,10,14,007,091014007,SANTIAGO,4,CABECERA PARTE (Mixto),1,1
09,10,15,001,091015001,CALACUCHA O CARACUCHO,2,POBLADO COMPLETO,1,2
09,10,15,002,091015002,CAÑAZAS ABAJO,1,CABECERA,1,2
09,10,15,003,091015003,CORITA,2,POBLADO COMPLETO,1,2
09,10,15,004,091015004,FINCA LA MACHA,2,POBLADO COMPLETO,1,2
09,10,15,005,091015005,JORÓN,2,POBLADO COMPLETO,1,2
09,10,15,006,091015006,LA HUACA,2,POBLADO COMPLETO,1,2
09,10,15,007,091015007,LAGARTERO,2,POBLADO COMPLETO,1,2
09,10,16,001,091016001,AGUACATAL,2,POBLADO COMPLETO,1,2
09,10,16,002,091016002,ALTO DEL BARRÍA,2,POBLADO COMPLETO,2,2
09,10,16,003,091016003,ALTO EL HORCÓN,2,POBLADO COMPLETO,1,2
09,10,16,004,091016004,BARRACÍN,2,POBLADO COMPLETO,1,2
09,10,16,005,091016005,BARRO MORADO,2,POBLADO COMPLETO,1,2
09,10,16,006,091016006,CALABACITO,2,POBLADO COMPLETO,1,2
09,10,16,007,091016007,CARRIZAL,2,POBLADO COMPLETO,1,2
09,10,16,008,091016008,CIRBULACO,1,CABECERA,1,2
09,10,16,009,091016009,DOS BOCAS,2,POBLADO COMPLETO,1,2
09,10,16,010,091016010,EL COCO,2,POBLADO COMPLETO,1,2
09,10,16,011,091016011,EL COCO ARRIBA,2,POBLADO COMPLETO,1,2
09,10,16,012,091016012,EL COQUITO,2,POBLADO COMPLETO,1,2
09,10,16,013,091016013,EL GABRIEL,2,POBLADO COMPLETO,1,2
09,10,16,014,091016014,EL SITIO,2,POBLADO COMPLETO,1,2
09,10,16,015,091016015,EL SUAY,2,POBLADO COMPLETO,1,2
09,10,16,016,091016016,ENTRADERO DE LOS DUENDES,2,POBLADO COMPLETO,1,2
09,10,16,017,091016017,GUACAMAYA,2,POBLADO COMPLETO,1,2
09,10,16,018,091016018,LA LAGUNA,2,POBLADO COMPLETO,1,2
09,10,16,019,091016019,LA PIFA,2,POBLADO COMPLETO,1,2
09,10,16,020,091016020,LA PITA,2,POBLADO COMPLETO,1,2
09,10,16,021,091016021,LA SABANETA,2,POBLADO COMPLETO,1,2
09,10,16,022,091016022,LAS BLANDITAS,2,POBLADO COMPLETO,1,2
09,10,16,023,091016023,LAS COLOMAS,2,POBLADO COMPLETO,1,2
09,10,16,024,091016024,LOS DUENDES,2,POBLADO COMPLETO,1,2
09,10,16,025,091016025,LOS GUABITOS,2,POBLADO COMPLETO,1,2
09,10,16,026,091016026,LOS PLANES,2,POBLADO COMPLETO,1,2
09,10,16,027,091016027,LOS SÁBALOS,2,POBLADO COMPLETO,1,2
09,10,16,029,091016029,PALMA ALTA,2,POBLADO COMPLETO,2,2
09,10,16,030,091016030,PARAÍSO O TIESTAL DE PONUGA,2,POBLADO COMPLETO,1,2
09,10,16,031,091016031,PEÑA EL MERO,2,POBLADO COMPLETO,1,2
09,10,16,032,091016032,POCRÍ,2,POBLADO COMPLETO,1,2
09,10,16,033,091016033,SEÑILES,2,POBLADO COMPLETO,1,2
09,10,16,034,091016034,SUAY ARRIBA,2,POBLADO COMPLETO,1,2
09,10,16,035,091016035,ZAPOTAL,2,POBLADO COMPLETO,1,2
09,10,16,036,091016036,ZURRONES,2,POBLADO COMPLETO,1,2
09,11,01,001,091101001,TOBALICO,3,POBLADO PARTE,1,2
09,11,01,002,091101002,BAJO DE TOBALICO,2,POBLADO COMPLETO,1,2
09,11,01,005,091101005,AGUAS CLARAS,3,POBLADO PARTE,1,2
09,11,01,006,091101006,HACIENDA CALIFORNIA,2,POBLADO COMPLETO,1,2
09,11,01,007,091101007,DIEGO,3,POBLADO PARTE,1,2
09,11,01,008,091101008,EL ANGUILLAL,2,POBLADO COMPLETO,1,2
09,11,01,009,091101009,EL BARRERO,2,POBLADO COMPLETO,1,2
09,11,01,011,091101011,EL COMÚN,2,POBLADO COMPLETO,1,2
09,11,01,012,091101012,EL ENCANTO,2,POBLADO COMPLETO,1,2
09,11,01,013,091101013,EL MAMEY,2,POBLADO COMPLETO,1,2
09,11,01,014,091101014,LA CADENA,2,POBLADO COMPLETO,1,2
09,11,01,016,091101016,LA HOJITA,2,POBLADO COMPLETO,1,2
09,11,01,019,091101019,LA PITA,2,POBLADO COMPLETO,1,2
09,11,01,020,091101020,LA SABANETA,2,POBLADO COMPLETO,1,2
09,11,01,021,091101021,LAS PIEDRAS,2,POBLADO COMPLETO,1,2
09,11,01,022,091101022,LOS ALGARROBOS,2,POBLADO COMPLETO,1,2
09,11,01,024,091101024,EL GUÁSIMO,2,POBLADO COMPLETO,1,2
09,11,01,026,091101026,LOS TORETOS,2,POBLADO COMPLETO,1,2
09,11,01,027,091101027,LLANO LARGO,2,POBLADO COMPLETO,1,2
09,11,01,028,091101028,PUEBLO NUEVO,2,POBLADO COMPLETO,1,2
09,11,01,031,091101031,SONÁ,1,CABECERA,1,1
09,11,01,032,091101032,TOLERIQUE,2,POBLADO COMPLETO,1,2
09,11,01,033,091101033,HACIENDA TOLICA,2,POBLADO COMPLETO,1,2
09,11,01,035,091101035,TRIBIQUE,2,POBLADO COMPLETO,1,2
09,11,01,036,091101036,EL MARÍA O LA MARIPOSA,2,POBLADO COMPLETO,1,2
09,11,01,037,091101037,LA TOLLOSA,2,POBLADO COMPLETO,1,2
09,11,01,045,091101045,EL ALTO ALFARO,2,POBLADO COMPLETO,1,2
09,11,01,049,091101049,BARRIADA SAN PABLO,2,POBLADO COMPLETO,1,2
09,11,01,051,091101051,FINCA SAN ISIDRO,2,POBLADO COMPLETO,1,2
09,11,01,052,091101052,LOS SUEÑOS DE SONÁ,2,POBLADO COMPLETO,1,2
09,11,01,053,091101053,HACIENDA WACHAPALÍ,2,POBLADO COMPLETO,2,2
09,11,01,054,091101054,VILLA VICTORIA,2,POBLADO COMPLETO,2,2
09,11,02,003,091102003,BAHÍA HONDA,1,CABECERA,1,2
09,11,02,005,091102005,EL BARRANCO,2,POBLADO COMPLETO,2,2
09,11,02,013,091102013,CATIVITO,2,POBLADO COMPLETO,1,2
09,11,02,014,091102014,CATIVÓN,2,POBLADO COMPLETO,1,2
09,11,02,015,091102015,COROTÚ,2,POBLADO COMPLETO,1,2
09,11,02,026,091102026,EL ZAPOTE,2,POBLADO COMPLETO,1,2
09,11,02,027,091102027,HACHA,2,POBLADO COMPLETO,1,2
09,11,02,033,091102033,LA CALETA,2,POBLADO COMPLETO,1,2
09,11,02,035,091102035,LA COSTA,2,POBLADO COMPLETO,1,2
09,11,02,036,091102036,LA HONDURAS,2,POBLADO COMPLETO,1,2
09,11,02,037,091102037,LA ISLETA,2,POBLADO COMPLETO,1,2
09,11,02,038,091102038,LA MONA,2,POBLADO COMPLETO,1,2
09,11,02,039,091102039,LA PLAYA,2,POBLADO COMPLETO,1,2
09,11,02,043,091102043,LEONES ABAJO,2,POBLADO COMPLETO,1,2
09,11,02,044,091102044,LERENCITO,2,POBLADO COMPLETO,1,2
09,11,02,045,091102045,LEREN HONDO,2,POBLADO COMPLETO,1,2
09,11,02,048,091102048,ALTO DE LOS MACHOS,3,POBLADO PARTE,1,2
09,11,02,050,091102050,MAMEY,2,POBLADO COMPLETO,1,2
09,11,02,051,091102051,MANAGUA,2,POBLADO COMPLETO,1,2
09,11,02,055,091102055,PALMA REAL,2,POBLADO COMPLETO,1,2
09,11,02,058,091102058,PLAYA GOYA,2,POBLADO COMPLETO,1,2
09,11,02,062,091102062,PUNTA DE PRÓSPERO,2,POBLADO COMPLETO,1,2
09,11,02,068,091102068,RÍO DE LOS GATOS,2,POBLADO COMPLETO,1,2
09,11,02,070,091102070,RÍO LUIS,2,POBLADO COMPLETO,1,2
09,11,02,073,091102073,SALMONETE,2,POBLADO COMPLETO,1,2
09,11,02,077,091102077,LOS TASCALES,2,POBLADO COMPLETO,1,2
09,11,02,078,091102078,PUERTO ESCONDIDO,2,POBLADO COMPLETO,1,2
09,11,02,082,091102082,CABECERA DE CATIVITO,2,POBLADO COMPLETO,1,2
09,11,02,083,091102083,CABECERA DE MANAGUA,2,POBLADO COMPLETO,1,2
09,11,02,085,091102085,CABECERA DE SALMONETE,2,POBLADO COMPLETO,1,2
09,11,02,087,091102087,CABECERA DE COROTÚ,2,POBLADO COMPLETO,1,2
09,11,02,089,091102089,CANALES DE TIERRA,2,POBLADO COMPLETO,2,2
09,11,02,090,091102090,LA CADENA,2,POBLADO COMPLETO,1,2
09,11,02,091,091102091,EL PANAMÁ,2,POBLADO COMPLETO,1,2
09,11,02,092,091102092,ENSENADA EL NARANJO,2,POBLADO COMPLETO,1,2
09,11,02,093,091102093,LA QUILLA,2,POBLADO COMPLETO,1,2
09,11,03,001,091103001,AGUA BLANCA,2,POBLADO COMPLETO,1,2
09,11,03,002,091103002,ALTO DE CATECITO,2,POBLADO COMPLETO,1,2
09,11,03,003,091103003,ALTO DE LAS YEGUAS,2,POBLADO COMPLETO,1,2
09,11,03,006,091103006,CABECERA DE TRIBIQUE,2,POBLADO COMPLETO,1,2
09,11,03,007,091103007,ALTO DE MÉJICO,2,POBLADO COMPLETO,1,2
09,11,03,008,091103008,EL FRAILE,2,POBLADO COMPLETO,1,2
09,11,03,009,091103009,BAJO DE JERÓNIMO,2,POBLADO COMPLETO,1,2
09,11,03,010,091103010,BOCA DEL TALLO,2,POBLADO COMPLETO,1,2
09,11,03,011,091103011,ALTO BOQUETE,2,POBLADO COMPLETO,1,2
09,11,03,012,091103012,CABECERA DE CABIMALES,3,POBLADO PARTE,1,2
09,11,03,013,091103013,CABECERA DE BUBI,2,POBLADO COMPLETO,1,2
09,11,03,014,091103014,CABECERA DE HUESITALES,2,POBLADO COMPLETO,1,2
09,11,03,015,091103015,CABECERA DE LOVAINA,2,POBLADO COMPLETO,1,2
09,11,03,016,091103016,CABECERA DE PLATANALES,2,POBLADO COMPLETO,1,2
09,11,03,017,091103017,ALTO BUBI O QUEBRADA DE BUBI,2,POBLADO COMPLETO,1,2
09,11,03,019,091103019,CALIDONIA,1,CABECERA,1,2
09,11,03,020,091103020,CATECITO No.1,2,POBLADO COMPLETO,1,2
09,11,03,021,091103021,CATECITO No.2,3,POBLADO PARTE,1,2
09,11,03,022,091103022,DIEGO,3,POBLADO PARTE,1,2
09,11,03,023,091103023,EL AGUACATE,2,POBLADO COMPLETO,1,2
09,11,03,024,091103024,BOCA LA COROCITA,2,POBLADO COMPLETO,1,2
09,11,03,026,091103026,EL LAVADERO,2,POBLADO COMPLETO,1,2
09,11,03,027,091103027,EL MONO,3,POBLADO PARTE,1,2
09,11,03,028,091103028,NARANJO ARRIBA,2,POBLADO COMPLETO,1,2
09,11,03,029,091103029,EL SALTOSO,2,POBLADO COMPLETO,1,2
09,11,03,030,091103030,EL TALLO,2,POBLADO COMPLETO,1,2
09,11,03,031,091103031,HUESITALES,3,POBLADO PARTE,1,2
09,11,03,032,091103032,LA COROCITA,2,POBLADO COMPLETO,1,2
09,11,03,033,091103033,SAN RAFAEL,2,POBLADO COMPLETO,1,2
09,11,03,034,091103034,LA GUNZA,2,POBLADO COMPLETO,1,2
09,11,03,036,091103036,ALTO DE LA PALMA,2,POBLADO COMPLETO,1,2
09,11,03,037,091103037,LA PARED,2,POBLADO COMPLETO,1,2
09,11,03,038,091103038,CABECERA DE SAN RAFAEL,2,POBLADO COMPLETO,1,2
09,11,03,039,091103039,LA RAÍZ,2,POBLADO COMPLETO,1,2
09,11,03,040,091103040,LA SONADORA No.1,2,POBLADO COMPLETO,1,2
09,11,03,044,091103044,LA PITA,2,POBLADO COMPLETO,1,2
09,11,03,045,091103045,LOVAINA,2,POBLADO COMPLETO,1,2
09,11,03,046,091103046,QUEBRADA INDIO,2,POBLADO COMPLETO,1,2
09,11,03,047,091103047,PALO ALTO,2,POBLADO COMPLETO,1,2
09,11,03,048,091103048,PASO DE DIEGO,2,POBLADO COMPLETO,1,2
09,11,03,050,091103050,PLATANARES,2,POBLADO COMPLETO,1,2
09,11,03,053,091103053,QUEBRADA EL GATO,2,POBLADO COMPLETO,1,2
09,11,03,054,091103054,QUEBRADA LA PITA,2,POBLADO COMPLETO,1,2
09,11,03,055,091103055,QUEBRADA LARGA,2,POBLADO COMPLETO,1,2
09,11,03,057,091103057,QUIÑIÑE,2,POBLADO COMPLETO,2,2
09,11,03,059,091103059,MAJAGUILLAL,2,POBLADO COMPLETO,1,2
09,11,03,060,091103060,CABIMALES,2,POBLADO COMPLETO,1,2
09,11,03,061,091103061,QUEBRADA PASCUAL,2,POBLADO COMPLETO,1,2
09,11,03,062,091103062,BUBI,2,POBLADO COMPLETO,1,2
09,11,03,063,091103063,LA LLORONA,2,POBLADO COMPLETO,1,2
09,11,03,064,091103064,ALTO CALIDONIA,2,POBLADO COMPLETO,1,2
09,11,03,065,091103065,BUBICITO,3,POBLADO PARTE,1,2
09,11,03,069,091103069,CABECERA DE EL SALTOSO,2,POBLADO COMPLETO,1,2
09,11,03,070,091103070,CABECERA DE QUEBRADA EL GATO,2,POBLADO COMPLETO,1,2
09,11,03,071,091103071,GORGOJO,3,POBLADO PARTE,1,2
09,11,03,072,091103072,LA PEDREGOSA,3,POBLADO PARTE,1,2
09,11,03,073,091103073,LA PIFA,2,POBLADO COMPLETO,1,2
09,11,03,074,091103074,LA SONADORA No.2 O ALTO FRESCO,2,POBLADO COMPLETO,1,2
09,11,03,076,091103076,NARANJO ABAJO,2,POBLADO COMPLETO,1,2
09,11,03,077,091103077,QUEBRADA EL BARRERO,2,POBLADO COMPLETO,1,2
09,11,03,078,091103078,ZAPOTE,2,POBLADO COMPLETO,1,2
09,11,03,079,091103079,LA LAGUNA,2,POBLADO COMPLETO,1,2
09,11,03,080,091103080,LA PITA No.2,2,POBLADO COMPLETO,1,2
09,11,03,081,091103081,TRIBIQUE,2,POBLADO COMPLETO,1,2
09,11,04,008,091104008,EL CATECITO,2,POBLADO COMPLETO,1,2
09,11,04,010,091104010,EL BAJADERO,2,POBLADO COMPLETO,1,2
09,11,04,015,091104015,CARLANCHE,2,POBLADO COMPLETO,1,2
09,11,04,016,091104016,EL CEDRAL,2,POBLADO COMPLETO,1,2
09,11,04,017,091104017,EL CUACO,2,POBLADO COMPLETO,1,2
09,11,04,018,091104018,EL HUACAL,2,POBLADO COMPLETO,1,2
09,11,04,019,091104019,EL LLANO,2,POBLADO COMPLETO,1,2
09,11,04,020,091104020,EL MAMEY,2,POBLADO COMPLETO,1,2
09,11,04,021,091104021,EL MARÍA,3,POBLADO PARTE,1,2
09,11,04,023,091104023,CATIVÉ O NANZAL,1,CABECERA,1,2
09,11,04,024,091104024,EL PAVO,2,POBLADO COMPLETO,1,2
09,11,04,025,091104025,EL REMOLINO,2,POBLADO COMPLETO,1,2
09,11,04,029,091104029,CAÑA BLANCA,2,POBLADO COMPLETO,1,2
09,11,04,030,091104030,LAS CAÑAZAS,2,POBLADO COMPLETO,1,2
09,11,04,031,091104031,LA DIVISA,2,POBLADO COMPLETO,1,2
09,11,04,036,091104036,LA PACORA,2,POBLADO COMPLETO,1,2
09,11,04,037,091104037,LA PATRIOTA,2,POBLADO COMPLETO,1,2
09,11,04,038,091104038,LA PEÑA,2,POBLADO COMPLETO,1,2
09,11,04,041,091104041,LA PITA DEL YAYA,2,POBLADO COMPLETO,1,2
09,11,04,042,091104042,LA PITOSA,2,POBLADO COMPLETO,1,2
09,11,04,043,091104043,LAS CULEBRAS,2,POBLADO COMPLETO,1,2
09,11,04,044,091104044,LOS PAVOS,2,POBLADO COMPLETO,1,2
09,11,04,045,091104045,LOS POTREROS,2,POBLADO COMPLETO,1,2
09,11,04,046,091104046,LOS SAÍNOS O LA PRIMAVERA,2,POBLADO COMPLETO,1,2
09,11,04,047,091104047,MONTECRISTO,2,POBLADO COMPLETO,1,2
09,11,04,057,091104057,EL DESLAMPAO,2,POBLADO COMPLETO,1,2
09,11,04,058,091104058,CABECERA DE SAÍNO U OJO DE AGUA,2,POBLADO COMPLETO,2,2
09,11,04,059,091104059,LOMBRISAL,2,POBLADO COMPLETO,1,2
09,11,04,060,091104060,LA CUREÑA,2,POBLADO COMPLETO,1,2
09,11,04,063,091104063,SAN RAFAEL ARRIBA,2,POBLADO COMPLETO,1,2
09,11,04,064,091104064,ALTO LA ESPERANZA,2,POBLADO COMPLETO,1,2
09,11,04,067,091104067,EL BAL,2,POBLADO COMPLETO,1,2
09,11,04,068,091104068,HUESITALES,3,POBLADO PARTE,1,2
09,11,04,069,091104069,LAS HUACAS,2,POBLADO COMPLETO,1,2
09,11,04,070,091104070,ALTO DE CATECITO,2,POBLADO COMPLETO,1,2
09,11,04,071,091104071,ALTO DE LOS MACHOS,3,POBLADO PARTE,1,2
09,11,04,072,091104072,CATECITO,3,POBLADO PARTE,1,2
09,11,04,073,091104073,CATECITO No.2,3,POBLADO PARTE,1,2
09,11,04,075,091104075,LA PIFA AMARILLA,2,POBLADO COMPLETO,1,2
09,11,04,076,091104076,LA PEDREGOSA,3,POBLADO PARTE,1,2
09,11,05,001,091105001,ASIENTO BONITO,2,POBLADO COMPLETO,1,2
09,11,05,002,091105002,FINCA SAN PABLO O BAJOS DEL SAN PABLO,2,POBLADO COMPLETO,1,2
09,11,05,003,091105003,BAJOS DEL RÍO UTIRÁ,2,POBLADO COMPLETO,1,2
09,11,05,004,091105004,BOCA DEL MONTE,2,POBLADO COMPLETO,1,2
09,11,05,005,091105005,BOLÍVAR,2,POBLADO COMPLETO,1,2
09,11,05,006,091105006,CERRO JUMADO,2,POBLADO COMPLETO,1,2
09,11,05,007,091105007,CERRO LARGO,2,POBLADO COMPLETO,1,2
09,11,05,009,091105009,CERRO CUTUBI,2,POBLADO COMPLETO,1,2
09,11,05,011,091105011,LA COROCITA,2,POBLADO COMPLETO,1,2
09,11,05,012,091105012,EL COROTÚ,2,POBLADO COMPLETO,1,2
09,11,05,013,091105013,CHICHICAL,2,POBLADO COMPLETO,2,2
09,11,05,014,091105014,DON JUAN,2,POBLADO COMPLETO,1,2
09,11,05,015,091105015,EL BARRERO,2,POBLADO COMPLETO,1,2
09,11,05,017,091105017,EL CAJÓN DE LOS QUINTEROS,2,POBLADO COMPLETO,1,2
09,11,05,018,091105018,EL CRIOLLO,2,POBLADO COMPLETO,1,2
09,11,05,019,091105019,LA CHARCONA O EL HATO,3,POBLADO PARTE,1,2
09,11,05,020,091105020,EL MARAÑÓN,1,CABECERA,1,2
09,11,05,021,091105021,PANAMAITO,2,POBLADO COMPLETO,1,2
09,11,05,022,091105022,EL ROBLE,2,POBLADO COMPLETO,1,2
09,11,05,023,091105023,ESCLERE,2,POBLADO COMPLETO,1,2
09,11,05,025,091105025,JUAN CHAMPRA,2,POBLADO COMPLETO,1,2
09,11,05,026,091105026,LA CHUMICOSA,2,POBLADO COMPLETO,1,2
09,11,05,027,091105027,LAS CUESTAS DE UTIRÁ,2,POBLADO COMPLETO,1,2
09,11,05,028,091105028,LAS PALMILLAS,2,POBLADO COMPLETO,1,2
09,11,05,029,091105029,LA PEÑA,2,POBLADO COMPLETO,1,2
09,11,05,030,091105030,LAS PEÑAS,2,POBLADO COMPLETO,1,2
09,11,05,032,091105032,LAS HUACAS,2,POBLADO COMPLETO,1,2
09,11,05,033,091105033,LAS HUERTAS,2,POBLADO COMPLETO,1,2
09,11,05,034,091105034,LIMÓN,2,POBLADO COMPLETO,1,2
09,11,05,035,091105035,LOMA DE LA CRUZ,2,POBLADO COMPLETO,1,2
09,11,05,036,091105036,SANTA RITA ABAJO,2,POBLADO COMPLETO,1,2
09,11,05,037,091105037,LOS NÚÑEZ,2,POBLADO COMPLETO,1,2
09,11,05,038,091105038,LOS PARDOS DE SANTA RITA,2,POBLADO COMPLETO,1,2
09,11,05,039,091105039,EL PILÓN,2,POBLADO COMPLETO,1,2
09,11,05,040,091105040,LLANO GRANDE,2,POBLADO COMPLETO,1,2
09,11,05,042,091105042,PIEDRAS NEGRAS,2,POBLADO COMPLETO,1,2
09,11,05,045,091105045,ESCOBALES O QUEBRADA LIMÓN,2,POBLADO COMPLETO,1,2
09,11,05,047,091105047,SANTA BÁRBARA,2,POBLADO COMPLETO,1,2
09,11,05,048,091105048,SANTA CATALINA ARRIBA O FINCA SAN PABLO,2,POBLADO COMPLETO,1,2
09,11,05,049,091105049,SANTA RITA,2,POBLADO COMPLETO,1,2
09,11,05,050,091105050,SIGUINA,2,POBLADO COMPLETO,1,2
09,11,05,056,091105056,EL COPÉ,2,POBLADO COMPLETO,1,2
09,11,05,057,091105057,SANTA CATALINA ABAJO O EL HATO,2,POBLADO COMPLETO,1,2
09,11,05,058,091105058,EL LIMÓN,2,POBLADO COMPLETO,1,2
09,11,05,059,091105059,FINCA DE SERIA,2,POBLADO COMPLETO,1,2
09,11,05,060,091105060,LAS BRUJAS,2,POBLADO COMPLETO,1,2
09,11,05,061,091105061,PETENGUE,2,POBLADO COMPLETO,1,2
09,11,05,062,091105062,EL JUNCO,2,POBLADO COMPLETO,1,2
09,11,05,063,091105063,FINCA DON TRILLI,2,POBLADO COMPLETO,1,2
09,11,05,064,091105064,FINCA SANTA LIBRADA,2,POBLADO COMPLETO,2,2
09,11,05,065,091105065,CONGAL,2,POBLADO COMPLETO,1,2
09,11,05,066,091105066,LA PITA,2,POBLADO COMPLETO,1,2
09,11,06,004,091106004,CERRO NEGRO,2,POBLADO COMPLETO,1,2
09,11,06,009,091106009,EL GUABO,2,POBLADO COMPLETO,2,2
09,11,06,010,091106010,EL PITO,2,POBLADO COMPLETO,1,2
09,11,06,013,091106013,GUARUMAL,1,CABECERA,1,2
09,11,06,014,091106014,GUARUMALITO,2,POBLADO COMPLETO,1,2
09,11,06,016,091106016,LA COROCITA,2,POBLADO COMPLETO,1,2
09,11,06,021,091106021,LA PAJA O PALMAS BELLAS,2,POBLADO COMPLETO,1,2
09,11,06,022,091106022,LA PITA,2,POBLADO COMPLETO,1,2
09,11,06,023,091106023,LA PLAYA DE MERMEJO,2,POBLADO COMPLETO,1,2
09,11,06,024,091106024,LA RAIZOSA,2,POBLADO COMPLETO,1,2
09,11,06,025,091106025,LAS CALETAS,2,POBLADO COMPLETO,1,2
09,11,06,027,091106027,LAS MORADAS,2,POBLADO COMPLETO,2,2
09,11,06,029,091106029,LAS PERDICES,2,POBLADO COMPLETO,1,2
09,11,06,030,091106030,PONTÓN PRIETO,2,POBLADO COMPLETO,1,2
09,11,06,031,091106031,PUEBLO NUEVO O ENTRADA DEL PITO,2,POBLADO COMPLETO,1,2
09,11,06,035,091106035,SANTA BÁRBARA,2,POBLADO COMPLETO,1,2
09,11,06,038,091106038,LIMÓN,2,POBLADO COMPLETO,1,2
09,11,06,049,091106049,SAN ANTONIO,2,POBLADO COMPLETO,1,2
09,11,06,050,091106050,LA SOLEDAD,3,POBLADO PARTE,1,2
09,11,06,051,091106051,PUERTO CAÑAZAS,2,POBLADO COMPLETO,2,2
09,11,07,001,091107001,CABECERA DE QUEBRADA HONDA,2,POBLADO COMPLETO,1,2
09,11,07,005,091107005,MARTINCITO,2,POBLADO COMPLETO,1,2
09,11,07,006,091107006,EL ZANCUDO,2,POBLADO COMPLETO,1,2
09,11,07,007,091107007,LA CONCEPCIÓN O ENTRADA DE LOS POLANCOS,2,POBLADO COMPLETO,1,2
09,11,07,008,091107008,LA ELVIRA,2,POBLADO COMPLETO,2,2
09,11,07,009,091107009,LA PAJARITA,2,POBLADO COMPLETO,1,2
09,11,07,010,091107010,LA PITA DE CATIVÉ,2,POBLADO COMPLETO,1,2
09,11,07,011,091107011,LA SOLEDAD,4,CABECERA PARTE (Mixto),1,2
09,11,07,012,091107012,LAS ALMADANAS,2,POBLADO COMPLETO,1,2
09,11,07,013,091107013,LAS HUACAS,2,POBLADO COMPLETO,1,2
09,11,07,014,091107014,EL JOBO,2,POBLADO COMPLETO,1,2
09,11,07,015,091107015,LOS POLANCOS,2,POBLADO COMPLETO,1,2
09,11,07,016,091107016,LOS SITIOS,3,POBLADO PARTE,1,2
09,11,07,017,091107017,QUEBRADA HONDA,2,POBLADO COMPLETO,1,2
09,11,07,018,091107018,RINCÓN REDONDO O BARRANCO COLORADO,2,POBLADO COMPLETO,1,2
09,11,07,019,091107019,SAN JUAN,2,POBLADO COMPLETO,1,2
09,11,07,020,091107020,SAN JUANITO,2,POBLADO COMPLETO,1,2
09,11,07,021,091107021,ALTO DE LA PITA,2,POBLADO COMPLETO,1,2
09,11,07,022,091107022,CATIVÉ,2,POBLADO COMPLETO,1,2
09,11,07,026,091107026,AGUA FRÍA,2,POBLADO COMPLETO,1,2
09,11,07,027,091107027,PALMA ALTA,2,POBLADO COMPLETO,1,2
09,11,07,028,091107028,EL YAYA O EL SALITRE,2,POBLADO COMPLETO,1,2
09,11,07,029,091107029,EL BONGO,2,POBLADO COMPLETO,1,2
09,11,07,031,091107031,EL MARTÍN,2,POBLADO COMPLETO,1,2
09,11,07,032,091107032,LA CLAVILLINA,2,POBLADO COMPLETO,1,2
09,11,07,034,091107034,EL MULERO,2,POBLADO COMPLETO,1,2
09,11,07,035,091107035,QUEBRADA EL GATO,2,POBLADO COMPLETO,1,2
09,11,07,036,091107036,ASENTAMIENTO EL BARRERO,2,POBLADO COMPLETO,1,2
09,11,07,037,091107037,AGUAS CLARAS,3,POBLADO PARTE,1,2
09,11,08,004,091108004,CABECERA DE TOBALICO,2,POBLADO COMPLETO,1,2
09,11,08,005,091108005,CONGO,2,POBLADO COMPLETO,1,2
09,11,08,006,091108006,CHARCO AZUL,3,POBLADO PARTE,1,2
09,11,08,008,091108008,EL CHUPIMPE,2,POBLADO COMPLETO,1,2
09,11,08,010,091108010,EL ESPINO,2,POBLADO COMPLETO,1,2
09,11,08,012,091108012,LA SABANETA,2,POBLADO COMPLETO,1,2
09,11,08,013,091108013,QUERQUE No.1,2,POBLADO COMPLETO,1,2
09,11,08,014,091108014,LAS BALSAS,2,POBLADO COMPLETO,1,2
09,11,08,015,091108015,LOS GUABOS,2,POBLADO COMPLETO,1,2
09,11,08,020,091108020,PIERNA DE VENADO,2,POBLADO COMPLETO,1,2
09,11,08,021,091108021,QUEBRADA DE ORO,1,CABECERA,1,2
09,11,08,022,091108022,QUERQUE ABAJO,2,POBLADO COMPLETO,1,2
09,11,08,024,091108024,SAN FRANCISCO,2,POBLADO COMPLETO,1,2
09,11,08,025,091108025,ALTO DE TOBALICO,2,POBLADO COMPLETO,1,2
09,11,08,026,091108026,CABECERA DE SAN FRANCISCO,2,POBLADO COMPLETO,1,2
09,11,08,027,091108027,TOBALICO,3,POBLADO PARTE,1,2
09,11,08,028,091108028,REVENTADERO DE PIEDRA,2,POBLADO COMPLETO,1,2
09,11,08,029,091108029,ALTO FRESCO,2,POBLADO COMPLETO,1,2
09,11,08,031,091108031,ALTO ESPINO,2,POBLADO COMPLETO,1,2
09,11,08,032,091108032,EL TAMBOR,2,POBLADO COMPLETO,1,2
09,11,08,033,091108033,LOS MONOS,2,POBLADO COMPLETO,1,2
09,11,08,034,091108034,MADROÑAL,2,POBLADO COMPLETO,1,2
09,11,08,035,091108035,PALMIRA,2,POBLADO COMPLETO,1,2
09,11,08,036,091108036,QUERQUE No.2,2,POBLADO COMPLETO,1,2
09,11,08,037,091108037,CABECERA DE GUABO,2,POBLADO COMPLETO,1,2
09,11,08,038,091108038,EL PICACHO,2,POBLADO COMPLETO,1,2
09,11,09,004,091109004,ARRIMADERO,2,POBLADO COMPLETO,1,2
09,11,09,006,091109006,BIJAGUAL,2,POBLADO COMPLETO,1,2
09,11,09,008,091109008,CABECERA DE MADRE VIEJA O MADRE VIEJA ARRIBA,2,POBLADO COMPLETO,1,2
09,11,09,010,091109010,CARRIZAL,2,POBLADO COMPLETO,1,2
09,11,09,011,091109011,CORALILLO,2,POBLADO COMPLETO,1,2
09,11,09,013,091109013,EL BANCO,2,POBLADO COMPLETO,1,2
09,11,09,016,091109016,CASCAJOSA,2,POBLADO COMPLETO,1,2
09,11,09,017,091109017,ALTO EL CINE,2,POBLADO COMPLETO,1,2
09,11,09,021,091109021,EL GUINEO,2,POBLADO COMPLETO,2,2
09,11,09,022,091109022,EL ÑOPO,2,POBLADO COMPLETO,1,2
09,11,09,025,091109025,EL TIGRE DE SAN LORENZO,1,CABECERA,1,2
09,11,09,032,091109032,REMOLINO,2,POBLADO COMPLETO,1,2
09,11,09,037,091109037,LA GORGONA,2,POBLADO COMPLETO,1,2
09,11,09,038,091109038,LA MÁQUINA,2,POBLADO COMPLETO,1,2
09,11,09,042,091109042,LA ZUMBONA,2,POBLADO COMPLETO,1,2
09,11,09,047,091109047,LOS MACHOS,2,POBLADO COMPLETO,1,2
09,11,09,050,091109050,MADRE VIEJA,2,POBLADO COMPLETO,1,2
09,11,09,051,091109051,MATA PALO,2,POBLADO COMPLETO,1,2
09,11,09,052,091109052,PAREDÓN,2,POBLADO COMPLETO,1,2
09,11,09,055,091109055,QUEBRADA GRANDE,2,POBLADO COMPLETO,1,2
09,11,09,058,091109058,RÍO GRANDE,2,POBLADO COMPLETO,1,2
09,11,09,061,091109061,SENEGAL,2,POBLADO COMPLETO,1,2
09,11,09,066,091109066,HACIENDA VARÓN,2,POBLADO COMPLETO,1,2
09,11,09,067,091109067,CERRO UVITO,2,POBLADO COMPLETO,1,2
09,11,09,070,091109070,CABECERA DE QUEBRADA GRANDE,2,POBLADO COMPLETO,1,2
09,11,09,071,091109071,NUEVO CHORRILLITO,2,POBLADO COMPLETO,1,2
09,11,09,072,091109072,LA MACHITA,2,POBLADO COMPLETO,1,2
09,11,09,073,091109073,MADRE VIEJA ARRIBA,2,POBLADO COMPLETO,1,2
09,11,09,074,091109074,PLAYA AZUL,2,POBLADO COMPLETO,1,2
09,11,09,077,091109077,EL FLOR No.2,2,POBLADO COMPLETO,1,2
09,11,09,079,091109079,CABECERA DE RÍO GRANDE,2,POBLADO COMPLETO,1,2
09,11,09,083,091109083,CABECERA DE BALLENA,2,POBLADO COMPLETO,1,2
09,11,09,086,091109086,ISLA LOS OCTAVIOS,2,POBLADO COMPLETO,2,2
09,11,09,090,091109090,SANTA CRUZ,2,POBLADO COMPLETO,1,2
09,11,09,091,091109091,LAS VALDESES,2,POBLADO COMPLETO,1,2
09,11,10,001,091110001,EL PLAYÓN,2,POBLADO COMPLETO,1,2
09,11,10,002,091110002,ALTO DE LA CRUZ,2,POBLADO COMPLETO,1,2
09,11,10,003,091110003,ALTO DEL CAPACHO,2,POBLADO COMPLETO,1,2
09,11,10,004,091110004,ALTO DEL MANGO,2,POBLADO COMPLETO,1,2
09,11,10,006,091110006,EL BARRERO No.1,2,POBLADO COMPLETO,1,2
09,11,10,008,091110008,BERBA,2,POBLADO COMPLETO,1,2
09,11,10,009,091110009,BOCA DE MONTE,2,POBLADO COMPLETO,1,2
09,11,10,011,091110011,EL CACAO,2,POBLADO COMPLETO,1,2
09,11,10,012,091110012,CAÑA BLANCA,2,POBLADO COMPLETO,1,2
09,11,10,013,091110013,EL BARRERO No.2,2,POBLADO COMPLETO,1,2
09,11,10,015,091110015,CERRO PLATA O TIERRA BLANCA,2,POBLADO COMPLETO,1,2
09,11,10,016,091110016,COIBITA,2,POBLADO COMPLETO,1,2
09,11,10,017,091110017,LA CONGUITA,2,POBLADO COMPLETO,1,2
09,11,10,018,091110018,CONTRA YERBA,2,POBLADO COMPLETO,1,2
09,11,10,019,091110019,LA CHEPA,2,POBLADO COMPLETO,1,2
09,11,10,021,091110021,EL ANTONIO,2,POBLADO COMPLETO,1,2
09,11,10,022,091110022,EL APOSENTO,2,POBLADO COMPLETO,1,2
09,11,10,023,091110023,EL BAJO DEL MARÍA,2,POBLADO COMPLETO,2,2
09,11,10,024,091110024,EL BARNIZ,2,POBLADO COMPLETO,1,2
09,11,10,025,091110025,EL BARRERO No.3,2,POBLADO COMPLETO,1,2
09,11,10,031,091110031,EL CONGAL,2,POBLADO COMPLETO,1,2
09,11,10,032,091110032,EL ESPINO DE LA SABANA,2,POBLADO COMPLETO,1,2
09,11,10,033,091110033,EL FITE,2,POBLADO COMPLETO,1,2
09,11,10,034,091110034,TRES CORRIENTES,2,POBLADO COMPLETO,1,2
09,11,10,036,091110036,EL GUAYABO,2,POBLADO COMPLETO,1,2
09,11,10,037,091110037,GUIRE,2,POBLADO COMPLETO,1,2
09,11,10,038,091110038,EL HIGUERÓN,2,POBLADO COMPLETO,2,2
09,11,10,039,091110039,JUNCAL,2,POBLADO COMPLETO,1,2
09,11,10,041,091110041,EL PIÑAL No.2,2,POBLADO COMPLETO,1,2
09,11,10,042,091110042,EL MACANO,2,POBLADO COMPLETO,1,2
09,11,10,043,091110043,EL NAY,2,POBLADO COMPLETO,1,2
09,11,10,044,091110044,EL PARDO,2,POBLADO COMPLETO,1,2
09,11,10,045,091110045,ALTO EL PITO,2,POBLADO COMPLETO,1,2
09,11,10,046,091110046,QUEBRADA AMARILLA No.2,2,POBLADO COMPLETO,1,2
09,11,10,047,091110047,EL ROSO,2,POBLADO COMPLETO,1,2
09,11,10,048,091110048,MIRAFLORES,2,POBLADO COMPLETO,1,2
09,11,10,052,091110052,LA BODEGA,2,POBLADO COMPLETO,1,2
09,11,10,054,091110054,LA CEBOLLA,2,POBLADO COMPLETO,1,2
09,11,10,057,091110057,LA CHUMICOSA,2,POBLADO COMPLETO,1,2
09,11,10,061,091110061,LA JIMENA,2,POBLADO COMPLETO,1,2
09,11,10,062,091110062,LA PASCUALA,2,POBLADO COMPLETO,1,2
09,11,10,064,091110064,LAS BALSAS,2,POBLADO COMPLETO,1,2
09,11,10,065,091110065,LA LAGUNA,2,POBLADO COMPLETO,1,2
09,11,10,066,091110066,LAS MINAS,2,POBLADO COMPLETO,1,2
09,11,10,067,091110067,LAS PEÑITAS,2,POBLADO COMPLETO,1,2
09,11,10,068,091110068,LERIQUE,2,POBLADO COMPLETO,1,2
09,11,10,069,091110069,LLANO BONITO,2,POBLADO COMPLETO,1,2
09,11,10,070,091110070,LLANO LARGO,2,POBLADO COMPLETO,1,2
09,11,10,071,091110071,LOS ALGARROBOS,2,POBLADO COMPLETO,1,2
09,11,10,072,091110072,BAJOS DEL COBRE,2,POBLADO COMPLETO,1,2
09,11,10,073,091110073,LOS CAMARENAS,2,POBLADO COMPLETO,1,2
09,11,10,074,091110074,LOS CHAMIZOS,2,POBLADO COMPLETO,1,2
09,11,10,075,091110075,LOS GONZÁLEZ,2,POBLADO COMPLETO,1,2
09,11,10,076,091110076,LOS MANGOS,2,POBLADO COMPLETO,1,2
09,11,10,077,091110077,EL MONTERO,2,POBLADO COMPLETO,1,2
09,11,10,079,091110079,MACANAL,2,POBLADO COMPLETO,1,2
09,11,10,080,091110080,EL MAMEY,2,POBLADO COMPLETO,1,2
09,11,10,081,091110081,EL BAJO,2,POBLADO COMPLETO,1,2
09,11,10,082,091110082,OJO DE AGUA,2,POBLADO COMPLETO,1,2
09,11,10,084,091110084,PARAGUAY,2,POBLADO COMPLETO,1,2
09,11,10,085,091110085,PATIO BLANCO,2,POBLADO COMPLETO,1,2
09,11,10,086,091110086,PIE DE CERRO GRANDE,2,POBLADO COMPLETO,1,2
09,11,10,087,091110087,EL PIÑAL No.1,3,POBLADO PARTE,1,2
09,11,10,089,091110089,EL ZAPOTE,2,POBLADO COMPLETO,1,2
09,11,10,090,091110090,QUEBRADA AMARILLA No.1,2,POBLADO COMPLETO,1,2
09,11,10,091,091110091,QUEBRADA LAJAS No.1,2,POBLADO COMPLETO,1,2
09,11,10,092,091110092,LA PITA,2,POBLADO COMPLETO,1,2
09,11,10,093,091110093,QUERQUE,2,POBLADO COMPLETO,1,2
09,11,10,094,091110094,QUINCO,2,POBLADO COMPLETO,1,2
09,11,10,095,091110095,RINCÓN LARGO,2,POBLADO COMPLETO,1,2
09,11,10,096,091110096,RODEO VIEJO,1,CABECERA,1,2
09,11,10,097,091110097,EL RUDA,2,POBLADO COMPLETO,1,2
09,11,10,098,091110098,SAN JUAN,2,POBLADO COMPLETO,1,2
09,11,10,101,091110101,TULUNTUN,2,POBLADO COMPLETO,1,2
09,11,10,102,091110102,QUEBRADA LAJAS,2,POBLADO COMPLETO,1,2
09,11,10,104,091110104,CERRO PELADO,2,POBLADO COMPLETO,1,2
09,11,10,106,091110106,EL SALITRE,2,POBLADO COMPLETO,1,2
09,11,10,108,091110108,LA CABUYA,2,POBLADO COMPLETO,1,2
09,11,10,109,091110109,LA ISIDORA,2,POBLADO COMPLETO,1,2
09,11,10,110,091110110,COREA O LA MONTAÑA,2,POBLADO COMPLETO,1,2
09,11,10,111,091110111,EL ALTO LAS PEÑITAS,2,POBLADO COMPLETO,2,2
09,11,10,112,091110112,LA PATRICIA,2,POBLADO COMPLETO,1,2
09,11,10,113,091110113,PASO REAL,2,POBLADO COMPLETO,1,2
09,11,10,114,091110114,LERIQUE ARRIBA O LA PACORA,2,POBLADO COMPLETO,1,2
09,11,11,001,091111001,AGUA BLANCA O PUEBLO NUEVO,2,POBLADO COMPLETO,1,2
09,11,11,002,091111002,CABECERA DEL DOCTOR,2,POBLADO COMPLETO,1,2
09,11,11,003,091111003,EL CUCUATE,2,POBLADO COMPLETO,1,2
09,11,11,005,091111005,EL TIGRE DE LOS AMARILLOS,2,POBLADO COMPLETO,1,2
09,11,11,006,091111006,FARFÁN,2,POBLADO COMPLETO,1,2
09,11,11,007,091111007,FINCA GORGONA,2,POBLADO COMPLETO,1,2
09,11,11,008,091111008,HICACO,1,CABECERA,1,2
09,11,11,009,091111009,ISLA SANTA CATALINA,2,POBLADO COMPLETO,2,2
09,11,11,011,091111011,LA COLMENA,2,POBLADO COMPLETO,1,2
09,11,11,013,091111013,LA HERMENEGILDA,2,POBLADO COMPLETO,1,2
09,11,11,014,091111014,LA LUNA,2,POBLADO COMPLETO,1,2
09,11,11,015,091111015,LA PIFA O LA LAGUNA O PIXVAE,2,POBLADO COMPLETO,1,2
09,11,11,016,091111016,LAGARTERO,2,POBLADO COMPLETO,1,2
09,11,11,017,091111017,LOS MANGOS,2,POBLADO COMPLETO,1,2
09,11,11,018,091111018,PELA GATO,2,POBLADO COMPLETO,1,2
09,11,11,019,091111019,SANTA CATALINA,2,POBLADO COMPLETO,1,2
09,11,11,020,091111020,VISTA HERMOSA,2,POBLADO COMPLETO,1,2
09,11,11,021,091111021,LA COQUITA No.1,2,POBLADO COMPLETO,1,2
09,11,11,022,091111022,LAGO BAY,2,POBLADO COMPLETO,1,2
09,11,12,001,091112001,BORRACHERÓN,2,POBLADO COMPLETO,1,2
09,11,12,002,091112002,CAÑACITA,2,POBLADO COMPLETO,1,2
09,11,12,003,091112003,CATECITO,3,POBLADO PARTE,1,2
09,11,12,004,091112004,CERRO LA COROTÚA O SAN ANTONIO,2,POBLADO COMPLETO,1,2
09,11,12,005,091112005,CHUMICAL,2,POBLADO COMPLETO,1,2
09,11,12,006,091112006,DOS BOCAS,2,POBLADO COMPLETO,1,2
09,11,12,007,091112007,EL BALSO,2,POBLADO COMPLETO,1,2
09,11,12,008,091112008,EL JAGUA,2,POBLADO COMPLETO,1,2
09,11,12,009,091112009,EL MARÍA,3,POBLADO PARTE,1,2
09,11,12,010,091112010,FILIPINAS,2,POBLADO COMPLETO,1,2
09,11,12,011,091112011,GUAYABITO,2,POBLADO COMPLETO,2,2
09,11,12,012,091112012,INFIERNILLO O NUEVO PARAÍSO,2,POBLADO COMPLETO,2,2
09,11,12,013,091112013,LA PACORA,2,POBLADO COMPLETO,1,2
09,11,12,014,091112014,LA SOLEDAD,3,POBLADO PARTE,2,2
09,11,12,015,091112015,LAS PEÑAS,2,POBLADO COMPLETO,1,2
09,11,12,016,091112016,LOS SITIOS,3,POBLADO PARTE,1,2
09,11,12,017,091112017,PASO HONDO,2,POBLADO COMPLETO,1,2
09,11,12,018,091112018,PUERTO LA ALBINA,2,POBLADO COMPLETO,2,2
09,11,12,020,091112020,SALITRE,2,POBLADO COMPLETO,1,2
09,11,12,021,091112021,SAN ANDRÉS,2,POBLADO COMPLETO,1,2
09,11,12,022,091112022,SAN JUAN,2,POBLADO COMPLETO,1,2
09,11,12,023,091112023,TRINCHERA,1,CABECERA,1,2
09,11,12,024,091112024,ZANCUDO,2,POBLADO COMPLETO,1,2
09,11,12,025,091112025,FILO GRANDE,2,POBLADO COMPLETO,1,2
09,12,01,001,091201001,ALTO HILARIO,2,POBLADO COMPLETO,1,2
09,12,01,002,091201002,ANGULITO,2,POBLADO COMPLETO,1,2
09,12,01,005,091201005,BAJO CHICO,2,POBLADO COMPLETO,1,2
09,12,01,006,091201006,BAJO GRANDE,2,POBLADO COMPLETO,1,2
09,12,01,008,091201008,BEJUCO DE SANGRE,2,POBLADO COMPLETO,1,2
09,12,01,010,091201010,CATIVAL,2,POBLADO COMPLETO,1,2
09,12,01,012,091201012,PARAÍSO DE RÍO NEGRO,2,POBLADO COMPLETO,1,2
09,12,01,013,091201013,JUNCAL,2,POBLADO COMPLETO,1,2
09,12,01,014,091201014,LA HONDA,2,POBLADO COMPLETO,1,2
09,12,01,015,091201015,LA LAJITA,2,POBLADO COMPLETO,1,2
09,12,01,016,091201016,LA PEDREGOSA,2,POBLADO COMPLETO,1,2
09,12,01,018,091201018,LA PITA,2,POBLADO COMPLETO,1,2
09,12,01,019,091201019,PLAYA LA REINA,2,POBLADO COMPLETO,1,2
09,12,01,021,091201021,LAS HUACAS,2,POBLADO COMPLETO,1,2
09,12,01,022,091201022,CALLEJONES No.1,2,POBLADO COMPLETO,1,2
09,12,01,023,091201023,LIMONES,2,POBLADO COMPLETO,1,2
09,12,01,026,091201026,PALMILLA,2,POBLADO COMPLETO,1,2
09,12,01,028,091201028,LOS PANAMAES,2,POBLADO COMPLETO,1,2
09,12,01,029,091201029,SALITRES,2,POBLADO COMPLETO,1,2
09,12,01,030,091201030,LOS DUARTE,3,POBLADO PARTE,2,2
09,12,01,031,091201031,MARIATO O LLANO DE CATIVAL,1,CABECERA,1,2
09,12,01,032,091201032,MALENA,2,POBLADO COMPLETO,1,2
09,12,01,033,091201033,EL PAJARITO,2,POBLADO COMPLETO,2,2
09,12,01,035,091201035,PALO SECO,2,POBLADO COMPLETO,1,2
09,12,01,036,091201036,PILONCITO O BARRIADA DON INÉS,2,POBLADO COMPLETO,1,2
09,12,01,037,091201037,PLATANALES,2,POBLADO COMPLETO,1,2
09,12,01,038,091201038,PLATANALES ABAJO,2,POBLADO COMPLETO,1,2
09,12,01,039,091201039,PONTONES,2,POBLADO COMPLETO,1,2
09,12,01,041,091201041,RÍO NEGRO,2,POBLADO COMPLETO,1,2
09,12,01,042,091201042,RÍO NEGRO No.1,2,POBLADO COMPLETO,1,2
09,12,01,044,091201044,TIENDAS VIEJAS,2,POBLADO COMPLETO,1,2
09,12,01,045,091201045,TORIO,2,POBLADO COMPLETO,1,2
09,12,01,046,091201046,ZAPOTAL,2,POBLADO COMPLETO,1,2
09,12,01,049,091201049,LA GIGI,2,POBLADO COMPLETO,1,2
09,12,01,050,091201050,LA PALMA,2,POBLADO COMPLETO,1,2
09,12,01,051,091201051,LAS PALMITAS,3,POBLADO PARTE,1,2
09,12,01,052,091201052,QUEBRADA ANGULITO,2,POBLADO COMPLETO,1,2
09,12,01,053,091201053,ANGULITO ARRIBA,2,POBLADO COMPLETO,1,2
09,12,01,056,091201056,TORIO ARRIBA,2,POBLADO COMPLETO,1,2
09,12,01,057,091201057,LA COMPAÑÍA,2,POBLADO COMPLETO,1,2
09,12,01,058,091201058,ALTO LA IGUANA O LA IGUANA,2,POBLADO COMPLETO,1,2
09,12,01,059,091201059,LAS PLANETAS,2,POBLADO COMPLETO,1,2
09,12,01,060,091201060,CALLEJONES No.2,2,POBLADO COMPLETO,1,2
09,12,01,061,091201061,CUCHARAL,2,POBLADO COMPLETO,1,2
09,12,01,063,091201063,LAS PALMITAS DE ANGULITO,2,POBLADO COMPLETO,1,2
09,12,01,066,091201066,PUERTO TIERRA,2,POBLADO COMPLETO,1,2
09,12,01,067,091201067,TORIBIO,2,POBLADO COMPLETO,2,2
09,12,01,068,091201068,TORIO ABAJO,2,POBLADO COMPLETO,1,2
09,12,01,071,091201071,ESTERO HONDO,2,POBLADO COMPLETO,1,2
09,12,01,072,091201072,FINCA DE COCO MAMBO,2,POBLADO COMPLETO,1,2
09,12,02,001,091202001,ARENAS,1,CABECERA,1,2
09,12,02,002,091202002,ALTO GARCÍA,2,POBLADO COMPLETO,1,2
09,12,02,005,091202005,CASCAJILLOSO,2,POBLADO COMPLETO,1,2
09,12,02,013,091202013,EL PAVO ARRIBA,2,POBLADO COMPLETO,1,2
09,12,02,014,091202014,EL POTRERO,3,POBLADO PARTE,1,2
09,12,02,019,091202019,LAS FLORES,2,POBLADO COMPLETO,1,2
09,12,02,022,091202022,LA BARRA,2,POBLADO COMPLETO,1,2
09,12,02,024,091202024,AGUA FRESCA,3,POBLADO PARTE,1,2
09,12,02,026,091202026,LOS MACANALES,2,POBLADO COMPLETO,1,2
09,12,02,027,091202027,LOS PLANES,2,POBLADO COMPLETO,1,2
09,12,02,032,091202032,PLANES DEL BARRERO,2,POBLADO COMPLETO,1,2
09,12,02,045,091202045,LOS CHANGUALES,2,POBLADO COMPLETO,1,2
09,12,02,047,091202047,RÍO FLORES,2,POBLADO COMPLETO,1,2
09,12,02,056,091202056,PALMAS BELLAS O LAS PALMITAS,2,POBLADO COMPLETO,1,2
09,12,02,067,091202067,EL PAVO,2,POBLADO COMPLETO,1,2
09,12,02,071,091202071,EL PAVO ABAJO,2,POBLADO COMPLETO,1,2
09,12,02,072,091202072,PLAYA CASCAJILLOSO,2,POBLADO COMPLETO,1,2
09,12,02,073,091202073,PUERTO PLAYITA,3,POBLADO PARTE,2,2
09,12,03,001,091203001,CABIMALES,2,POBLADO COMPLETO,1,2
09,12,03,002,091203002,COBACHÓN,2,POBLADO COMPLETO,1,2
09,12,03,003,091203003,COLORADITO,2,POBLADO COMPLETO,1,2
09,12,03,004,091203004,COLORADO No.1,2,POBLADO COMPLETO,1,2
09,12,03,005,091203005,CUBALES,2,POBLADO COMPLETO,1,2
09,12,03,006,091203006,COCUYO,2,POBLADO COMPLETO,1,2
09,12,03,007,091203007,DESPLAYAO DE VARADERO,2,POBLADO COMPLETO,1,2
09,12,03,008,091203008,EL CACAO,1,CABECERA,1,2
09,12,03,009,091203009,EL PIRO,2,POBLADO COMPLETO,1,2
09,12,03,010,091203010,EL POTRERO,3,POBLADO PARTE,1,2
09,12,03,011,091203011,EL TIGRE,2,POBLADO COMPLETO,1,2
09,12,03,012,091203012,GRANADA,2,POBLADO COMPLETO,1,2
09,12,03,013,091203013,INFIERNILLO,2,POBLADO COMPLETO,1,2
09,12,03,015,091203015,LA PUERCA,2,POBLADO COMPLETO,1,2
09,12,03,016,091203016,LAJAS O COCOSOLO,2,POBLADO COMPLETO,1,2
09,12,03,017,091203017,LOS RANCHITOS,2,POBLADO COMPLETO,1,2
09,12,03,018,091203018,NARANJO,2,POBLADO COMPLETO,1,2
09,12,03,019,091203019,PACHOTAL,2,POBLADO COMPLETO,1,2
09,12,03,020,091203020,PLAYA GATO,2,POBLADO COMPLETO,1,2
09,12,03,021,091203021,PLAYA VERDE,2,POBLADO COMPLETO,2,2
09,12,03,022,091203022,PLAYITA ARRIBA,2,POBLADO COMPLETO,1,2
09,12,03,023,091203023,PORTOBELO,2,POBLADO COMPLETO,1,2
09,12,03,024,091203024,PUERTO ESCONDIDO,2,POBLADO COMPLETO,2,2
09,12,03,025,091203025,PUERTO PLAYITA,3,POBLADO PARTE,1,2
09,12,03,026,091203026,RESTINGUE,2,POBLADO COMPLETO,1,2
09,12,03,028,091203028,SIERRA,2,POBLADO COMPLETO,1,2
09,12,03,029,091203029,TEMBLADERA O QUEBRADA SEVERINO,2,POBLADO COMPLETO,1,2
09,12,03,030,091203030,VARADERO,2,POBLADO COMPLETO,1,2
09,12,03,031,091203031,VENTANA,2,POBLADO COMPLETO,1,2
09,12,03,032,091203032,COCALILA,2,POBLADO COMPLETO,1,2
09,12,03,033,091203033,MATA PALO,2,POBLADO COMPLETO,1,2
09,12,03,034,091203034,COLORADO No.2,2,POBLADO COMPLETO,1,2
09,12,03,035,091203035,COGOLLALES,2,POBLADO COMPLETO,1,2
09,12,03,037,091203037,EL BONGO,2,POBLADO COMPLETO,1,2
09,12,03,039,091203039,PUNTA BLANCA,2,POBLADO COMPLETO,1,2
09,12,03,041,091203041,BOCA VIEJA,2,POBLADO COMPLETO,1,2
09,12,04,001,091204001,CAÑA BLANCAL,2,POBLADO COMPLETO,1,2
09,12,04,002,091204002,CAÑA BRAVA,2,POBLADO COMPLETO,1,2
09,12,04,003,091204003,CATIVAL O LA HONDA,2,POBLADO COMPLETO,1,2
09,12,04,006,091204006,EL GUAYABO,2,POBLADO COMPLETO,1,2
09,12,04,007,091204007,EL SALTO,2,POBLADO COMPLETO,1,2
09,12,04,009,091204009,EL TIGRE,2,POBLADO COMPLETO,1,2
09,12,04,010,091204010,FILIPINAS,2,POBLADO COMPLETO,1,2
09,12,04,011,091204011,LOS FURNIALES,2,POBLADO COMPLETO,1,2
09,12,04,013,091204013,HIGUERONOSO ARRIBA,2,POBLADO COMPLETO,1,2
09,12,04,015,091204015,LA COLORADA,2,POBLADO COMPLETO,1,2
09,12,04,016,091204016,LA HONDA,2,POBLADO COMPLETO,1,2
09,12,04,017,091204017,LA PITA,2,POBLADO COMPLETO,1,2
09,12,04,018,091204018,PUERTO NANCE,2,POBLADO COMPLETO,1,2
09,12,04,019,091204019,LA PLAZA,2,POBLADO COMPLETO,1,2
09,12,04,022,091204022,LAS BOCAS,2,POBLADO COMPLETO,1,2
09,12,04,023,091204023,LA LOMA,1,CABECERA,1,2
09,12,04,024,091204024,CATIVO,2,POBLADO COMPLETO,1,2
09,12,04,025,091204025,LOS DUARTE,3,POBLADO PARTE,1,2
09,12,04,026,091204026,MATA OSCURA,2,POBLADO COMPLETO,1,2
09,12,04,027,091204027,MORRILLO,2,POBLADO COMPLETO,1,2
09,12,04,028,091204028,MORRILLO ARRIBA,2,POBLADO COMPLETO,1,2
09,12,04,031,091204031,LA PRIMAVERA,2,POBLADO COMPLETO,1,2
09,12,04,034,091204034,RUSIA,2,POBLADO COMPLETO,1,2
09,12,04,035,091204035,RUSIA NUEVA,2,POBLADO COMPLETO,1,2
09,12,04,037,091204037,LA REDONDA,2,POBLADO COMPLETO,1,2
09,12,04,038,091204038,EL SOLITARIO,2,POBLADO COMPLETO,1,2
09,12,04,039,091204039,ALTO DEL NARANJILLO,2,POBLADO COMPLETO,1,2
09,12,04,040,091204040,LA PAVOSA,2,POBLADO COMPLETO,1,2
09,12,04,041,091204041,LA BRAVITA,2,POBLADO COMPLETO,1,2
09,12,04,043,091204043,JAPÓN,2,POBLADO COMPLETO,1,2
09,12,04,045,091204045,RÍO MANGLILLO O EL MANGLILLO,2,POBLADO COMPLETO,1,2
09,12,04,049,091204049,AGUA FRESCA,3,POBLADO PARTE,1,2
09,12,04,050,091204050,EL COCUYO,2,POBLADO COMPLETO,1,2
09,12,04,051,091204051,EL ZUMBÓN,2,POBLADO COMPLETO,1,2
09,12,04,052,091204052,HACIENDA CERRO HOYA,2,POBLADO COMPLETO,1,2
09,12,04,053,091204053,HIGUERONOSO,2,POBLADO COMPLETO,1,2
09,12,04,054,091204054,LAS MOSQUILLAS,2,POBLADO COMPLETO,1,2
09,12,04,055,091204055,RESIDENCIAL COLINAS ENCANTADAS,2,POBLADO COMPLETO,1,2
09,12,04,056,091204056,TROPICAL LIVING,2,POBLADO COMPLETO,1,2
09,12,04,057,091204057,ALTO DE LOS OLIVOS,2,POBLADO COMPLETO,1,2
09,12,04,058,091204058,CERRO CACARAÑADO,2,POBLADO COMPLETO,1,2
09,12,04,059,091204059,MORRILLO PACIFIC HEIGHTS,2,POBLADO COMPLETO,1,2
09,12,04,060,091204060,SANTA CLARA,3,POBLADO PARTE,1,2
09,12,05,001,091205001,ALTO DE LA YEGUA,2,POBLADO COMPLETO,1,2
09,12,05,002,091205002,ALTO TEBARIO,2,POBLADO COMPLETO,1,2
09,12,05,003,091205003,ANGULÓN,2,POBLADO COMPLETO,1,2
09,12,05,004,091205004,BAJO HONDO,2,POBLADO COMPLETO,2,2
09,12,05,006,091205006,DIÁFARA,2,POBLADO COMPLETO,1,2
09,12,05,007,091205007,DOS BOCAS,2,POBLADO COMPLETO,1,2
09,12,05,009,091205009,EL JAGUA,2,POBLADO COMPLETO,1,2
09,12,05,012,091205012,LA CULEBRA,2,POBLADO COMPLETO,1,2
09,12,05,013,091205013,HONDO DE LA PATRICIA,2,POBLADO COMPLETO,1,2
09,12,05,014,091205014,LAS PALMITAS,3,POBLADO PARTE,1,2
09,12,05,015,091205015,PALO ALTO,2,POBLADO COMPLETO,2,2
09,12,05,016,091205016,PUERTO TEBARIO,2,POBLADO COMPLETO,1,2
09,12,05,019,091205019,RÍO VIEJO No.1,2,POBLADO COMPLETO,2,2
09,12,05,020,091205020,RÍO VIEJO No.2,2,POBLADO COMPLETO,1,2
09,12,05,021,091205021,SABANETA DE ANGULO,2,POBLADO COMPLETO,1,2
09,12,05,022,091205022,TEBARIO,1,CABECERA,1,2
09,12,05,023,091205023,PUEBLO NUEVO,2,POBLADO COMPLETO,1,2
09,12,05,024,091205024,LA PRIMAVERA,2,POBLADO COMPLETO,1,2
09,12,05,034,091205034,CAÑA BRAVA,2,POBLADO COMPLETO,1,2
09,12,05,035,091205035,LOS GUAYACANES,2,POBLADO COMPLETO,1,2
10,01,01,001,100101001,ISLA PIEDRA O ACUATUPU,2,POBLADO COMPLETO,1,3
10,01,01,002,100101002,ISLA IGUANA O ARRITUPU,2,POBLADO COMPLETO,1,3
10,01,01,003,100101003,GANGANDÍ,2,POBLADO COMPLETO,1,3
10,01,01,006,100101006,CARTÍ MULATUPU,2,POBLADO COMPLETO,1,3
10,01,01,008,100101008,ISLA COIBITA O SADUGUA,2,POBLADO COMPLETO,1,3
10,01,01,009,100101009,CARTÍ SUGTUPU,2,POBLADO COMPLETO,1,3
10,01,01,011,100101011,ISLA PUERCO DE MONTE O CARTÍ YANTUPU,2,POBLADO COMPLETO,1,3
10,01,01,012,100101012,CORAZÓN DE JESÚS O AKUANUSATUPU,2,POBLADO COMPLETO,1,3
10,01,01,014,100101014,CORBISKI,2,POBLADO COMPLETO,1,3
10,01,01,016,100101016,ACHIOTE O ACHIOTAL O MAGUEBGANDÍ,2,POBLADO COMPLETO,1,3
10,01,01,017,100101017,MAMARTUPU,2,POBLADO COMPLETO,1,3
10,01,01,020,100101020,MAMITUPU,2,POBLADO COMPLETO,1,3
10,01,01,022,100101022,NARANJOS CHICOS O NARBAGANDUP BIPI,2,POBLADO COMPLETO,1,3
10,01,01,023,100101023,NARANJOS GRANDES O NARBAGANDUP DUMMAD,2,POBLADO COMPLETO,1,3
10,01,01,024,100101024,NARGANÁ O YANDUP,2,POBLADO COMPLETO,1,3
10,01,01,025,100101025,NALUNEGA,2,POBLADO COMPLETO,1,3
10,01,01,026,100101026,NUGNUTUPU,2,POBLADO COMPLETO,1,3
10,01,01,027,100101027,ISLA RATÓN O NUSATUPU,2,POBLADO COMPLETO,1,3
10,01,01,028,100101028,ISLA DEL ARROZ O OROSTUPU,2,POBLADO COMPLETO,1,3
10,01,01,030,100101030,RÍO AZÚCAR O UARGANDUP,2,POBLADO COMPLETO,1,3
10,01,01,031,100101031,RÍO SIDRA O URGANDÍ,2,POBLADO COMPLETO,1,3
10,01,01,032,100101032,ISLA TIGRE O DIGIR DUP,2,POBLADO COMPLETO,1,3
10,01,01,033,100101033,SOLEDAD MIRYA O MIRYA UBIGANTUPU,2,POBLADO COMPLETO,1,3
10,01,01,034,100101034,ISLA DEL DIABLO O TIKANTIKI O NIATUPO,2,POBLADO COMPLETO,1,3
10,01,01,035,100101035,TUBUALÁ,2,POBLADO COMPLETO,1,3
10,01,01,037,100101037,TUPSUIT BIPI,2,POBLADO COMPLETO,1,3
10,01,01,039,100101039,TUPSUIT DUMMAT,2,POBLADO COMPLETO,1,3
10,01,01,040,100101040,SOLEDAD MANDINGA O MANDI UBIGANTUP,2,POBLADO COMPLETO,1,3
10,01,01,041,100101041,TRONCO DE HICACO O WICHUB UALA,2,POBLADO COMPLETO,1,3
10,01,01,043,100101043,ISLA PINO O NURDUP,2,POBLADO COMPLETO,1,3
10,01,01,044,100101044,ISLA MÁQUINA O MOR AKETUP,2,POBLADO COMPLETO,1,3
10,01,01,059,100101059,ISLA POZO O CAYOS HOLANDESES O DIATUPU,2,POBLADO COMPLETO,2,3
10,01,01,060,100101060,CARTÍ TUPILE,2,POBLADO COMPLETO,1,3
10,01,01,062,100101062,ISLA EL ESFUERZO,2,POBLADO COMPLETO,1,3
10,01,01,064,100101064,CAYOS PELO LATINO O WAGSAILATUPU O GUAISAILADUP,2,POBLADO COMPLETO,1,3
10,01,01,066,100101066,TUP OROCUA O TUP SUIT BIPI O TUP SUIT CHICO,2,POBLADO COMPLETO,1,3
10,01,01,068,100101068,MANDI YALA,2,POBLADO COMPLETO,1,3
10,01,01,069,100101069,ISLA GATO O MISTUPU,2,POBLADO COMPLETO,1,3
10,01,01,070,100101070,WICHUDUP DUMAMAD,2,POBLADO COMPLETO,1,3
10,01,01,071,100101071,CACIQUE SAÍNO O YANSAILADUP DUMMAD,2,POBLADO COMPLETO,1,3
10,01,01,073,100101073,ELOGUADUP,2,POBLADO COMPLETO,2,3
10,01,01,074,100101074,NIADUP O NIATUPU,2,POBLADO COMPLETO,1,3
10,01,01,077,100101077,ISLA COCO BLANCO O OGOBSIBUDUP,2,POBLADO COMPLETO,1,3
10,01,01,078,100101078,EL PORVENIR O MURRU O GAIGORGIRDUP,1,CABECERA,1,3
10,01,01,081,100101081,CHICHIRDUP,2,POBLADO COMPLETO,1,3
10,01,01,084,100101084,ISLA AROMA O ASSER YALADUB,2,POBLADO COMPLETO,2,3
10,01,01,085,100101085,ISLA HUESO DE AGUJA O ICODUP,2,POBLADO COMPLETO,2,3
10,01,01,089,100101089,ISLA SAPO O NADUP,2,POBLADO COMPLETO,1,3
10,01,01,091,100101091,CAMBOMBIA O MORBEPDUPU,2,POBLADO COMPLETO,1,3
10,01,01,093,100101093,NARANJOS CHICOS No.2 O NARBAGANDUP BIPI,2,POBLADO COMPLETO,1,3
10,01,01,096,100101096,ISLA PERRO CHICO O ACHUDUP BIPI,2,POBLADO COMPLETO,2,3
10,01,01,097,100101097,ISLA PERRO GRANDE O ACHUDUP DUMMAD,2,POBLADO COMPLETO,1,3
10,01,01,098,100101098,ISLA IGUANA O ARRIDUP,2,POBLADO COMPLETO,2,3
10,01,01,099,100101099,BANEDUP BIPI,2,POBLADO COMPLETO,1,3
10,01,01,100,100101100,ISLA TIJERETA GRANDE O BANEDUP DUMMAD,2,POBLADO COMPLETO,1,3
10,01,01,101,100101101,CAGANDUP,2,POBLADO COMPLETO,2,3
10,01,01,102,100101102,ISLA CUEVA DE LAGARTO O DAIN YA,2,POBLADO COMPLETO,1,3
10,01,01,103,100101103,ISLA POZO O DIADUP,2,POBLADO COMPLETO,2,3
10,01,01,106,100101106,ISLA CARACOL O GOLEDUP,2,POBLADO COMPLETO,2,3
10,01,01,108,100101108,ISLA PELÍCANO No.2 O GORGIDUP No.2,2,POBLADO COMPLETO,2,3
10,01,01,110,100101110,ISLA PULPO,2,POBLADO COMPLETO,2,3
10,01,01,111,100101111,KUANIDUP,2,POBLADO COMPLETO,2,3
10,01,01,113,100101113,LLANO CARTÍ,3,POBLADO PARTE,1,3
10,01,01,114,100101114,MIRIA DIADUP,2,POBLADO COMPLETO,2,3
10,01,01,115,100101115,NIAGALUBIR,2,POBLADO COMPLETO,1,3
10,01,01,116,100101116,ISLA MANTA RAYA O NIDIRBIDUP,2,POBLADO COMPLETO,2,3
10,01,01,117,100101117,NUGARACHUERDUP,2,POBLADO COMPLETO,2,3
10,01,01,118,100101118,NUGNUDUP,2,POBLADO COMPLETO,1,3
10,01,01,119,100101119,OGOP BUKIP,2,POBLADO COMPLETO,2,3
10,01,01,120,100101120,ISLA ORO O ORDUP,2,POBLADO COMPLETO,1,3
10,01,01,121,100101121,ISLA PUERCO O SINDUP,2,POBLADO COMPLETO,1,3
10,01,01,123,100101123,SUG WINGUADUP,2,POBLADO COMPLETO,2,3
10,01,01,124,100101124,UKUPTUPU,2,POBLADO COMPLETO,1,3
10,01,01,125,100101125,WARSODUCUA,2,POBLADO COMPLETO,1,3
10,01,01,126,100101126,WAGSAILADUP,2,POBLADO COMPLETO,1,3
10,01,01,127,100101127,WASIRDUP,2,POBLADO COMPLETO,1,3
10,01,01,128,100101128,WAYLIDUP,2,POBLADO COMPLETO,2,3
10,01,01,129,100101129,WICHUB BIPI,2,POBLADO COMPLETO,1,3
10,01,01,130,100101130,YANSAILA BIPI,2,POBLADO COMPLETO,2,3
10,01,01,131,100101131,BIDERUP,2,POBLADO COMPLETO,2,3
10,01,01,132,100101132,DEMARASSUDUB,2,POBLADO COMPLETO,1,3
10,01,01,133,100101133,ESTRELLA O SAILAR DUP,2,POBLADO COMPLETO,1,3
10,01,01,134,100101134,ISLA TORTUGA,2,POBLADO COMPLETO,2,3
10,01,01,135,100101135,NUBE SIDUP,2,POBLADO COMPLETO,2,3
10,01,01,136,100101136,BARRIADA ISBERYALA,2,POBLADO COMPLETO,1,3
10,01,01,137,100101137,ISLA MOMIA,2,POBLADO COMPLETO,1,3
10,01,01,138,100101138,ISLA MISDUTUP O ISLA GATO,2,POBLADO COMPLETO,1,3
10,01,02,001,100102001,ACHUTUPU O ISLA PERRO,2,POBLADO COMPLETO,1,3
10,01,02,002,100102002,AILIGANDÍ O MANGLAR,1,CABECERA,1,3
10,01,02,003,100102003,AIRDIRGANDÍ O PIEDRA DE AMOLAR,2,POBLADO COMPLETO,1,3
10,01,02,004,100102004,IRGANDÍ,2,POBLADO COMPLETO,1,3
10,01,02,005,100102005,MAMITUPU O ISLA MAMEY,2,POBLADO COMPLETO,1,3
10,01,02,006,100102006,PLAYÓN CHICO O UKUPSENI,2,POBLADO COMPLETO,1,3
10,01,02,007,100102007,PLAYÓN GRANDE O UKUPA,2,POBLADO COMPLETO,1,3
10,01,02,008,100102008,SAN IGNACIO DE TUPILE O ISLA GALLINA (DAD NAKUED DUPIR O KANNIR DUP),2,POBLADO COMPLETO,1,3
10,01,02,009,100102009,USTUPU O ISLA CONEJO PINTADO O ÑEQUE,2,POBLADO COMPLETO,1,3
10,01,02,010,100102010,OGOBSUCUN O ENSENADA DE COCO,2,POBLADO COMPLETO,1,3
10,01,02,011,100102011,WAGUITUPU O ISLA PERICO,2,POBLADO COMPLETO,1,3
10,01,02,012,100102012,PATESUCUN,2,POBLADO COMPLETO,1,3
10,01,02,013,100102013,WICHUB MULLU,2,POBLADO COMPLETO,1,3
10,01,02,015,100102015,ISLANDIA,2,POBLADO COMPLETO,2,3
10,01,02,016,100102016,YANTUP,2,POBLADO COMPLETO,2,3
10,01,03,004,100103004,LA MIEL,2,POBLADO COMPLETO,1,3
10,01,03,005,100103005,PLAYA BLANCA,2,POBLADO COMPLETO,1,3
10,01,03,006,100103006,PUERTO OBALDÍA,1,CABECERA,1,3
10,01,03,015,100103015,LA BOCA,2,POBLADO COMPLETO,1,3
10,01,04,002,100104002,ARMILA,2,POBLADO COMPLETO,1,3
10,01,04,003,100104003,CARRETO O YANSIBDIWAR,2,POBLADO COMPLETO,1,3
10,01,04,004,100104004,CALEDONIA O COETUPU O GOEDUB,2,POBLADO COMPLETO,1,3
10,01,04,005,100104005,ISLA CUBA O NUBADUB,2,POBLADO COMPLETO,1,3
10,01,04,006,100104006,ISLA PINO O DUBBAG,2,POBLADO COMPLETO,1,3
10,01,04,008,100104008,MANSUCUN O MAMSUGGUN,2,POBLADO COMPLETO,1,3
10,01,04,009,100104009,MULATUPU O SASARDÍ MULADUB,2,POBLADO COMPLETO,1,3
10,01,04,010,100104010,NABAGANDÍ,2,POBLADO COMPLETO,1,3
10,01,04,012,100104012,TUBUALÁ O DUBWALÁ,1,CABECERA,1,3
10,01,04,015,100104015,ISLA RATÓN O NUSATUPU,2,POBLADO COMPLETO,1,3
10,01,04,017,100104017,SASARDÍ O SASARDÍ NUEVO,2,POBLADO COMPLETO,1,3
10,01,04,019,100104019,ANACHUCUNA O ASWEMULLU,2,POBLADO COMPLETO,1,3
10,01,04,022,100104022,ISLA PUERCO O SINDUP,2,POBLADO COMPLETO,1,3
10,01,04,023,100104023,PUEBLO NUEVO,2,POBLADO COMPLETO,1,3
10,01,04,024,100104024,QUEBRADA EL PUEBLO O QUEBRADA AMARILLA,2,POBLADO COMPLETO,2,3
11,01,01,006,110101006,CAPETÍ O CAPETUIRA,2,POBLADO COMPLETO,1,3
11,01,01,007,110101007,CALLE DE ORO,3,POBLADO PARTE,1,3
11,01,01,014,110101014,EL PUENTE,2,POBLADO COMPLETO,1,3
11,01,01,025,110101025,UNIÓN CHOCÓ,1,CABECERA,1,3
11,01,01,026,110101026,VISTA ALEGRE,2,POBLADO COMPLETO,1,3
11,01,01,027,110101027,YAPÉ,2,POBLADO COMPLETO,1,3
11,01,02,001,110102001,ALTO PLAYÓN,2,POBLADO COMPLETO,1,3
11,01,02,002,110102002,BAJO CHIQUITO,2,POBLADO COMPLETO,1,3
11,01,02,008,110102008,BOCA DE ICUANATÍ,2,POBLADO COMPLETO,1,3
11,01,02,009,110102009,CANAÁN,2,POBLADO COMPLETO,1,3
11,01,02,013,110102013,EL SALTO,2,POBLADO COMPLETO,1,3
11,01,02,015,110102015,LA PEÑITA,3,POBLADO PARTE,1,3
11,01,02,016,110102016,LA VÍBORA,3,POBLADO PARTE,1,3
11,01,02,017,110102017,LAJAS BLANCAS,4,CABECERA PARTE (Mixto),1,3
11,01,02,019,110102019,LAS CUMBRES,2,POBLADO COMPLETO,1,3
11,01,02,020,110102020,MARRAGANTÍ,2,POBLADO COMPLETO,1,3
11,01,02,021,110102021,LOS MOGOTES O BAJO PURÚ,3,POBLADO PARTE,1,3
11,01,02,023,110102023,NUEVO VIGÍA,2,POBLADO COMPLETO,1,3
11,01,02,024,110102024,PEÑA BIJAGUAL,2,POBLADO COMPLETO,1,3
11,01,02,025,110102025,PICA PEDRO,2,POBLADO COMPLETO,1,3
11,01,02,027,110102027,QUEBRADA LOS CUATRO,2,POBLADO COMPLETO,1,3
11,01,02,030,110102030,DOZAKE PURÚ O RÍO SITO,2,POBLADO COMPLETO,1,3
11,01,02,032,110102032,SINAÍ,2,POBLADO COMPLETO,1,3
11,01,02,033,110102033,TORTUGA,2,POBLADO COMPLETO,1,3
11,01,02,035,110102035,VILLA CALETA,2,POBLADO COMPLETO,1,3
11,01,02,039,110102039,LA OLLA,3,POBLADO PARTE,1,3
11,01,02,042,110102042,DON JULIO,2,POBLADO COMPLETO,1,3
11,01,02,043,110102043,PATISERA,2,POBLADO COMPLETO,1,3
11,01,02,045,110102045,QUIDACUADA,2,POBLADO COMPLETO,2,3
11,01,02,046,110102046,RÍO MEMBRILLO,2,POBLADO COMPLETO,1,3
11,01,02,047,110102047,TOYO,2,POBLADO COMPLETO,2,3
11,01,02,048,110102048,VITABÚ,2,POBLADO COMPLETO,1,3
11,01,02,049,110102049,LA LOMA,2,POBLADO COMPLETO,1,3
11,01,02,050,110102050,MAACH PÖBUR,2,POBLADO COMPLETO,1,3
11,01,02,051,110102051,CHIATÍ ARRIBA O QUEBRADA MACHO,3,POBLADO PARTE,1,3
11,01,03,002,110103002,BARRANQUILLITA O BARRANQUILLA,2,POBLADO COMPLETO,1,3
11,01,03,004,110103004,BOCA DE CHATÍ,2,POBLADO COMPLETO,1,3
11,01,03,009,110103009,COMÚN,2,POBLADO COMPLETO,1,3
11,01,03,010,110103010,COROZAL,1,CABECERA,1,3
11,01,03,013,110103013,EL TIGRE,2,POBLADO COMPLETO,1,3
11,01,03,014,110103014,NUEVA ESPERANZA,2,POBLADO COMPLETO,1,3
11,01,03,016,110103016,LA PULIDA,2,POBLADO COMPLETO,1,3
11,01,03,019,110103019,NARANJAL,2,POBLADO COMPLETO,1,3
11,01,03,020,110103020,NAZARETH,2,POBLADO COMPLETO,1,3
11,01,03,021,110103021,NUEVO BELÉN,2,POBLADO COMPLETO,1,3
11,01,03,022,110103022,PORTORRICAL,2,POBLADO COMPLETO,1,3
11,01,03,023,110103023,PUNTA GRANDE,2,POBLADO COMPLETO,1,3
11,01,03,027,110103027,QUEBRADA MUERTO,2,POBLADO COMPLETO,1,3
11,01,03,031,110103031,VILLA NUEVA,2,POBLADO COMPLETO,1,3
11,01,03,034,110103034,LA PEÑA,2,POBLADO COMPLETO,2,3
11,02,01,001,110201001,BAYAMÓN,1,CABECERA,1,3
11,02,01,005,110201005,BOCA DE TIGRE,2,POBLADO COMPLETO,1,3
11,02,01,006,110201006,BOCA DE TRAMPA,2,POBLADO COMPLETO,1,3
11,02,01,007,110201007,BOCA DE VENADO,2,POBLADO COMPLETO,1,3
11,02,01,009,110201009,BUENA VISTA,2,POBLADO COMPLETO,1,3
11,02,01,010,110201010,CABECERA DE ALTO DE JESÚS,3,POBLADO PARTE,1,3
11,02,01,014,110201014,EL CHARRO,2,POBLADO COMPLETO,1,3
11,02,01,015,110201015,EL ROMPÍO,2,POBLADO COMPLETO,1,3
11,02,01,019,110201019,LA CHUNGA,3,POBLADO PARTE,1,3
11,02,01,021,110201021,LIMÓN,2,POBLADO COMPLETO,1,3
11,02,01,024,110201024,PARAÍSO,2,POBLADO COMPLETO,1,3
11,02,01,025,110201025,PUERTO INDIO,2,POBLADO COMPLETO,1,3
11,02,01,028,110201028,BOCA DE NAGUALA,3,POBLADO PARTE,1,3
11,02,01,030,110201030,VILLA KEDESIA O RÍO TIGRE,2,POBLADO COMPLETO,1,3
11,02,01,031,110201031,PUNTA COI,2,POBLADO COMPLETO,1,3
11,02,01,035,110201035,AGUACATAL,2,POBLADO COMPLETO,1,3
11,02,01,039,110201039,SAN PABLO,3,POBLADO PARTE,1,3
11,02,01,040,110201040,DAIPURU,2,POBLADO COMPLETO,1,3
11,02,01,041,110201041,RÍO TIGRE ARRIBA,2,POBLADO COMPLETO,2,3
11,02,01,042,110201042,SORONGO,2,POBLADO COMPLETO,1,3
11,02,02,003,110202003,CONDOTE O RÍO VENADO,2,POBLADO COMPLETO,1,3
11,02,02,004,110202004,CUCARACHA,2,POBLADO COMPLETO,1,3
11,02,02,005,110202005,CHURUCO,2,POBLADO COMPLETO,1,3
11,02,02,006,110202006,JINGURUDÓ,1,CABECERA,1,3
11,02,02,007,110202007,OPOGADO O RÍO IGUANA,2,POBLADO COMPLETO,1,3
11,02,02,008,110202008,PAVARANDO O RÍO CLARITO,2,POBLADO COMPLETO,1,3
11,02,02,009,110202009,PIQUIGUA,2,POBLADO COMPLETO,1,3
11,02,02,010,110202010,QUEBRADA EL BARRIAL,2,POBLADO COMPLETO,1,3
11,02,02,011,110202011,BOCA GÜINA,2,POBLADO COMPLETO,1,3
11,02,02,016,110202016,MORROVIC O BELÉN O BORROVICHE,2,POBLADO COMPLETO,1,3
11,02,02,017,110202017,SAN PABLO,3,POBLADO PARTE,2,3
11,02,02,018,110202018,LA BONGA O BONGO,2,POBLADO COMPLETO,1,3
12,01,01,001,120101001,EL MANGO,2,POBLADO COMPLETO,1,3
12,01,01,004,120101004,EL BARRERO,2,POBLADO COMPLETO,1,3
12,01,01,006,120101006,BOCA DE CAÑA,2,POBLADO COMPLETO,1,3
12,01,01,007,120101007,BOCA DE JEBAY,2,POBLADO COMPLETO,1,3
12,01,01,009,120101009,CABECERA MIEL,2,POBLADO COMPLETO,1,3
12,01,01,010,120101010,BOCA DE SOLOY,1,CABECERA,1,3
12,01,01,011,120101011,BRAZO DE MIEL No.1,2,POBLADO COMPLETO,1,3
12,01,01,012,120101012,CABECERA DE CORRAL,2,POBLADO COMPLETO,1,3
12,01,01,015,120101015,CERRO MIEL,2,POBLADO COMPLETO,1,3
12,01,01,016,120101016,CERRO VENADO,2,POBLADO COMPLETO,1,3
12,01,01,017,120101017,CERRO VIEJO O ISRAEL,3,POBLADO PARTE,1,3
12,01,01,018,120101018,GASPARILLO,2,POBLADO COMPLETO,1,3
12,01,01,020,120101020,QUEBRADA SUEÑO O ALTO CAÑA,2,POBLADO COMPLETO,1,3
12,01,01,021,120101021,ALTO SOLOY,2,POBLADO COMPLETO,1,3
12,01,01,023,120101023,BOCA DE HUSO,3,POBLADO PARTE,1,3
12,01,01,024,120101024,SALITRE,3,POBLADO PARTE,1,3
12,01,01,025,120101025,ALTO DE NARANJO,2,POBLADO COMPLETO,1,3
12,01,01,026,120101026,ALTO DE MANGO,2,POBLADO COMPLETO,1,3
12,01,01,027,120101027,JARAMILLO,2,POBLADO COMPLETO,1,3
12,01,01,028,120101028,BOCA DE QUEBRADA DE HACHA,3,POBLADO PARTE,1,3
12,01,01,030,120101030,QUEBRADA HACHA,3,POBLADO PARTE,1,3
12,01,01,031,120101031,BARRIADA 2000,2,POBLADO COMPLETO,1,3
12,01,01,032,120101032,BRAZO DE MIEL No.2,2,POBLADO COMPLETO,1,3
12,01,01,033,120101033,CERRO CUCARACHA,3,POBLADO PARTE,1,3
12,01,01,034,120101034,MORACHO,2,POBLADO COMPLETO,1,3
12,01,01,035,120101035,QUEBRADA CAÑA,2,POBLADO COMPLETO,1,3
12,01,01,036,120101036,JEBAY,2,POBLADO COMPLETO,1,3
12,01,02,001,120102001,CERRO IGLESIA,2,POBLADO COMPLETO,1,3
12,01,02,003,120102003,BOCA DE BALSA,1,CABECERA,1,3
12,01,02,004,120102004,EL COCO,2,POBLADO COMPLETO,1,3
12,01,02,006,120102006,BOCA DE HUSO,3,POBLADO PARTE,1,3
12,01,02,008,120102008,CABECERA DE CEIBA,2,POBLADO COMPLETO,1,3
12,01,02,012,120102012,CALABAZO,2,POBLADO COMPLETO,1,3
12,01,02,016,120102016,LIMÓN,2,POBLADO COMPLETO,1,3
12,01,02,020,120102020,QUEBRADA CAMARÓN,2,POBLADO COMPLETO,1,3
12,01,02,022,120102022,QUEBRADA CUCARACHA,2,POBLADO COMPLETO,1,3
12,01,02,026,120102026,JATOTE,2,POBLADO COMPLETO,1,3
12,01,02,031,120102031,PELLEJO DE AGUA,2,POBLADO COMPLETO,1,3
12,01,02,035,120102035,QUEBRADA COROZO No.1,3,POBLADO PARTE,1,3
12,01,02,042,120102042,BOCA DE QUEBRADA REMEDIOS,2,POBLADO COMPLETO,1,3
12,01,02,046,120102046,SALITRE,3,POBLADO PARTE,1,3
12,01,02,052,120102052,QUEBRADA ARENAS,2,POBLADO COMPLETO,1,3
12,01,02,053,120102053,CERRO YUCA,2,POBLADO COMPLETO,1,3
12,01,02,054,120102054,QUEBRADA PENCA,2,POBLADO COMPLETO,1,3
12,01,02,055,120102055,SABANA DE HUSO,2,POBLADO COMPLETO,1,3
12,01,02,058,120102058,PLANO DE RÍO HUSO,2,POBLADO COMPLETO,1,3
12,01,02,059,120102059,QUEBRADA LAJITA,2,POBLADO COMPLETO,1,3
12,01,02,060,120102060,QUEBRADA EL NANCE,2,POBLADO COMPLETO,1,3
12,01,02,061,120102061,QUEBRADA CHICHA,2,POBLADO COMPLETO,1,3
12,01,02,063,120102063,CERRO BOLLO,2,POBLADO COMPLETO,1,3
12,01,02,065,120102065,CERRO PITA,2,POBLADO COMPLETO,1,3
12,01,02,066,120102066,CABECERA DE COGOLLO,2,POBLADO COMPLETO,1,3
12,01,02,067,120102067,COGOLLO,2,POBLADO COMPLETO,1,3
12,01,02,068,120102068,COGOLLO No.2,2,POBLADO COMPLETO,1,3
12,01,02,070,120102070,QUEBRADA PERICO,2,POBLADO COMPLETO,1,3
12,01,02,071,120102071,QUEBRADA LAJITA No.2,2,POBLADO COMPLETO,1,3
12,01,02,085,120102085,QUEBRADA CEMENTERIO,2,POBLADO COMPLETO,1,3
12,01,02,086,120102086,QUEBRADA MOLINO,2,POBLADO COMPLETO,1,3
12,01,02,087,120102087,QUEBRADA PALMA,2,POBLADO COMPLETO,1,3
12,01,02,088,120102088,LIMONCILLO,3,POBLADO PARTE,1,3
12,01,02,100,120102100,QUEBRADA BALSITA,2,POBLADO COMPLETO,1,3
12,01,02,101,120102101,CERRO CAJA,2,POBLADO COMPLETO,1,3
12,01,02,105,120102105,QUEBRADA CARPINTERO,2,POBLADO COMPLETO,1,3
12,01,02,106,120102106,EL PALMARITO,2,POBLADO COMPLETO,1,3
12,01,02,107,120102107,CABECERA DE MACHO DE MONTE,2,POBLADO COMPLETO,1,3
12,01,02,108,120102108,CABECERA DE TIGRE,2,POBLADO COMPLETO,1,3
12,01,02,109,120102109,CEIBA,2,POBLADO COMPLETO,1,3
12,01,02,111,120102111,HATO SALUD,2,POBLADO COMPLETO,1,3
12,01,02,112,120102112,MACHO DE MONTE,2,POBLADO COMPLETO,1,3
12,01,02,113,120102113,ALTO REY,2,POBLADO COMPLETO,1,3
12,01,02,114,120102114,CABECERA DE QUEBRADA BERBA,2,POBLADO COMPLETO,1,3
12,01,02,115,120102115,ESPAVÉ,3,POBLADO PARTE,1,3
12,01,02,116,120102116,LA MONTAÑA,2,POBLADO COMPLETO,1,3
12,01,02,117,120102117,QUEBRADA ÑEQUE,2,POBLADO COMPLETO,1,3
12,01,02,118,120102118,CERRO BANQUILLA,2,POBLADO COMPLETO,1,3
12,01,03,002,120103002,BOCA DE QUEBRADA CAMARÓN,2,POBLADO COMPLETO,1,3
12,01,03,003,120103003,ALTO JACAQUE O CAPACHO,2,POBLADO COMPLETO,1,3
12,01,03,004,120103004,BOCA DE QUEBRADA GUACAMAYA,2,POBLADO COMPLETO,1,3
12,01,03,005,120103005,BOCA DE QUEBRADA LAJAS,2,POBLADO COMPLETO,1,3
12,01,03,006,120103006,BOCA DE QUEBRADA ULLAMA,3,POBLADO PARTE,1,3
12,01,03,007,120103007,BOCA DE QUEBRADA SECUARA,2,POBLADO COMPLETO,1,3
12,01,03,009,120103009,QUEBRADA PUERCO,2,POBLADO COMPLETO,1,3
12,01,03,013,120103013,CABECERA DE QUEBRADA MONITO No.1,2,POBLADO COMPLETO,1,3
12,01,03,015,120103015,CABECERA DE QUEBRADA PIFA,2,POBLADO COMPLETO,1,3
12,01,03,016,120103016,CABECERA DE QUEBRADA TIGRA,2,POBLADO COMPLETO,1,3
12,01,03,017,120103017,CABECERA DE ULLAMA O ULLAMA,2,POBLADO COMPLETO,1,3
12,01,03,018,120103018,CABECERA DE QUEBRADA GUACAMAYA O ROGUAGUIDETE,2,POBLADO COMPLETO,1,3
12,01,03,019,120103019,CAMARÓN ABAJO,2,POBLADO COMPLETO,1,3
12,01,03,020,120103020,CAMARÓN ARRIBA,1,CABECERA,1,3
12,01,03,022,120103022,CUCURIA,2,POBLADO COMPLETO,1,3
12,01,03,024,120103024,ESCOBAL,2,POBLADO COMPLETO,1,3
12,01,03,025,120103025,FALDA DE PALMA,2,POBLADO COMPLETO,1,3
12,01,03,026,120103026,GUACAMAYA,2,POBLADO COMPLETO,1,3
12,01,03,032,120103032,QUEBRADA PIFA,2,POBLADO COMPLETO,1,3
12,01,03,033,120103033,QUEBRADA CABUYA,2,POBLADO COMPLETO,1,3
12,01,03,034,120103034,QUEBRADA MONITO,2,POBLADO COMPLETO,1,3
12,01,03,035,120103035,QUEBRADA PALMA,2,POBLADO COMPLETO,1,3
12,01,03,036,120103036,QUEBRADA ULLAMA,2,POBLADO COMPLETO,1,3
12,01,03,038,120103038,COMÚN,2,POBLADO COMPLETO,1,3
12,01,03,039,120103039,CABECERA DE QUEBRADA SECUARA,2,POBLADO COMPLETO,1,3
12,01,03,040,120103040,QUEBRADA TIGRA,2,POBLADO COMPLETO,1,3
12,01,03,041,120103041,CERRO JESÚS,2,POBLADO COMPLETO,1,3
12,01,03,042,120103042,SIGONI,2,POBLADO COMPLETO,1,3
12,01,03,043,120103043,QUEBRADA POSOY,2,POBLADO COMPLETO,1,3
12,01,03,044,120103044,COROCITO,3,POBLADO PARTE,1,3
12,01,03,045,120103045,QUEBRADA ZAPOTE,2,POBLADO COMPLETO,1,3
12,01,03,046,120103046,CACICÓN,2,POBLADO COMPLETO,1,3
12,01,03,049,120103049,CABECERA DE POSOY,2,POBLADO COMPLETO,1,3
12,01,03,050,120103050,CABECERA DE QUEBRADA MONITO No.2,3,POBLADO PARTE,1,3
12,01,03,052,120103052,FALDA DE CERRO PALMA,2,POBLADO COMPLETO,1,3
12,01,03,054,120103054,BOCA DE ÁGUILA,2,POBLADO COMPLETO,1,3
12,01,03,055,120103055,QUEBRADA CARPINTERO,2,POBLADO COMPLETO,1,3
12,01,03,057,120103057,LAS NUBES,2,POBLADO COMPLETO,1,3
12,01,03,058,120103058,QUEBRADA LOS PECES,2,POBLADO COMPLETO,1,3
12,01,03,059,120103059,CABECERA DE QUEBRADA LOS PECES,2,POBLADO COMPLETO,1,3
12,01,03,060,120103060,CABECERA DE QUEBRADA LAJAS,2,POBLADO COMPLETO,1,3
12,01,03,061,120103061,QUEBRADA BIABÁ,2,POBLADO COMPLETO,1,3
12,01,03,062,120103062,SECUARA,2,POBLADO COMPLETO,1,3
12,01,04,001,120104001,ALTO BONITO,2,POBLADO COMPLETO,1,3
12,01,04,005,120104005,BOCA DE QUEBRADA LODO,2,POBLADO COMPLETO,1,3
12,01,04,007,120104007,BOCA DE QUEBRADA ULLAMA,3,POBLADO PARTE,1,3
12,01,04,008,120104008,BOCA DE QUIQUI,2,POBLADO COMPLETO,1,3
12,01,04,009,120104009,BOQUILLA DE QUIQUI,2,POBLADO COMPLETO,1,3
12,01,04,010,120104010,CHOCHORI,2,POBLADO COMPLETO,1,3
12,01,04,012,120104012,CABECERA DE QUEBRADA GALLOTA,2,POBLADO COMPLETO,1,3
12,01,04,013,120104013,CERRO GATO No.2,2,POBLADO COMPLETO,1,3
12,01,04,015,120104015,CERRO BANCO,1,CABECERA,1,3
12,01,04,016,120104016,CERRO BOLOTE,2,POBLADO COMPLETO,1,3
12,01,04,019,120104019,CERRO PAVÓN,3,POBLADO PARTE,1,3
12,01,04,020,120104020,CERRO PIÑA,2,POBLADO COMPLETO,1,3
12,01,04,021,120104021,CERRO SOBRINO,3,POBLADO PARTE,1,3
12,01,04,022,120104022,CABECERA DE QUEBRADA PIEDRA,3,POBLADO PARTE,1,3
12,01,04,024,120104024,HIGUERONCITO,2,POBLADO COMPLETO,1,3
12,01,04,025,120104025,AGUACATILLO O AGUACATE,2,POBLADO COMPLETO,1,3
12,01,04,026,120104026,CALABACITO,2,POBLADO COMPLETO,1,3
12,01,04,028,120104028,QUEBRADA VENADO,2,POBLADO COMPLETO,1,3
12,01,04,032,120104032,QUEBRADA CAÑA BRAVA,2,POBLADO COMPLETO,1,3
12,01,04,033,120104033,QUEBRADA COROZO,2,POBLADO COMPLETO,1,3
12,01,04,035,120104035,QUEBRADA DE MOAI,2,POBLADO COMPLETO,1,3
12,01,04,038,120104038,QUEBRADA OLLA,2,POBLADO COMPLETO,1,3
12,01,04,040,120104040,GASPARILLO,3,POBLADO PARTE,1,3
12,01,04,041,120104041,CABECERA DE QUEBRADA LODO,2,POBLADO COMPLETO,1,3
12,01,04,043,120104043,LLANO IGLESIA,2,POBLADO COMPLETO,1,3
12,01,04,045,120104045,CERRO PELADO,2,POBLADO COMPLETO,1,3
12,01,04,046,120104046,RÍO CHIQUITO,2,POBLADO COMPLETO,1,3
12,01,04,047,120104047,BARRIADA NUEVA GENERACIÓN,2,POBLADO COMPLETO,1,3
12,01,04,048,120104048,QUEBRADA COROZO No.1,3,POBLADO PARTE,1,3
12,01,04,049,120104049,QUEBRADA DE HACHA,2,POBLADO COMPLETO,1,3
12,01,04,050,120104050,NUEVA MOLENA,3,POBLADO PARTE,1,3
12,01,04,051,120104051,CERRO TABLA,2,POBLADO COMPLETO,1,3
12,01,05,002,120105002,BIJAO,2,POBLADO COMPLETO,1,3
12,01,05,005,120105005,BOCA DE QUEBRADA GUABO,2,POBLADO COMPLETO,1,3
12,01,05,008,120105008,AJÍ,2,POBLADO COMPLETO,1,3
12,01,05,009,120105009,CERRO BALSA,2,POBLADO COMPLETO,1,3
12,01,05,011,120105011,CERRO CUCHARA,2,POBLADO COMPLETO,1,3
12,01,05,012,120105012,CERRO MADERA,2,POBLADO COMPLETO,1,3
12,01,05,014,120105014,CERRO PENCA,2,POBLADO COMPLETO,1,3
12,01,05,015,120105015,CERRO SOL,2,POBLADO COMPLETO,1,3
12,01,05,016,120105016,COCALECA,2,POBLADO COMPLETO,1,3
12,01,05,020,120105020,FALDA DE PATENA,1,CABECERA,1,3
12,01,05,021,120105021,GUABAL,2,POBLADO COMPLETO,1,3
12,01,05,023,120105023,JENGIBRE,2,POBLADO COMPLETO,1,3
12,01,05,024,120105024,JENGEBRICITO,2,POBLADO COMPLETO,1,3
12,01,05,025,120105025,MOLEJÓN,2,POBLADO COMPLETO,1,3
12,01,05,026,120105026,NANCE,2,POBLADO COMPLETO,1,3
12,01,05,027,120105027,ORILLA DE QUEBRADA BIABÁ,2,POBLADO COMPLETO,1,3
12,01,05,028,120105028,QUEBRADA PLATA,3,POBLADO PARTE,1,3
12,01,05,030,120105030,SAN JUAN,2,POBLADO COMPLETO,1,3
12,01,05,031,120105031,OJO DE TIGRE,2,POBLADO COMPLETO,1,3
12,01,05,038,120105038,ZONA FRÍA,2,POBLADO COMPLETO,1,3
12,01,05,039,120105039,QUEBRADA AJÍ,2,POBLADO COMPLETO,1,3
12,01,05,040,120105040,CHICHICA,2,POBLADO COMPLETO,1,3
12,01,05,041,120105041,FILO DE MAMEY,2,POBLADO COMPLETO,1,3
12,01,05,042,120105042,BOCA DE BIABÁ,2,POBLADO COMPLETO,1,3
12,01,05,043,120105043,FILO DE CERRO PALMA,2,POBLADO COMPLETO,1,3
12,01,05,045,120105045,CHORRO DE ÁGUILA,3,POBLADO PARTE,1,3
12,01,05,047,120105047,BAJO CACICÓN,2,POBLADO COMPLETO,1,3
12,01,05,048,120105048,CABECERA DE GUABO,3,POBLADO PARTE,1,3
12,01,05,049,120105049,CERRO PAILA,3,POBLADO PARTE,1,3
12,01,05,050,120105050,QUEBRADA ÁGUILA,2,POBLADO COMPLETO,1,3
12,01,06,003,120106003,BOCA DEL RÍO CHORCHITA,2,POBLADO COMPLETO,1,3
12,01,06,005,120106005,CERRO CUCARACHA,3,POBLADO PARTE,1,3
12,01,06,008,120106008,ALTO CAÑA,2,POBLADO COMPLETO,1,3
12,01,06,012,120106012,CHORCHA,2,POBLADO COMPLETO,1,3
12,01,06,013,120106013,CABECERA DE CHORCHITA,2,POBLADO COMPLETO,1,3
12,01,06,016,120106016,PLAN DE CHORCHA,1,CABECERA,1,3
12,01,06,020,120106020,QUEBRADA LAJAS,2,POBLADO COMPLETO,1,3
12,01,06,021,120106021,LA UNIÓN,2,POBLADO COMPLETO,1,3
12,01,06,024,120106024,TORORE,3,POBLADO PARTE,1,3
12,01,06,025,120106025,CHORCHITA ARRIBA,3,POBLADO PARTE,1,3
12,01,06,027,120106027,JUNTA MANY O MIRY,3,POBLADO PARTE,1,3
12,01,06,028,120106028,CERRO VIEJO ABAJO,2,POBLADO COMPLETO,1,3
12,01,06,029,120106029,CERRO VIEJO O ISRAEL,3,POBLADO PARTE,1,3
12,01,06,032,120106032,NGUBÜONI,2,POBLADO COMPLETO,1,3
12,01,06,033,120106033,BOCA DE MAMEY,2,POBLADO COMPLETO,1,3
12,01,06,035,120106035,CERRO AGUACATE,2,POBLADO COMPLETO,1,3
12,01,06,036,120106036,CERRO PAVA,2,POBLADO COMPLETO,1,3
12,01,06,037,120106037,QUEBRADA HORCÓN,2,POBLADO COMPLETO,1,3
12,01,06,038,120106038,LOS POZOS,2,POBLADO COMPLETO,1,3
12,01,07,001,120107001,ALTO ALGARROBO O NUEVO CASCABEL,2,POBLADO COMPLETO,1,3
12,01,07,002,120107002,ALTO DE PIEDRA,2,POBLADO COMPLETO,1,3
12,01,07,003,120107003,ALTO GAMBÚ O ALTO PEO O ALTO POTRERO,2,POBLADO COMPLETO,1,3
12,01,07,004,120107004,ALTO PAVO O CERRO PAVO,2,POBLADO COMPLETO,1,3
12,01,07,005,120107005,BARRANCO,2,POBLADO COMPLETO,1,3
12,01,07,006,120107006,BOCA DE HACHA,2,POBLADO COMPLETO,1,3
12,01,07,007,120107007,CABECERA DE HACHA O GUAYABO,2,POBLADO COMPLETO,1,3
12,01,07,008,120107008,CABECERA DE PAVA,2,POBLADO COMPLETO,1,3
12,01,07,009,120107009,CABECERA DE QUEBRADA GUAYABO,2,POBLADO COMPLETO,1,3
12,01,07,010,120107010,CABECERA DE SIGOLIN,2,POBLADO COMPLETO,1,3
12,01,07,011,120107011,CACICÓN,2,POBLADO COMPLETO,1,3
12,01,07,013,120107013,COROCITO,3,POBLADO PARTE,1,3
12,01,07,014,120107014,CORTADERA,2,POBLADO COMPLETO,1,3
12,01,07,015,120107015,CHICHICA,2,POBLADO COMPLETO,1,3
12,01,07,016,120107016,JENGIBRE,2,POBLADO COMPLETO,1,3
12,01,07,017,120107017,LAJERO,2,POBLADO COMPLETO,1,3
12,01,07,018,120107018,MANTA,2,POBLADO COMPLETO,1,3
12,01,07,019,120107019,QUEBRADA HACHA,1,CABECERA,1,3
12,01,07,020,120107020,QUEBRADA PAVA,2,POBLADO COMPLETO,1,3
12,01,07,021,120107021,QUEBRADA PLATA,3,POBLADO PARTE,1,3
12,01,07,022,120107022,SIGOLÍN,2,POBLADO COMPLETO,1,3
12,01,07,023,120107023,SIENICÓN O CENICÓN,2,POBLADO COMPLETO,1,3
12,01,07,024,120107024,CERRO MIEL,2,POBLADO COMPLETO,1,3
12,01,07,025,120107025,CHORRO DE ÁGUILA,3,POBLADO PARTE,1,3
12,01,08,001,120108001,ALTO PAILA O CERRO CARPINTERO,2,POBLADO COMPLETO,1,3
12,01,08,003,120108003,QUEBRADA MOLEJÓN,2,POBLADO COMPLETO,1,3
12,01,08,004,120108004,BOCA DE QUEBRADA MAJAGUA,2,POBLADO COMPLETO,1,3
12,01,08,005,120108005,BOCA DE SAGUI,1,CABECERA,1,3
12,01,08,007,120108007,CABECERA DE QUEBRADA NIGÜA,2,POBLADO COMPLETO,1,3
12,01,08,009,120108009,CABECERA DE QUEBRADA DE PIEDRA,2,POBLADO COMPLETO,1,3
12,01,08,010,120108010,CABECERA DE QUEBRADA SALADO,3,POBLADO PARTE,1,3
12,01,08,011,120108011,CABECERA DE AJO,2,POBLADO COMPLETO,1,3
12,01,08,012,120108012,CACIRA,2,POBLADO COMPLETO,1,3
12,01,08,013,120108013,CAÑA BLANCA,2,POBLADO COMPLETO,1,3
12,01,08,015,120108015,CERRO MOLENA,2,POBLADO COMPLETO,1,3
12,01,08,016,120108016,CERRO MOSALA O MADRID,2,POBLADO COMPLETO,1,3
12,01,08,017,120108017,CERRO MULETO O QUEBRADA DE MULETO,2,POBLADO COMPLETO,1,3
12,01,08,018,120108018,ALTO NANCE,2,POBLADO COMPLETO,1,3
12,01,08,019,120108019,CERRO PLATA,2,POBLADO COMPLETO,1,3
12,01,08,021,120108021,CUCARACHA,2,POBLADO COMPLETO,1,3
12,01,08,022,120108022,EL CHORRO DE CERRO MULETO O CAÑAZA,2,POBLADO COMPLETO,1,3
12,01,08,023,120108023,EL NANCE,2,POBLADO COMPLETO,1,3
12,01,08,024,120108024,EL NARANJAL,2,POBLADO COMPLETO,1,3
12,01,08,027,120108027,CERRO GUÁSIMO,2,POBLADO COMPLETO,1,3
12,01,08,028,120108028,HIGUERÓN,2,POBLADO COMPLETO,1,3
12,01,08,029,120108029,HIGUERONCITO,2,POBLADO COMPLETO,1,3
12,01,08,031,120108031,MAÍZ TOSTADO,2,POBLADO COMPLETO,1,3
12,01,08,032,120108032,NUEVA MOLENA,3,POBLADO PARTE,1,3
12,01,08,033,120108033,PAJA BLANCA,2,POBLADO COMPLETO,1,3
12,01,08,034,120108034,QUEBRADA BIJAO O BIJAO,2,POBLADO COMPLETO,1,3
12,01,08,035,120108035,QUEBRADA BLANCO No.1,2,POBLADO COMPLETO,1,3
12,01,08,037,120108037,QUEBRADA CACAO No.1,2,POBLADO COMPLETO,1,3
12,01,08,039,120108039,QUEBRADA CANGREJAL,2,POBLADO COMPLETO,1,3
12,01,08,040,120108040,QUEBRADA CAPACHO,2,POBLADO COMPLETO,1,3
12,01,08,042,120108042,QUEBRADA COROZO,2,POBLADO COMPLETO,1,3
12,01,08,043,120108043,QUEBRADA GALLINA,2,POBLADO COMPLETO,1,3
12,01,08,044,120108044,CANDELILLA,2,POBLADO COMPLETO,1,3
12,01,08,045,120108045,JAVA,2,POBLADO COMPLETO,1,3
12,01,08,046,120108046,PERDÍZ,2,POBLADO COMPLETO,1,3
12,01,08,047,120108047,QUEBRADA MARIPOSA O MARIPOSA,2,POBLADO COMPLETO,1,3
12,01,08,048,120108048,QUEBRADA NIGÜA O CHUVE,2,POBLADO COMPLETO,1,3
12,01,08,049,120108049,QUEBRADA ÑEQUE,2,POBLADO COMPLETO,1,3
12,01,08,050,120108050,QUEBRADA OCHO,2,POBLADO COMPLETO,1,3
12,01,08,051,120108051,QUEBRADA PERDÍZ,2,POBLADO COMPLETO,1,3
12,01,08,052,120108052,QUEBRADA PITA,2,POBLADO COMPLETO,1,3
12,01,08,053,120108053,QUEBRADA SALADO,2,POBLADO COMPLETO,1,3
12,01,08,054,120108054,QUEBRADA SARDINA No.1,2,POBLADO COMPLETO,1,3
12,01,08,055,120108055,QUEBRADA SARDINA No.2 O BOCA DE SAGUI,2,POBLADO COMPLETO,1,3
12,01,08,056,120108056,QUEBRADA TIGRE,2,POBLADO COMPLETO,1,3
12,01,08,057,120108057,QUEBRADA YERBA DE AJO,2,POBLADO COMPLETO,1,3
12,01,08,058,120108058,RÍO COLORADO,2,POBLADO COMPLETO,1,3
12,01,08,059,120108059,VISITA FLOR,2,POBLADO COMPLETO,1,3
12,01,08,060,120108060,CERRO BALSA,2,POBLADO COMPLETO,1,3
12,01,08,062,120108062,CERRO PAILA,3,POBLADO PARTE,1,3
12,01,08,063,120108063,CRUCE DE HIGUERÓN,2,POBLADO COMPLETO,1,3
12,01,08,064,120108064,GUALAQUITA,2,POBLADO COMPLETO,1,3
12,01,08,065,120108065,MOSQUITO,2,POBLADO COMPLETO,1,3
12,01,08,066,120108066,PITA,2,POBLADO COMPLETO,1,3
12,01,08,067,120108067,PLAN CHIVO O QUEBRADA CHIVA,3,POBLADO PARTE,1,3
12,01,08,068,120108068,QUEBRADA CARACOL,2,POBLADO COMPLETO,1,3
12,01,08,070,120108070,ALTO NANCE DE MIRAFLORES O MIRAFLORES,2,POBLADO COMPLETO,1,3
12,01,08,071,120108071,QUEBRADA CALABAZAL,2,POBLADO COMPLETO,1,3
12,01,08,072,120108072,SALITRE,2,POBLADO COMPLETO,1,3
12,01,08,073,120108073,FRANCIA,2,POBLADO COMPLETO,1,3
12,01,08,074,120108074,ESPAVÉ,3,POBLADO PARTE,1,3
12,01,08,075,120108075,LIMONCILLO,3,POBLADO PARTE,1,3
12,02,01,003,120201003,BUENOS AIRES O CERRO BOLO,2,POBLADO COMPLETO,1,3
12,02,01,007,120201007,CERRO CAÑA O GUARANÍ No.2,2,POBLADO COMPLETO,1,3
12,02,01,008,120201008,COCUYO,2,POBLADO COMPLETO,1,3
12,02,01,009,120201009,CERRO MAJAGUA,2,POBLADO COMPLETO,1,3
12,02,01,011,120201011,BOCA DEL MONTE O CERRO VACA,3,POBLADO PARTE,1,3
12,02,01,012,120201012,CERRO COROZO,2,POBLADO COMPLETO,1,3
12,02,01,013,120201013,GUARANÍ,2,POBLADO COMPLETO,1,3
12,02,01,014,120201014,HATO PILÓN,4,CABECERA PARTE (Mixto),1,3
12,02,01,017,120201017,CIANCA,2,POBLADO COMPLETO,1,3
12,02,01,018,120201018,BAJO PILÓN,2,POBLADO COMPLETO,1,3
12,02,01,019,120201019,QUEBRADA CARACOL,2,POBLADO COMPLETO,1,3
12,02,01,020,120201020,HORMIGA O QUEBRADA CAMARÓN,2,POBLADO COMPLETO,1,3
12,02,01,021,120201021,CERRO GATO,2,POBLADO COMPLETO,1,3
12,02,01,022,120201022,QUEBRADA FRIJOLES,2,POBLADO COMPLETO,1,3
12,02,01,023,120201023,KUERIMA,3,POBLADO PARTE,1,3
12,02,01,024,120201024,CERRO PITA,2,POBLADO COMPLETO,1,3
12,02,01,025,120201025,NANCITO,2,POBLADO COMPLETO,1,3
12,02,01,027,120201027,CERRO MESA,3,POBLADO PARTE,1,3
12,02,01,028,120201028,MARACA,2,POBLADO COMPLETO,1,3
12,02,01,029,120201029,QUEBRADA CANDELA,2,POBLADO COMPLETO,1,3
12,02,02,001,120202001,BARRANCO,2,POBLADO COMPLETO,1,3
12,02,02,002,120202002,CARACOL,2,POBLADO COMPLETO,1,3
12,02,02,003,120202003,CARRIZAL,3,POBLADO PARTE,1,3
12,02,02,004,120202004,PLAN CHEGUI O CASCABEL,1,CABECERA,1,3
12,02,02,005,120202005,PLAN CHIVO O QUEBRADA CHIVA,3,POBLADO PARTE,1,3
12,02,02,006,120202006,CERRO FLORES,2,POBLADO COMPLETO,1,3
12,02,02,007,120202007,GALLOTE,2,POBLADO COMPLETO,1,3
12,02,02,010,120202010,CERRO PITA,2,POBLADO COMPLETO,1,3
12,02,02,011,120202011,CERRO PUERCO,2,POBLADO COMPLETO,1,3
12,02,02,012,120202012,RÍO CAPITÁN,2,POBLADO COMPLETO,1,3
12,02,02,013,120202013,CERRO SAGÜI,2,POBLADO COMPLETO,1,3
12,02,02,014,120202014,VIRULÍ,2,POBLADO COMPLETO,1,3
12,02,02,015,120202015,DIENTE DE CUCARACHA,2,POBLADO COMPLETO,1,3
12,02,02,016,120202016,CAÑAZAS,2,POBLADO COMPLETO,1,3
12,02,02,017,120202017,CHICHICA,2,POBLADO COMPLETO,1,3
12,02,02,018,120202018,ALTO ORO,2,POBLADO COMPLETO,1,3
12,02,02,019,120202019,CABECERA DE QUEBRADA SALADO,3,POBLADO PARTE,1,3
12,02,02,020,120202020,ÁGUILA,2,POBLADO COMPLETO,1,3
12,02,02,022,120202022,BAJO DE CERRO PITA,2,POBLADO COMPLETO,1,3
12,02,02,024,120202024,BLANCO,2,POBLADO COMPLETO,1,3
12,02,02,025,120202025,BOCA DE QUEBRADA CAPITÁN,2,POBLADO COMPLETO,1,3
12,02,02,027,120202027,LLANO CARACOL O CERRO PITA,2,POBLADO COMPLETO,1,3
12,02,02,031,120202031,QUEBRADA PIEDRA DE MOLER,2,POBLADO COMPLETO,1,3
12,02,02,032,120202032,NARANJAL,3,POBLADO PARTE,1,3
12,02,03,001,120203001,ALTO REY,2,POBLADO COMPLETO,1,3
12,02,03,002,120203002,CERRO BANCO,2,POBLADO COMPLETO,1,3
12,02,03,003,120203003,HATO COROTÚ,1,CABECERA,1,3
12,02,03,004,120203004,MAÍZ TOSTADO O HIGUGUANDI,2,POBLADO COMPLETO,1,3
12,02,03,005,120203005,POTRERO DE PALMA,3,POBLADO PARTE,1,3
12,02,03,007,120203007,CALABAZAL O CIOGRODE,2,POBLADO COMPLETO,1,3
12,02,03,008,120203008,ALTO CAMARÓN O QUEBERI,2,POBLADO COMPLETO,1,3
12,02,03,009,120203009,CABECERA DE QUEBRADA PAVA,2,POBLADO COMPLETO,1,3
12,02,03,010,120203010,MAMEY,2,POBLADO COMPLETO,1,3
12,02,03,011,120203011,CERRO PIEDRA,2,POBLADO COMPLETO,1,3
12,02,03,012,120203012,QUEBRADA ARENA,2,POBLADO COMPLETO,1,3
12,02,03,015,120203015,BOCA DE MACHO,3,POBLADO PARTE,1,3
12,02,04,001,120204001,CALABAZAL,2,POBLADO COMPLETO,1,3
12,02,04,002,120204002,CABUYA,2,POBLADO COMPLETO,1,3
12,02,04,003,120204003,CACICÓN,2,POBLADO COMPLETO,1,3
12,02,04,004,120204004,CERRO PAILA,2,POBLADO COMPLETO,1,3
12,02,04,005,120204005,GATO,2,POBLADO COMPLETO,1,3
12,02,04,006,120204006,CERRO MAMITA,2,POBLADO COMPLETO,1,3
12,02,04,007,120204007,CERRO OTOE,2,POBLADO COMPLETO,1,3
12,02,04,008,120204008,CERRO PIEDRA,2,POBLADO COMPLETO,1,3
12,02,04,011,120204011,LLANO CULANTRO,1,CABECERA,1,3
12,02,04,012,120204012,HATO LORO,2,POBLADO COMPLETO,1,3
12,02,04,013,120204013,HORCONCITO,2,POBLADO COMPLETO,1,3
12,02,04,014,120204014,NARANJAL,3,POBLADO PARTE,1,3
12,02,04,016,120204016,GUAYABAL,2,POBLADO COMPLETO,1,3
12,02,04,017,120204017,CERRO AJÍ,2,POBLADO COMPLETO,1,3
12,02,04,018,120204018,GUABO,2,POBLADO COMPLETO,1,3
12,02,04,019,120204019,BAJO LORO,2,POBLADO COMPLETO,1,3
12,02,04,025,120204025,CARRIZAL,3,POBLADO PARTE,1,3
12,02,04,028,120204028,BAJO CACICÓN,2,POBLADO COMPLETO,1,3
12,02,04,029,120204029,BIJAO,2,POBLADO COMPLETO,1,3
12,02,04,030,120204030,CABECERA DE GUABO,3,POBLADO PARTE,1,3
12,02,04,032,120204032,LIMÓN,2,POBLADO COMPLETO,1,3
12,02,04,033,120204033,PLAN DEL GUÁSIMO,2,POBLADO COMPLETO,1,3
12,02,04,034,120204034,CERRO CHIVO,2,POBLADO COMPLETO,1,3
12,02,05,001,120205001,BOCA DE CANDELA,2,POBLADO COMPLETO,1,3
12,02,05,002,120205002,ALTO CHOMBO,2,POBLADO COMPLETO,1,3
12,02,05,003,120205003,CABECERA DE JUAY,2,POBLADO COMPLETO,1,3
12,02,05,004,120205004,KABOY,2,POBLADO COMPLETO,1,3
12,02,05,005,120205005,CAÑAZAS,2,POBLADO COMPLETO,1,3
12,02,05,006,120205006,CARACOL,2,POBLADO COMPLETO,1,3
12,02,05,007,120205007,CERRO PIÑA,2,POBLADO COMPLETO,1,3
12,02,05,008,120205008,HATO JOBO,1,CABECERA,1,3
12,02,05,009,120205009,QUEBRADA CAMARÓN,2,POBLADO COMPLETO,1,3
12,02,05,010,120205010,CERRO PIEDRA,2,POBLADO COMPLETO,1,3
12,02,05,011,120205011,PITA,2,POBLADO COMPLETO,1,3
12,02,05,012,120205012,QUEBRADA ZAPOTE,2,POBLADO COMPLETO,1,3
12,02,05,013,120205013,ALTO SALITRE,2,POBLADO COMPLETO,2,3
12,02,05,014,120205014,QUEBRADA CHÁCARA,2,POBLADO COMPLETO,1,3
12,02,05,015,120205015,CORTADERA,2,POBLADO COMPLETO,1,3
12,02,05,016,120205016,ALTO MONO,2,POBLADO COMPLETO,1,3
12,02,05,017,120205017,BAJO MONO,2,POBLADO COMPLETO,1,3
12,02,05,019,120205019,BOCA DEL MONTE O CERRO VACA,3,POBLADO PARTE,1,3
12,02,05,020,120205020,CERRO MESA,3,POBLADO PARTE,1,3
12,02,05,021,120205021,HATO PILÓN,3,POBLADO PARTE,1,3
12,02,05,022,120205022,SALITRE,2,POBLADO COMPLETO,1,3
12,02,05,023,120205023,CERRO GALLINA,2,POBLADO COMPLETO,1,3
12,02,05,024,120205024,CUCUYA,2,POBLADO COMPLETO,1,3
12,02,06,001,120206001,ALTO NANCITO,2,POBLADO COMPLETO,1,3
12,02,06,005,120206005,HATO JULÍ,4,CABECERA PARTE (Mixto),1,3
12,02,06,010,120206010,ALTO LIMÓN,3,POBLADO PARTE,1,3
12,02,06,011,120206011,BAJO CHIVIRÉ,2,POBLADO COMPLETO,1,3
12,02,06,012,120206012,BAJO LIMÓN,2,POBLADO COMPLETO,1,3
12,02,06,013,120206013,BAJO MAÍZ,2,POBLADO COMPLETO,1,3
12,02,06,014,120206014,CALABAZAL,2,POBLADO COMPLETO,1,3
12,02,07,004,120207004,CERRO SAN MIGUEL,3,POBLADO PARTE,1,3
12,02,07,005,120207005,TOLAY,2,POBLADO COMPLETO,1,3
12,02,07,008,120207008,CAÑAZA,3,POBLADO PARTE,1,3
12,02,07,009,120207009,QUEBRADA DE LORO,4,CABECERA PARTE (Mixto),1,3
12,02,07,010,120207010,QUEBRADA JUAY,2,POBLADO COMPLETO,1,3
12,02,07,011,120207011,CERRO BRISAS,3,POBLADO PARTE,1,3
12,02,07,012,120207012,AGUACATAL,2,POBLADO COMPLETO,1,3
12,02,07,013,120207013,GALIQUE,3,POBLADO PARTE,1,3
12,02,07,014,120207014,QUEBRADA CONEJO,2,POBLADO COMPLETO,1,3
12,02,07,015,120207015,ZAPOTE,2,POBLADO COMPLETO,1,3
12,02,08,001,120208001,CHICHICA,2,POBLADO COMPLETO,1,3
12,02,08,002,120208002,CABECERA DE DUPÍ,2,POBLADO COMPLETO,1,3
12,02,08,003,120208003,CABECERA DE QUEBRADA OTOE O CLEVA,2,POBLADO COMPLETO,1,3
12,02,08,004,120208004,CERRO MESA ABAJO O CERRO GATO O CERRO TUZA,2,POBLADO COMPLETO,1,3
12,02,08,005,120208005,CERRO MESA,2,POBLADO COMPLETO,1,3
12,02,08,007,120208007,GUAYABAL O ALTO GUAYABAL,2,POBLADO COMPLETO,1,3
12,02,08,009,120208009,QUEBRADA OTOE,2,POBLADO COMPLETO,1,3
12,02,08,011,120208011,SALTO DUPÍ O DUPÍ CENTRO,1,CABECERA,1,3
12,02,08,012,120208012,BAJO GRANDE,2,POBLADO COMPLETO,1,3
12,02,08,013,120208013,CERRO GALLINA,2,POBLADO COMPLETO,1,3
12,02,08,014,120208014,CAÑAZA,3,POBLADO PARTE,1,3
12,02,08,015,120208015,QUEBRADA DE LORO,3,POBLADO PARTE,1,3
12,02,08,016,120208016,ALTO LIMÓN,3,POBLADO PARTE,1,3
12,02,08,017,120208017,BISIRA,2,POBLADO COMPLETO,1,3
12,02,08,018,120208018,CERRO SAN MIGUEL,3,POBLADO PARTE,1,3
12,02,08,019,120208019,NUEVA ESPERANZA O DUPÍ ARRIBA,2,POBLADO COMPLETO,1,3
12,03,01,010,120301010,CERRO COCO,3,POBLADO PARTE,1,3
12,03,01,011,120301011,CERRO CRUZ,2,POBLADO COMPLETO,1,3
12,03,01,014,120301014,ALTO ESTRELLA,2,POBLADO COMPLETO,1,3
12,03,01,017,120301017,CERRO YUCA,2,POBLADO COMPLETO,1,3
12,03,01,020,120301020,CHICHICA,1,CABECERA,1,3
12,03,01,026,120301026,LOS ZURDOS,2,POBLADO COMPLETO,1,3
12,03,01,029,120301029,CERRO PLATA,2,POBLADO COMPLETO,1,3
12,03,01,035,120301035,PIEDRA GRANDE,2,POBLADO COMPLETO,1,3
12,03,01,037,120301037,PORTORICA,2,POBLADO COMPLETO,1,3
12,03,01,039,120301039,LAS LAJITAS,3,POBLADO PARTE,1,3
12,03,01,040,120301040,QUEBRADA OTOE,2,POBLADO COMPLETO,1,3
12,03,01,063,120301063,QUEBRADA ARENA,3,POBLADO PARTE,1,3
12,03,01,064,120301064,CERRO CONEJITO,2,POBLADO COMPLETO,1,3
12,03,01,065,120301065,CERRO GRITO,2,POBLADO COMPLETO,1,3
12,03,01,066,120301066,ALTO CEDRO,2,POBLADO COMPLETO,1,3
12,03,01,080,120301080,ESPAVÉ,2,POBLADO COMPLETO,1,3
12,03,02,001,120302001,ALTO CABALLERO,4,CABECERA PARTE (Mixto),1,3
12,03,02,002,120302002,ALTO DE QUEBRADA PITA,2,POBLADO COMPLETO,1,3
12,03,02,003,120302003,BUENOS AIRES,3,POBLADO PARTE,1,3
12,03,02,004,120302004,CERRO MONO,2,POBLADO COMPLETO,1,3
12,03,02,008,120302008,CERRO SOMBRERO,3,POBLADO PARTE,1,3
12,03,02,016,120302016,MELÓN,2,POBLADO COMPLETO,1,3
12,03,02,017,120302017,RINCÓN MORO,3,POBLADO PARTE,1,3
12,03,02,019,120302019,CERRO ARMADO,3,POBLADO PARTE,1,3
12,03,02,021,120302021,POTRERO DE CAÑA,3,POBLADO PARTE,1,3
12,03,03,001,120303001,ALTO DE CERRO VIEJO,3,POBLADO PARTE,1,3
12,03,03,002,120303002,CALABACITO,3,POBLADO PARTE,1,3
12,03,03,005,120303005,CERRO VENADO,4,CABECERA PARTE (Mixto),1,3
12,03,03,006,120303006,NUEVO PALOMAR,2,POBLADO COMPLETO,1,3
12,03,03,007,120303007,COGLE O COGLA,2,POBLADO COMPLETO,1,3
12,03,03,008,120303008,PIEDRA PINTADA,3,POBLADO PARTE,1,3
12,03,03,009,120303009,QUEBRADA CAÑA,2,POBLADO COMPLETO,1,3
12,03,03,010,120303010,QUEBRADA PLATA,2,POBLADO COMPLETO,1,3
12,03,03,011,120303011,TRATO DERECHO,2,POBLADO COMPLETO,1,3
12,03,03,012,120303012,ALTOLETA,2,POBLADO COMPLETO,1,3
12,03,03,013,120303013,COMUNIDAD HUMILDE,2,POBLADO COMPLETO,1,3
12,03,03,014,120303014,KÍA,2,POBLADO COMPLETO,1,3
12,03,03,015,120303015,NANCITO,3,POBLADO PARTE,1,3
12,03,03,016,120303016,QUEBRADA HONDA,2,POBLADO COMPLETO,1,3
12,03,03,017,120303017,NUERI,3,POBLADO PARTE,1,3
12,03,04,003,120304003,BARRERO O EL PEDREGOSO,2,POBLADO COMPLETO,1,3
12,03,04,005,120304005,CERRO ALGODÓN,3,POBLADO PARTE,1,3
12,03,04,006,120304006,CERRO CAÑA,4,CABECERA PARTE (Mixto),1,3
12,03,04,010,120304010,ESPAVÉ,2,POBLADO COMPLETO,1,3
12,03,04,013,120304013,ALTO DE LAS TRANCAS,2,POBLADO COMPLETO,1,3
12,03,04,014,120304014,BAJO DE LAS TRANCAS,2,POBLADO COMPLETO,1,3
12,03,04,015,120304015,LLANO HORCÓN,3,POBLADO PARTE,1,3
12,03,04,016,120304016,ALTO MEREGILDA,2,POBLADO COMPLETO,1,3
12,03,04,019,120304019,CERRO PIFA,2,POBLADO COMPLETO,1,3
12,03,04,022,120304022,LLANO PITA,2,POBLADO COMPLETO,1,3
12,03,04,024,120304024,BAJO CERRO CAÑA,2,POBLADO COMPLETO,1,3
12,03,04,027,120304027,BAJO MEREGILDA,3,POBLADO PARTE,1,3
12,03,04,028,120304028,CERRO LA HUACA,3,POBLADO PARTE,1,3
12,03,04,029,120304029,MEREGILDA,2,POBLADO COMPLETO,1,3
12,03,04,030,120304030,BAJO CERRO ALGODÓN,2,POBLADO COMPLETO,1,3
12,03,05,001,120305001,ALTO CAÑAZAS,2,POBLADO COMPLETO,1,3
12,03,05,002,120305002,CERRO BANCO,2,POBLADO COMPLETO,1,3
12,03,05,003,120305003,CERRO CENIZA,2,POBLADO COMPLETO,1,3
12,03,05,004,120305004,CERRO ORTIGA,2,POBLADO COMPLETO,1,3
12,03,05,005,120305005,CERRO PUERCO ABAJO,2,POBLADO COMPLETO,1,3
12,03,05,006,120305006,LLANO JUNCO,2,POBLADO COMPLETO,1,3
12,03,05,009,120305009,QUEBRADA GATO,2,POBLADO COMPLETO,1,3
12,03,05,010,120305010,QUEBRADA MACHO,2,POBLADO COMPLETO,1,3
12,03,05,011,120305011,QUEBRADA MOJOSO,2,POBLADO COMPLETO,1,3
12,03,05,014,120305014,QUEBRADA PIRU,2,POBLADO COMPLETO,1,3
12,03,05,015,120305015,QUEBRADA PITA,2,POBLADO COMPLETO,1,3
12,03,05,019,120305019,MAMEY,3,POBLADO PARTE,1,3
12,03,05,020,120305020,CACAO,2,POBLADO COMPLETO,1,3
12,03,05,021,120305021,CABECERA DE CERRO PUERCO,1,CABECERA,1,3
12,03,05,023,120305023,CHARCO HACHA,2,POBLADO COMPLETO,1,3
12,03,05,025,120305025,ALTO MANGO,2,POBLADO COMPLETO,1,3
12,03,05,026,120305026,BAJO CAÑAZAS,2,POBLADO COMPLETO,1,3
12,03,05,027,120305027,CENIPITA O CENIPITA No.1,2,POBLADO COMPLETO,1,3
12,03,05,028,120305028,CERRO DE DIOS,2,POBLADO COMPLETO,1,3
12,03,05,030,120305030,CENIPITA No.2,2,POBLADO COMPLETO,1,3
12,03,05,031,120305031,CAÑA,2,POBLADO COMPLETO,1,3
12,03,06,001,120306001,AGUA CLARA,2,POBLADO COMPLETO,1,3
12,03,06,002,120306002,ÁGUILA,2,POBLADO COMPLETO,1,3
12,03,06,003,120306003,ALTO BALSA,2,POBLADO COMPLETO,1,3
12,03,06,004,120306004,ALTO CABUYA,2,POBLADO COMPLETO,1,3
12,03,06,005,120306005,ALTO LAGUNA O BRANCEBIDI,2,POBLADO COMPLETO,1,3
12,03,06,006,120306006,ARENA,2,POBLADO COMPLETO,1,3
12,03,06,007,120306007,BAJO CONGO O IRONDE,2,POBLADO COMPLETO,1,3
12,03,06,008,120306008,BAJO LAGUNA,2,POBLADO COMPLETO,1,3
12,03,06,009,120306009,BAJO MIRA O CERRO BANCO,2,POBLADO COMPLETO,1,3
12,03,06,011,120306011,BOLANGO No.1,2,POBLADO COMPLETO,1,3
12,03,06,012,120306012,BOLANGO No.2,2,POBLADO COMPLETO,1,3
12,03,06,013,120306013,BOLERIDI,2,POBLADO COMPLETO,1,3
12,03,06,014,120306014,BORRIGUERO,2,POBLADO COMPLETO,1,3
12,03,06,015,120306015,BRIADI,2,POBLADO COMPLETO,1,3
12,03,06,016,120306016,BULE,2,POBLADO COMPLETO,1,3
12,03,06,017,120306017,BUDODE,2,POBLADO COMPLETO,1,3
12,03,06,020,120306020,BAJO CABUYA,2,POBLADO COMPLETO,1,3
12,03,06,021,120306021,CABUYA O MANDE,2,POBLADO COMPLETO,1,3
12,03,06,022,120306022,CANGREJAL,2,POBLADO COMPLETO,1,3
12,03,06,023,120306023,CERRO ALGARROBO,2,POBLADO COMPLETO,1,3
12,03,06,027,120306027,CERRO HUMO,2,POBLADO COMPLETO,1,3
12,03,06,028,120306028,CERRO MOSQUITO O TIBIDI,2,POBLADO COMPLETO,1,3
12,03,06,029,120306029,CERRO PLATA,1,CABECERA,1,3
12,03,06,030,120306030,CERRO SALITRE O MERENO,2,POBLADO COMPLETO,1,3
12,03,06,031,120306031,COMUGUATATE,2,POBLADO COMPLETO,1,3
12,03,06,032,120306032,CRODUBI,2,POBLADO COMPLETO,1,3
12,03,06,034,120306034,CUGRI,2,POBLADO COMPLETO,1,3
12,03,06,035,120306035,CERRO CULANTRO,2,POBLADO COMPLETO,1,3
12,03,06,036,120306036,EL POTE O BODE,2,POBLADO COMPLETO,1,3
12,03,06,037,120306037,GELERABIDI,2,POBLADO COMPLETO,1,3
12,03,06,038,120306038,GRILLO O IGRI,2,POBLADO COMPLETO,1,3
12,03,06,039,120306039,GUABO No.1,2,POBLADO COMPLETO,1,3
12,03,06,041,120306041,HACHA O UDOGUODI,2,POBLADO COMPLETO,1,3
12,03,06,042,120306042,HATO COMÚN O JADODE,2,POBLADO COMPLETO,1,3
12,03,06,043,120306043,ALTO LORO U ORETE,2,POBLADO COMPLETO,1,3
12,03,06,044,120306044,IBIA,2,POBLADO COMPLETO,1,3
12,03,06,045,120306045,IBIARIGOTE,2,POBLADO COMPLETO,1,3
12,03,06,046,120306046,JUMOLINDA,2,POBLADO COMPLETO,1,3
12,03,06,047,120306047,KRUNRINDOTOTE,2,POBLADO COMPLETO,1,3
12,03,06,048,120306048,LLANO CABALLO,2,POBLADO COMPLETO,1,3
12,03,06,049,120306049,LLANO CAMARÓN,2,POBLADO COMPLETO,1,3
12,03,06,050,120306050,LLANO HORCÓN,2,POBLADO COMPLETO,1,3
12,03,06,052,120306052,LLANO LARGO No.3,2,POBLADO COMPLETO,1,3
12,03,06,054,120306054,MIRODUDA,2,POBLADO COMPLETO,1,3
12,03,06,055,120306055,NANCE,2,POBLADO COMPLETO,1,3
12,03,06,056,120306056,NUDE O BAJO MOSQUITO,2,POBLADO COMPLETO,1,3
12,03,06,057,120306057,QUEBRADA ARENA O UMONIGODE,2,POBLADO COMPLETO,1,3
12,03,06,058,120306058,QUEBRADA CONEJO,2,POBLADO COMPLETO,1,3
12,03,06,061,120306061,QUEBRADA GUABO,2,POBLADO COMPLETO,1,3
12,03,06,062,120306062,QUEBRADA ÑOPO,2,POBLADO COMPLETO,1,3
12,03,06,063,120306063,QUEBRADA PIEDRA O JODRIDI,2,POBLADO COMPLETO,1,3
12,03,06,064,120306064,RABUDI,2,POBLADO COMPLETO,1,3
12,03,06,065,120306065,REGAUNDI O LLANO CEDRO,2,POBLADO COMPLETO,1,3
12,03,06,067,120306067,TOBORIS O BAJO COGOLLO O TUBORIGODDE,2,POBLADO COMPLETO,1,3
12,03,06,068,120306068,VIDE,2,POBLADO COMPLETO,1,3
12,03,06,069,120306069,BAJO LORO,2,POBLADO COMPLETO,1,3
12,03,06,070,120306070,BAJO MONO,2,POBLADO COMPLETO,1,3
12,03,06,071,120306071,BAJO NUBES,2,POBLADO COMPLETO,1,3
12,03,06,072,120306072,BAJO DE LOS REYES,2,POBLADO COMPLETO,1,3
12,03,06,073,120306073,CACICÓN,2,POBLADO COMPLETO,1,3
12,03,06,074,120306074,CERRO BIN BIN,2,POBLADO COMPLETO,1,3
12,03,06,075,120306075,CERRO SALINAS,2,POBLADO COMPLETO,1,3
12,03,06,076,120306076,DOBRODE,2,POBLADO COMPLETO,1,3
12,03,06,077,120306077,ECONORIGATEO,2,POBLADO COMPLETO,1,3
12,03,06,078,120306078,LLANO BONITO,2,POBLADO COMPLETO,1,3
12,03,06,079,120306079,LLANO SAPO,2,POBLADO COMPLETO,1,3
12,03,06,080,120306080,PUEBLO NUEVO,2,POBLADO COMPLETO,1,3
12,03,06,081,120306081,ALTO NUBE,2,POBLADO COMPLETO,1,3
12,03,06,082,120306082,CANTA GALLO,2,POBLADO COMPLETO,1,3
12,03,06,083,120306083,CERRO VENADO,2,POBLADO COMPLETO,1,3
12,03,06,084,120306084,LLANO VENADO,2,POBLADO COMPLETO,1,3
12,03,06,085,120306085,QUEBRADA LAJITA,2,POBLADO COMPLETO,1,3
12,03,06,086,120306086,GARRITA,2,POBLADO COMPLETO,1,3
12,03,06,087,120306087,LLANO CLARA,3,POBLADO PARTE,1,3
12,03,06,088,120306088,MIRAFLOR,2,POBLADO COMPLETO,1,3
12,03,06,089,120306089,NUEVA ESPERANZA,2,POBLADO COMPLETO,1,3
12,03,06,090,120306090,PIE DE CERRO BANCO,3,POBLADO PARTE,1,3
12,03,07,001,120307001,CERRO CACICÓN,3,POBLADO PARTE,1,3
12,03,07,005,120307005,MARACA O LLANO MAJAGUA,1,CABECERA,1,3
12,03,07,006,120307006,PEÑA PRIETA,2,POBLADO COMPLETO,1,3
12,03,07,007,120307007,QUEBRADA CANGREJO,3,POBLADO PARTE,1,3
12,03,07,008,120307008,QUEBRADA SÁBALO,2,POBLADO COMPLETO,1,3
12,03,07,009,120307009,TEBUJO,2,POBLADO COMPLETO,1,3
12,03,07,017,120307017,BAJOS DE CACICÓN,3,POBLADO PARTE,1,3
12,03,07,020,120307020,TEBUJO ABAJO,2,POBLADO COMPLETO,1,3
12,03,07,021,120307021,MARENDE O SALITRE O CONGO,2,POBLADO COMPLETO,1,3
12,03,07,022,120307022,CABECERA DE FONSECA,2,POBLADO COMPLETO,1,3
12,03,07,023,120307023,BAJO MACHO,2,POBLADO COMPLETO,1,3
12,03,07,024,120307024,BAJOS DE FONSECA,2,POBLADO COMPLETO,1,3
12,03,07,025,120307025,CERRO BOBA,2,POBLADO COMPLETO,1,3
12,03,07,026,120307026,SABANA GRANDE,2,POBLADO COMPLETO,1,3
12,03,07,029,120307029,PERICO,2,POBLADO COMPLETO,1,3
12,03,07,031,120307031,BAJO MARACA,2,POBLADO COMPLETO,1,3
12,03,07,032,120307032,LOS GALLARDOS,2,POBLADO COMPLETO,1,3
12,03,07,033,120307033,QUEBRADA MAQUENCO,2,POBLADO COMPLETO,1,3
12,03,08,002,120308002,ALTO ALGARROBO,3,POBLADO PARTE,1,3
12,03,08,004,120308004,BAJO SIMET,2,POBLADO COMPLETO,1,3
12,03,08,005,120308005,CERRO BALSA O CRUNOUDI,2,POBLADO COMPLETO,1,3
12,03,08,007,120308007,CERRO BUJO,2,POBLADO COMPLETO,1,3
12,03,08,008,120308008,CERRO CABALLO,3,POBLADO PARTE,1,3
12,03,08,009,120308009,CERRO CABUYA,2,POBLADO COMPLETO,1,3
12,03,08,010,120308010,CERRO GALINDO,3,POBLADO PARTE,1,3
12,03,08,011,120308011,CERRO IGLESIA,3,POBLADO PARTE,1,3
12,03,08,012,120308012,CERRO MAÍZ,2,POBLADO COMPLETO,1,3
12,03,08,013,120308013,CERRO REDONDO,3,POBLADO PARTE,1,3
12,03,08,014,120308014,CERRO VACA O HIBRAUDI,1,CABECERA,1,3
12,03,08,015,120308015,GUABAL O QUARIRI,2,POBLADO COMPLETO,1,3
12,03,08,016,120308016,LA CHANGOSA O NUDRIGOT,2,POBLADO COMPLETO,1,3
12,03,08,017,120308017,LA LAJITA,2,POBLADO COMPLETO,1,3
12,03,08,018,120308018,LOS SANTOS O CLEBADE,2,POBLADO COMPLETO,1,3
12,03,08,019,120308019,LLANO MOSCA,2,POBLADO COMPLETO,1,3
12,03,08,020,120308020,MACANO O CERRO MOSCA O MIGUIAYA,2,POBLADO COMPLETO,1,3
12,03,08,021,120308021,QUEBRADA ALGARROBO,2,POBLADO COMPLETO,1,3
12,03,08,022,120308022,QUEBRADA ARENA No.2,2,POBLADO COMPLETO,1,3
12,03,08,023,120308023,QUEBRADA FLECHA,3,POBLADO PARTE,1,3
12,03,08,024,120308024,QUEBRADA PUERCO,2,POBLADO COMPLETO,1,3
12,03,08,025,120308025,ALTO GUAYABO O MIYARIDI,3,POBLADO PARTE,1,3
12,03,08,026,120308026,CAÑAVERAL,2,POBLADO COMPLETO,1,3
12,03,08,027,120308027,CERRO MANGLE,3,POBLADO PARTE,1,3
12,03,09,001,120309001,ALTO AGUACATE,2,POBLADO COMPLETO,1,3
12,03,09,002,120309002,AGUA SALUD O ÑURRUNDE,2,POBLADO COMPLETO,1,3
12,03,09,004,120309004,ALTO CIÉNEGA,3,POBLADO PARTE,1,3
12,03,09,007,120309007,CERRO GATO DE CAÑA,2,POBLADO COMPLETO,1,3
12,03,09,009,120309009,CERRO MIEL,2,POBLADO COMPLETO,1,3
12,03,09,014,120309014,PEÑA BLANCA O KINGUIMBADA,1,CABECERA,1,3
12,03,09,015,120309015,QUEBRADA CHICHA,2,POBLADO COMPLETO,1,3
12,03,09,018,120309018,GUAYABAL O ALTO GUAYABAL,2,POBLADO COMPLETO,1,3
12,03,09,022,120309022,LLANO GRANDE,2,POBLADO COMPLETO,1,3
12,03,09,024,120309024,QUEBRADA CASA,2,POBLADO COMPLETO,1,3
12,03,09,025,120309025,QUEBRADA MACHO O JIRORIGODE,2,POBLADO COMPLETO,1,3
12,03,09,026,120309026,CERRO FLORES O SOBLEIDI,2,POBLADO COMPLETO,1,3
12,03,09,027,120309027,RÍO REY,2,POBLADO COMPLETO,1,3
12,03,09,028,120309028,CERRO PUERCO,2,POBLADO COMPLETO,1,3
12,03,09,029,120309029,GAVILÁN,2,POBLADO COMPLETO,1,3
12,03,09,030,120309030,PIEDRA GRANDE,2,POBLADO COMPLETO,1,3
12,03,09,031,120309031,LLANO LIMÓN,2,POBLADO COMPLETO,1,3
12,03,09,034,120309034,LLANO VENADO,2,POBLADO COMPLETO,1,3
12,03,09,035,120309035,ALTO VENADO O BURABADI O CERRO VENADO,2,POBLADO COMPLETO,1,3
12,03,09,037,120309037,CIÉNEGA MONO,2,POBLADO COMPLETO,1,3
12,03,09,038,120309038,BAJO AGUACATE,2,POBLADO COMPLETO,1,3
12,03,09,039,120309039,ALTO CAPACHO,2,POBLADO COMPLETO,1,3
12,03,09,040,120309040,ALTO CIÉNEGA MONO,2,POBLADO COMPLETO,1,3
12,03,09,041,120309041,ALTO MONO,2,POBLADO COMPLETO,1,3
12,03,09,042,120309042,BAJO CAPACHO,2,POBLADO COMPLETO,1,3
12,03,09,043,120309043,BAJO GUAYABAL,2,POBLADO COMPLETO,1,3
12,03,09,047,120309047,CIMA DE CERRO VENADO,2,POBLADO COMPLETO,1,3
12,03,09,048,120309048,GITDERI,2,POBLADO COMPLETO,1,3
12,03,09,050,120309050,LLANO AGUACATE,2,POBLADO COMPLETO,1,3
12,03,09,051,120309051,LLANO AVIÓN,2,POBLADO COMPLETO,1,3
12,03,09,054,120309054,UNINDA,2,POBLADO COMPLETO,1,3
12,03,09,055,120309055,ALTO CULEBRA,2,POBLADO COMPLETO,1,3
12,03,09,056,120309056,BIROTAL,2,POBLADO COMPLETO,1,3
12,03,09,057,120309057,FRIJOLES O NUMALIN,2,POBLADO COMPLETO,1,3
12,03,09,058,120309058,HIGUERÓN,2,POBLADO COMPLETO,1,3
12,03,09,059,120309059,SALITRE No.2,2,POBLADO COMPLETO,1,3
12,03,09,060,120309060,CERRO COCO,3,POBLADO PARTE,1,3
12,03,09,061,120309061,COROTÚ,2,POBLADO COMPLETO,1,3
12,03,09,062,120309062,SIMGLIMBADA,2,POBLADO COMPLETO,1,3
12,03,09,063,120309063,QUEBRADA CABALLO,2,POBLADO COMPLETO,1,3
12,03,10,001,120310001,ALTO ALU,2,POBLADO COMPLETO,1,3
12,03,10,002,120310002,ALTO BAÑO,2,POBLADO COMPLETO,1,3
12,03,10,003,120310003,ALTO CIÉNEGA,3,POBLADO PARTE,1,3
12,03,10,004,120310004,ALTO CONEJO,2,POBLADO COMPLETO,1,3
12,03,10,005,120310005,BAJO GAGO,2,POBLADO COMPLETO,1,3
12,03,10,006,120310006,BAJO MONO,2,POBLADO COMPLETO,1,3
12,03,10,007,120310007,BARRANCO,2,POBLADO COMPLETO,1,3
12,03,10,009,120310009,CABECERA DE QUEBRADA GUACAMAYA,2,POBLADO COMPLETO,1,3
12,03,10,010,120310010,CALABAZO,2,POBLADO COMPLETO,1,3
12,03,10,011,120310011,CERRO AGUACATE,2,POBLADO COMPLETO,1,3
12,03,10,012,120310012,CERRO AMARGO,2,POBLADO COMPLETO,1,3
12,03,10,013,120310013,CERRO BOBA,2,POBLADO COMPLETO,1,3
12,03,10,014,120310014,CERRO CONCHA,2,POBLADO COMPLETO,1,3
12,03,10,015,120310015,CERRO GUARUMO,2,POBLADO COMPLETO,1,3
12,03,10,016,120310016,CERRO OREJA,2,POBLADO COMPLETO,1,3
12,03,10,017,120310017,CERRO BASTÓN,2,POBLADO COMPLETO,1,3
12,03,10,018,120310018,CONEJITO,2,POBLADO COMPLETO,1,3
12,03,10,019,120310019,COROTÚ,2,POBLADO COMPLETO,1,3
12,03,10,020,120310020,CRISTO REY,2,POBLADO COMPLETO,1,3
12,03,10,021,120310021,EL KREMLIN,2,POBLADO COMPLETO,1,3
12,03,10,023,120310023,GUACAMAYA,2,POBLADO COMPLETO,1,3
12,03,10,025,120310025,JAVILLA,2,POBLADO COMPLETO,1,3
12,03,10,026,120310026,JOKLÄTE O ALTO LLANO,2,POBLADO COMPLETO,1,3
12,03,10,028,120310028,KURODUGOTE,2,POBLADO COMPLETO,1,3
12,03,10,029,120310029,LLANO BONITO,2,POBLADO COMPLETO,1,3
12,03,10,030,120310030,LLANO CABALLO,2,POBLADO COMPLETO,1,3
12,03,10,032,120310032,LLANO CARRIZO,2,POBLADO COMPLETO,1,3
12,03,10,033,120310033,LLANO CIRUELA,2,POBLADO COMPLETO,1,3
12,03,10,034,120310034,LLANO DE IGUANA,2,POBLADO COMPLETO,1,3
12,03,10,035,120310035,LLANO JOBO,2,POBLADO COMPLETO,1,3
12,03,10,036,120310036,LLANO JUJULÍ O JUGLIKÄTE,2,POBLADO COMPLETO,1,3
12,03,10,037,120310037,LLANO LODO,2,POBLADO COMPLETO,1,3
12,03,10,038,120310038,LLANO LÓPEZ,2,POBLADO COMPLETO,1,3
12,03,10,039,120310039,LLANO MAJAGUA,2,POBLADO COMPLETO,1,3
12,03,10,040,120310040,LLANO ÑOPO,1,CABECERA,1,3
12,03,10,041,120310041,LLANO PIÑUELA,2,POBLADO COMPLETO,1,3
12,03,10,042,120310042,LLANO PITA,2,POBLADO COMPLETO,1,3
12,03,10,043,120310043,LLANO REY,2,POBLADO COMPLETO,1,3
12,03,10,044,120310044,LLANO SONSO O VISTA ALEGRE,2,POBLADO COMPLETO,1,3
12,03,10,045,120310045,LLANO YEGUA,2,POBLADO COMPLETO,1,3
12,03,10,046,120310046,PIEDRA PINTADA No.1,2,POBLADO COMPLETO,1,3
12,03,10,047,120310047,PIEDRA PINTADA No.2,2,POBLADO COMPLETO,1,3
12,03,10,049,120310049,QUEBRADA TIGLA,2,POBLADO COMPLETO,1,3
12,03,10,050,120310050,QUEBRADA TRISTE,2,POBLADO COMPLETO,1,3
12,03,10,051,120310051,ALTO JAVILLA,2,POBLADO COMPLETO,1,3
12,03,10,052,120310052,BAJO BAÑO,2,POBLADO COMPLETO,1,3
12,03,10,053,120310053,CERRO GAGO,2,POBLADO COMPLETO,1,3
12,03,10,054,120310054,LLANO ESPAVÉ,2,POBLADO COMPLETO,1,3
12,03,10,055,120310055,LLANO GAGO,2,POBLADO COMPLETO,1,3
12,03,10,056,120310056,QUEBRADA SARDINA,2,POBLADO COMPLETO,1,3
12,03,10,057,120310057,SITIO CAÑA,2,POBLADO COMPLETO,1,3
12,03,10,058,120310058,CABECERA DE QUEBRADA CAMA,2,POBLADO COMPLETO,1,3
12,03,10,059,120310059,KIKIRIA,2,POBLADO COMPLETO,1,3
12,03,11,004,120311004,BAJO MONO O NOMIGUIA,2,POBLADO COMPLETO,1,3
12,03,11,006,120311006,BUENOS AIRES,2,POBLADO COMPLETO,1,3
12,03,11,016,120311016,CERRO NANCE,2,POBLADO COMPLETO,1,3
12,03,11,017,120311017,CERRO PAPAYA,2,POBLADO COMPLETO,1,3
12,03,11,033,120311033,LLANO JEJÉN,2,POBLADO COMPLETO,1,3
12,03,11,037,120311037,PEDREGAL,2,POBLADO COMPLETO,1,3
12,03,11,038,120311038,PIE DE CERRO BANCO,3,POBLADO PARTE,1,3
12,03,11,040,120311040,QUEBRADA BUENOS AIRES,2,POBLADO COMPLETO,1,3
12,03,11,043,120311043,QUEBRADA PERICO,2,POBLADO COMPLETO,1,3
12,03,11,049,120311049,SITIO PRADO,4,CABECERA PARTE (Mixto),1,3
12,03,11,051,120311051,CERRO MOSQUITO,2,POBLADO COMPLETO,1,3
12,03,11,077,120311077,ALTO ALGARROBO,2,POBLADO COMPLETO,1,3
12,03,11,079,120311079,LLANO ZORRA,2,POBLADO COMPLETO,1,3
12,03,11,080,120311080,QUEBRADA NANCE O NANCE,2,POBLADO COMPLETO,1,3
12,03,11,081,120311081,ALTO ARENA O LLANO ARENA,2,POBLADO COMPLETO,1,3
12,03,11,082,120311082,ALTO AJÍ,2,POBLADO COMPLETO,1,3
12,03,11,084,120311084,BUENA VISTA,2,POBLADO COMPLETO,1,3
12,03,11,085,120311085,BAJO MOSQUITO,2,POBLADO COMPLETO,1,3
12,03,11,086,120311086,SALITRE,2,POBLADO COMPLETO,1,3
12,03,11,096,120311096,LLANO SINA O LLANO BANCO,2,POBLADO COMPLETO,1,3
12,03,11,103,120311103,ALTO LLANO VENADO,2,POBLADO COMPLETO,1,3
12,03,11,105,120311105,CERRO JOBO,2,POBLADO COMPLETO,1,3
12,03,11,109,120311109,DUBARI,2,POBLADO COMPLETO,1,3
12,03,11,110,120311110,DUGAGUIA O DUVARIGUIA,2,POBLADO COMPLETO,1,3
12,03,11,113,120311113,OJO DE AGUA,2,POBLADO COMPLETO,1,3
12,03,11,115,120311115,PIEDRA GRANDE,2,POBLADO COMPLETO,1,3
12,03,11,116,120311116,QUEBRADA CARAÑA,2,POBLADO COMPLETO,1,3
12,03,11,118,120311118,ALTO COBRE,2,POBLADO COMPLETO,1,3
12,03,11,120,120311120,LLANO BALSA,2,POBLADO COMPLETO,1,3
12,03,11,121,120311121,LLANO GATO,2,POBLADO COMPLETO,1,3
12,03,11,122,120311122,MÉXICO,2,POBLADO COMPLETO,1,3
12,03,11,123,120311123,ALTO PERICO,2,POBLADO COMPLETO,1,3
12,03,11,124,120311124,CERRO CABUYA,2,POBLADO COMPLETO,1,3
12,03,12,001,120312001,BAJO CERRO ÑAME,2,POBLADO COMPLETO,1,3
12,03,12,002,120312002,BARRIADA FONSECA O LA PALMA,2,POBLADO COMPLETO,1,3
12,03,12,003,120312003,CABECERA DE QUEBRADA CARRIZO,2,POBLADO COMPLETO,1,3
12,03,12,004,120312004,CABECERA DE QUEBRADA PLATA,2,POBLADO COMPLETO,1,3
12,03,12,005,120312005,EL CASTILLO,2,POBLADO COMPLETO,1,3
12,03,12,006,120312006,EL SALITRE,2,POBLADO COMPLETO,1,3
12,03,12,007,120312007,GUAYACÁN,2,POBLADO COMPLETO,1,3
12,03,12,008,120312008,GUAYABAL,3,POBLADO PARTE,1,3
12,03,12,009,120312009,PALMA GIRA,1,CABECERA,1,3
12,03,12,010,120312010,QUEBRADA ARENAS,2,POBLADO COMPLETO,1,3
12,03,12,011,120312011,QUEBRADA CARRIZO,2,POBLADO COMPLETO,1,3
12,03,12,012,120312012,QUEBRADA FRIJOLES,2,POBLADO COMPLETO,1,3
12,03,12,013,120312013,QUEBRADA LORO,3,POBLADO PARTE,1,3
12,03,12,015,120312015,QUEBRADA DE PLATA,2,POBLADO COMPLETO,1,3
12,03,12,016,120312016,CERRO GAVILÁN,2,POBLADO COMPLETO,1,3
12,03,12,017,120312017,CERRO ÑAME,2,POBLADO COMPLETO,1,3
12,03,12,018,120312018,COMUNIDAD TUGRÍ,2,POBLADO COMPLETO,1,3
12,03,12,019,120312019,BAJOS DE CACICÓN,3,POBLADO PARTE,1,3
12,03,12,020,120312020,CERRO CACICÓN,3,POBLADO PARTE,1,3
12,03,13,001,120313001,ALTO ARENA,2,POBLADO COMPLETO,1,3
12,03,13,002,120313002,BAJO HONDO O QUEBRADA ARENA,2,POBLADO COMPLETO,1,3
12,03,13,003,120313003,CALABACITO DE MIRANDA,2,POBLADO COMPLETO,1,3
12,03,13,004,120313004,CERRO ALGODÓN,3,POBLADO PARTE,1,3
12,03,13,005,120313005,CERRO GRANDE,2,POBLADO COMPLETO,1,3
12,03,13,006,120313006,CERRO TIJERA,2,POBLADO COMPLETO,1,3
12,03,13,007,120313007,CHUZO O PEDREGOSO,2,POBLADO COMPLETO,1,3
12,03,13,008,120313008,HORCÓN,2,POBLADO COMPLETO,1,3
12,03,13,009,120313009,LAS LAJITAS,3,POBLADO PARTE,1,3
12,03,13,010,120313010,LLANO MESA,2,POBLADO COMPLETO,1,3
12,03,13,011,120313011,LLANO MIRANDA,2,POBLADO COMPLETO,1,3
12,03,13,012,120313012,LLANO PALMA,1,CABECERA,1,3
12,03,13,013,120313013,QUEBRADA ARENA,3,POBLADO PARTE,1,3
12,03,13,014,120313014,QUEBRADA CAMA,2,POBLADO COMPLETO,1,3
12,03,13,015,120313015,QUEBRADA CAÑITA,2,POBLADO COMPLETO,1,3
12,03,13,016,120313016,TORTUGA,2,POBLADO COMPLETO,1,3
12,03,13,017,120313017,BOCA DE QUEBRADA ARENA O BAJO ARENA,2,POBLADO COMPLETO,1,3
12,03,14,001,120314001,BAJO COMÚN,2,POBLADO COMPLETO,1,3
12,03,14,003,120314003,CERRO CONGO,2,POBLADO COMPLETO,1,3
12,03,14,004,120314004,CERRO GAVILÁN,1,CABECERA,1,3
12,03,14,005,120314005,CERRO IGUANA,2,POBLADO COMPLETO,1,3
12,03,14,006,120314006,CERRO MAJAGUA,2,POBLADO COMPLETO,1,3
12,03,14,007,120314007,QUEBRADA CARACOL,2,POBLADO COMPLETO,1,3
12,03,14,009,120314009,LLANO ESPALDA,2,POBLADO COMPLETO,1,3
12,03,14,010,120314010,LLANO TUGRÍ,2,POBLADO COMPLETO,1,3
12,03,14,012,120314012,SALITRE,2,POBLADO COMPLETO,1,3
12,03,14,013,120314013,BAJO CONGO,2,POBLADO COMPLETO,1,3
12,03,14,014,120314014,BAJO LLANO TUGRÍ,2,POBLADO COMPLETO,1,3
12,03,14,015,120314015,LAJERO,2,POBLADO COMPLETO,1,3
12,03,15,001,120315001,ALTO SALDAÑA,1,CABECERA,1,3
12,03,15,002,120315002,CABECERA DE PITA,2,POBLADO COMPLETO,1,3
12,03,15,003,120315003,CERRO CACICÓN,3,POBLADO PARTE,1,3
12,03,15,004,120315004,CERRO MOSQUITO O SKORIA,2,POBLADO COMPLETO,1,3
12,03,15,005,120315005,CERRO ÑAME DE QUEBRADA PITA,2,POBLADO COMPLETO,1,3
12,03,15,006,120315006,GUAYABAL,3,POBLADO PARTE,1,3
12,03,15,007,120315007,LLANO IGUANA,2,POBLADO COMPLETO,1,3
12,03,16,001,120316001,ALTO CRUZ,2,POBLADO COMPLETO,1,3
12,03,16,002,120316002,ALTO HIGUERÓN,1,CABECERA,1,3
12,03,16,003,120316003,BAJO HIGUERÓN,2,POBLADO COMPLETO,1,3
12,03,16,004,120316004,CALABAZO,2,POBLADO COMPLETO,1,3
12,03,16,005,120316005,CERRO CHUZO,3,POBLADO PARTE,1,3
12,03,16,006,120316006,CERRO GRANDE,2,POBLADO COMPLETO,1,3
12,03,16,007,120316007,CERRO TETA,2,POBLADO COMPLETO,1,3
12,03,16,008,120316008,EL PIRAL,2,POBLADO COMPLETO,1,3
12,03,16,009,120316009,GAVILÁN O JIROGUIAUDI,2,POBLADO COMPLETO,1,3
12,03,16,011,120316011,LLANO LARGO No.1,2,POBLADO COMPLETO,1,3
12,03,16,012,120316012,LLANO LIMÓN,2,POBLADO COMPLETO,1,3
12,03,16,013,120316013,NUEVO AMANECER,2,POBLADO COMPLETO,1,3
12,03,16,014,120316014,NUEVO SAN CRISTÓBAL,2,POBLADO COMPLETO,1,3
12,03,16,015,120316015,PEDREGOSO O BORÓ,2,POBLADO COMPLETO,1,3
12,03,16,016,120316016,PIE DE CERRO BANCO,3,POBLADO PARTE,1,3
12,03,16,017,120316017,QUEBRADA FLECHA,3,POBLADO PARTE,1,3
12,03,16,018,120316018,SALITRE No.1,2,POBLADO COMPLETO,1,3
12,03,16,019,120316019,SAN CRISTÓBAL,2,POBLADO COMPLETO,1,3
12,03,16,020,120316020,SITIO PRADO,3,POBLADO PARTE,1,3
12,03,16,021,120316021,ALTO DE QUEBRADA IGUANA,2,POBLADO COMPLETO,1,3
12,03,16,022,120316022,CERRO JOBO,2,POBLADO COMPLETO,1,3
12,03,16,023,120316023,LLANO CLARA,3,POBLADO PARTE,1,3
12,04,01,001,120401001,ACHIOTE,2,POBLADO COMPLETO,1,3
12,04,01,003,120401003,CERRO IGLESIAS No.1,3,POBLADO PARTE,1,3
12,04,01,006,120401006,CABECERA QUEBRADA GUABO,2,POBLADO COMPLETO,1,3
12,04,01,007,120401007,CALABAZAL,2,POBLADO COMPLETO,1,3
12,04,01,008,120401008,CERRO AGUACATE,2,POBLADO COMPLETO,1,3
12,04,01,012,120401012,CERRO CONCHA,2,POBLADO COMPLETO,1,3
12,04,01,013,120401013,CERRO IGLESIAS No.2,4,CABECERA PARTE (Mixto),1,3
12,04,01,016,120401016,QUIRATE,2,POBLADO COMPLETO,1,3
12,04,01,020,120401020,GUARY,2,POBLADO COMPLETO,1,3
12,04,01,025,120401025,QUEBRADA GUABO,3,POBLADO PARTE,1,3
12,04,01,027,120401027,DUIMA,2,POBLADO COMPLETO,1,3
12,04,01,028,120401028,QUEBRADA PAVÓN,2,POBLADO COMPLETO,1,3
12,04,01,036,120401036,QUEBRADA GATO,2,POBLADO COMPLETO,1,3
12,04,01,037,120401037,OREMA,3,POBLADO PARTE,1,3
12,04,01,038,120401038,ALTO NUBE,2,POBLADO COMPLETO,1,3
12,04,01,039,120401039,BRIGUNY,2,POBLADO COMPLETO,1,3
12,04,01,040,120401040,PAVÓN,2,POBLADO COMPLETO,1,3
12,04,01,041,120401041,QUEBRADA CARACOL,2,POBLADO COMPLETO,1,3
12,04,01,042,120401042,HATO HORCÓN,3,POBLADO PARTE,1,3
12,04,01,043,120401043,HORCÓN ARRIBA,2,POBLADO COMPLETO,1,3
12,04,01,044,120401044,KÜBIMA,2,POBLADO COMPLETO,1,3
12,04,01,045,120401045,QUEBRADA ARENA,2,POBLADO COMPLETO,1,3
12,04,01,046,120401046,QUEBRADA LA PITA,2,POBLADO COMPLETO,1,3
12,04,02,001,120402001,ALGARROBO,3,POBLADO PARTE,1,3
12,04,02,004,120402004,BOCA DEL MONTE,2,POBLADO COMPLETO,1,3
12,04,02,005,120402005,BODOCO O BODOCA,2,POBLADO COMPLETO,1,3
12,04,02,008,120402008,CANOA,2,POBLADO COMPLETO,1,3
12,04,02,010,120402010,CARACOL,2,POBLADO COMPLETO,1,3
12,04,02,011,120402011,CERRO BALSO,2,POBLADO COMPLETO,1,3
12,04,02,012,120402012,LLANO PALMA O CHARCO PALMA,2,POBLADO COMPLETO,1,3
12,04,02,013,120402013,CERRO FLORES,2,POBLADO COMPLETO,1,3
12,04,02,015,120402015,CERRO TULA,2,POBLADO COMPLETO,1,3
12,04,02,016,120402016,MORONDO,2,POBLADO COMPLETO,1,3
12,04,02,017,120402017,CHICHICA,2,POBLADO COMPLETO,1,3
12,04,02,018,120402018,HATO CHAMÍ,1,CABECERA,1,3
12,04,02,020,120402020,GUACÁ,2,POBLADO COMPLETO,1,3
12,04,02,021,120402021,LECHUZA,2,POBLADO COMPLETO,1,3
12,04,02,022,120402022,COGOYO,2,POBLADO COMPLETO,1,3
12,04,02,024,120402024,MAÍZ TOSTADO,2,POBLADO COMPLETO,1,3
12,04,02,025,120402025,MOCO,2,POBLADO COMPLETO,1,3
12,04,02,027,120402027,QUEBRADA HORMIGA O CABECERA DE HORMIGA,2,POBLADO COMPLETO,1,3
12,04,02,028,120402028,QUEBRADA MURCIÉLAGO,2,POBLADO COMPLETO,1,3
12,04,02,033,120402033,ALTO MEMBRILLO,2,POBLADO COMPLETO,1,3
12,04,02,034,120402034,MEMBRILLO,2,POBLADO COMPLETO,1,3
12,04,02,035,120402035,ALTO CRUZ,2,POBLADO COMPLETO,1,3
12,04,02,036,120402036,QUEBRADA SALITRE,2,POBLADO COMPLETO,1,3
12,04,02,037,120402037,BOCA CULANTRO,2,POBLADO COMPLETO,1,3
12,04,02,039,120402039,CERRO GAVILÁN,2,POBLADO COMPLETO,1,3
12,04,02,040,120402040,LLANO CAÑA,2,POBLADO COMPLETO,1,3
12,04,02,041,120402041,CERRO CULANTRO,2,POBLADO COMPLETO,1,3
12,04,02,046,120402046,BOCA DE HORMIGA,2,POBLADO COMPLETO,1,3
12,04,02,047,120402047,ENTRADA DE CERRO TULA,2,POBLADO COMPLETO,1,3
12,04,02,048,120402048,LLANO POZO,2,POBLADO COMPLETO,1,3
12,04,02,049,120402049,BAGLA,2,POBLADO COMPLETO,1,3
12,04,02,050,120402050,CAPACHO,2,POBLADO COMPLETO,1,3
12,04,02,051,120402051,CERRO PLATA  O LAGUNA ABAJO,2,POBLADO COMPLETO,1,3
12,04,02,052,120402052,LAGUNA,2,POBLADO COMPLETO,1,3
12,04,02,053,120402053,QUEBRADA CANGREJO,3,POBLADO PARTE,1,3
12,04,02,054,120402054,CUGORI O QUEBRADA CAÑA,2,POBLADO COMPLETO,1,3
12,04,02,055,120402055,CERRO PALMA,2,POBLADO COMPLETO,1,3
12,04,02,056,120402056,SARDINA,2,POBLADO COMPLETO,1,3
12,04,02,057,120402057,PEDREGAL,2,POBLADO COMPLETO,1,3
12,04,02,058,120402058,CEBELE O LLANO DEZEBLE,2,POBLADO COMPLETO,1,3
12,04,02,059,120402059,CERRO FLORES No.2,2,POBLADO COMPLETO,1,3
12,04,03,001,120403001,ALGARROBO,3,POBLADO PARTE,1,3
12,04,03,002,120403002,ALTO ARRIERA,2,POBLADO COMPLETO,1,3
12,04,03,003,120403003,ALTO GENGIBRE,2,POBLADO COMPLETO,1,3
12,04,03,004,120403004,ARRIERA,2,POBLADO COMPLETO,1,3
12,04,03,006,120403006,BELLA VISTA,2,POBLADO COMPLETO,1,3
12,04,03,007,120403007,CABECERA DE RÍO SAN FÉLIX O MOIGUIDETE,2,POBLADO COMPLETO,1,3
12,04,03,008,120403008,CAMPAMENTO ESCOPETA,2,POBLADO COMPLETO,1,3
12,04,03,009,120403009,CAÑA BRAVA,2,POBLADO COMPLETO,1,3
12,04,03,011,120403011,JÄDABERI O CERRO BALSA,1,CABECERA,1,3
12,04,03,012,120403012,CUERNAVACA,2,POBLADO COMPLETO,1,3
12,04,03,014,120403014,HATO RINCÓN,2,POBLADO COMPLETO,1,3
12,04,03,015,120403015,HORCONCITO,2,POBLADO COMPLETO,1,3
12,04,03,016,120403016,JAGUA,2,POBLADO COMPLETO,1,3
12,04,03,017,120403017,LA LAGUNA,2,POBLADO COMPLETO,1,3
12,04,03,018,120403018,LLANO DE OLLA,2,POBLADO COMPLETO,1,3
12,04,03,019,120403019,RATÓN,2,POBLADO COMPLETO,1,3
12,04,03,020,120403020,LAS NUBES,2,POBLADO COMPLETO,1,3
12,04,03,021,120403021,CALABAZO,2,POBLADO COMPLETO,1,3
12,04,03,022,120403022,BUENA VISTA,2,POBLADO COMPLETO,1,3
12,04,03,023,120403023,CERRO COLORADO,2,POBLADO COMPLETO,1,3
12,04,04,001,120404001,RÍO SANTIAGO,2,POBLADO COMPLETO,1,3
12,04,04,002,120404002,CERRO MAQUENQUE,2,POBLADO COMPLETO,1,3
12,04,04,003,120404003,CERRO VACA,2,POBLADO COMPLETO,1,3
12,04,04,004,120404004,LAJERO ARRIBA,1,CABECERA,1,3
12,04,04,005,120404005,QUEBRADA HONDA,2,POBLADO COMPLETO,1,3
12,04,04,008,120404008,SABANA CHIQUITA,2,POBLADO COMPLETO,1,3
12,04,04,009,120404009,SALADO ARRIBA,2,POBLADO COMPLETO,1,3
12,04,04,010,120404010,SARDINA O LAJERO ABAJO,3,POBLADO PARTE,1,3
12,04,04,014,120404014,EL GUAYABAL O GUAYABAL,2,POBLADO COMPLETO,1,3
12,04,04,015,120404015,QUEBRADA CANDELA,2,POBLADO COMPLETO,1,3
12,04,04,016,120404016,CERRO IGLESIAS No.2,3,POBLADO PARTE,1,3
12,04,04,017,120404017,HATO HORCÓN,3,POBLADO PARTE,1,3
12,04,04,018,120404018,CERRO IGLESIAS No.1,3,POBLADO PARTE,1,3
12,04,04,019,120404019,QUEBRADA HONDA ABAJO,2,POBLADO COMPLETO,1,3
12,04,04,020,120404020,OLÁ,3,POBLADO PARTE,1,3
12,04,04,022,120404022,POTRERO DE OLLA,3,POBLADO PARTE,1,3
12,04,04,024,120404024,RÍO SANTIAGO ARRIBA,3,POBLADO PARTE,1,3
12,04,05,001,120405001,ALTO MOLEJÓN,2,POBLADO COMPLETO,1,3
12,04,05,002,120405002,CABECERA DE QUEBRADA ARENAS,2,POBLADO COMPLETO,1,3
12,04,05,003,120405003,CABECERA DE QUEBRADA GUABO,2,POBLADO COMPLETO,1,3
12,04,05,004,120405004,CABECERA DE RÍO SANTIAGO,2,POBLADO COMPLETO,1,3
12,04,05,005,120405005,CERRO ARDILLA,2,POBLADO COMPLETO,1,3
12,04,05,006,120405006,JÄDABERI O CERRO BALSA,2,POBLADO COMPLETO,1,3
12,04,05,007,120405007,CERRO MESA,2,POBLADO COMPLETO,1,3
12,04,05,008,120405008,OMA,1,CABECERA,1,3
12,04,05,009,120405009,QUEBRADA GUABO,3,POBLADO PARTE,1,3
12,04,05,010,120405010,QUEBRADA SALADO O BOCA SALADO,2,POBLADO COMPLETO,1,3
12,04,05,012,120405012,SARDINA,2,POBLADO COMPLETO,1,3
12,04,05,013,120405013,TIBIDE O ALTO REY,2,POBLADO COMPLETO,1,3
12,04,05,014,120405014,CERRO NEGRO,2,POBLADO COMPLETO,1,3
12,04,05,015,120405015,SABANITAS,3,POBLADO PARTE,1,3
12,04,05,016,120405016,VALLE DE LA LUNA,2,POBLADO COMPLETO,1,3
12,04,05,017,120405017,MAMEY,3,POBLADO PARTE,2,3
12,05,01,002,120501002,ALTO TOLICA,3,POBLADO PARTE,1,3
12,05,01,003,120501003,BAJO ESPIRAL,2,POBLADO COMPLETO,1,3
12,05,01,005,120501005,BUENOS AIRES,1,CABECERA,1,3
12,05,01,006,120501006,EL BUJO O EL BÚHO,2,POBLADO COMPLETO,1,3
12,05,01,007,120501007,CABUYA,2,POBLADO COMPLETO,1,3
12,05,01,010,120501010,EL CALABAZO,2,POBLADO COMPLETO,1,3
12,05,01,014,120501014,EL ROBLE,3,POBLADO PARTE,1,3
12,05,01,015,120501015,GEME,3,POBLADO PARTE,1,3
12,05,01,016,120501016,MACANA O QUEBRADA MACANO,2,POBLADO COMPLETO,1,3
12,05,01,023,120501023,TIERRA BLANCA,2,POBLADO COMPLETO,1,3
12,05,01,025,120501025,LA ESTERILLA O ESTRELLITA,2,POBLADO COMPLETO,1,3
12,05,01,027,120501027,QUEBRADA MANGO,2,POBLADO COMPLETO,1,3
12,05,02,001,120502001,AGUA DE SALUD,4,CABECERA PARTE (Mixto),1,3
12,05,02,003,120502003,ALTO DE BATATA,2,POBLADO COMPLETO,1,3
12,05,02,008,120502008,BATATA,2,POBLADO COMPLETO,1,3
12,05,02,014,120502014,CORRAL DE VENADO,2,POBLADO COMPLETO,1,3
12,05,02,020,120502020,EL HATO ANTIGUO,2,POBLADO COMPLETO,1,3
12,05,02,026,120502026,GUAYABAL ARRIBA,2,POBLADO COMPLETO,1,3
12,05,02,027,120502027,GUAYABALITO,2,POBLADO COMPLETO,1,3
12,05,02,028,120502028,EL COPÉ,2,POBLADO COMPLETO,1,3
12,05,02,031,120502031,LOMA PERICO,3,POBLADO PARTE,1,3
12,05,02,034,120502034,PIEDRA FOGÓN,2,POBLADO COMPLETO,1,3
12,05,02,035,120502035,PIEDRA GRANDE,2,POBLADO COMPLETO,1,3
12,05,02,040,120502040,EL NARANJAL,3,POBLADO PARTE,1,3
12,05,02,052,120502052,GUAYABAL,2,POBLADO COMPLETO,1,3
12,05,02,063,120502063,GUACAMAYA,3,POBLADO PARTE,1,3
12,05,02,072,120502072,ALTO LIRI,2,POBLADO COMPLETO,1,3
12,05,02,076,120502076,EL CUCURUCHO,2,POBLADO COMPLETO,1,3
12,05,02,077,120502077,EL ROBLE,3,POBLADO PARTE,1,3
12,05,02,078,120502078,GALERITA,2,POBLADO COMPLETO,1,3
12,05,02,083,120502083,CABECERA DE VIRIGÜA,3,POBLADO PARTE,1,3
12,05,03,001,120503001,ALTO DE JESÚS,1,CABECERA,1,3
12,05,03,003,120503003,EL GUABO,3,POBLADO PARTE,1,3
12,05,03,004,120503004,EL MURCIÉLAGO,3,POBLADO PARTE,1,3
12,05,03,005,120503005,LOS GUABOS,3,POBLADO PARTE,1,3
12,05,03,006,120503006,MATA REDONDA,2,POBLADO COMPLETO,1,3
12,05,03,007,120503007,QUEBRADA DE JESÚS,3,POBLADO PARTE,1,3
12,05,03,008,120503008,LLANO BONITO No.2,3,POBLADO PARTE,1,3
12,05,03,010,120503010,LAS MESITAS,2,POBLADO COMPLETO,1,3
12,05,04,001,120504001,ALTO DE LA LAGUNA,2,POBLADO COMPLETO,1,3
12,05,04,002,120504002,ALTO DE LAS MESITAS,3,POBLADO PARTE,1,3
12,05,04,003,120504003,ALTO DE LAS HUACAS,2,POBLADO COMPLETO,1,3
12,05,04,004,120504004,BAJADA DE LA CRUZ,3,POBLADO PARTE,1,3
12,05,04,005,120504005,BAJO DE LA MESITA,2,POBLADO COMPLETO,1,3
12,05,04,008,120504008,CAÑAZAL,3,POBLADO PARTE,1,3
12,05,04,009,120504009,CERRO ARMADO,2,POBLADO COMPLETO,1,3
12,05,04,011,120504011,CERRO PELADO O JUGRIG,1,CABECERA,1,3
12,05,04,012,120504012,CERRO PUERCO O EL MANGO,2,POBLADO COMPLETO,1,3
12,05,04,013,120504013,EL CEDRO,2,POBLADO COMPLETO,1,3
12,05,04,014,120504014,EL JOBO,3,POBLADO PARTE,1,3
12,05,04,016,120504016,EL NARANJO No.1,3,POBLADO PARTE,1,3
12,05,04,017,120504017,EL PAVÓN,3,POBLADO PARTE,1,3
12,05,04,018,120504018,EL PORVENIR,2,POBLADO COMPLETO,1,3
12,05,04,019,120504019,EL ZANCUDO,3,POBLADO PARTE,1,3
12,05,04,021,120504021,LA TRINIDAD,3,POBLADO PARTE,1,3
12,05,04,023,120504023,EL LIRI,2,POBLADO COMPLETO,1,3
12,05,04,025,120504025,OJO DE AGUA,3,POBLADO PARTE,1,3
12,05,04,026,120504026,PALMILLA,3,POBLADO PARTE,1,3
12,05,04,027,120504027,PENIEL O CABRILLA,2,POBLADO COMPLETO,1,3
12,05,04,030,120504030,LA MALAGOTA,3,POBLADO PARTE,1,3
12,05,05,001,120505001,ALTO DEL CULANTRO,2,POBLADO COMPLETO,1,3
12,05,05,002,120505002,ALTO EL BALE,2,POBLADO COMPLETO,1,3
12,05,05,003,120505003,ALTO EL MUDO,3,POBLADO PARTE,1,3
12,05,05,004,120505004,BELLA VISTA,2,POBLADO COMPLETO,1,3
12,05,05,005,120505005,CALABRA,3,POBLADO PARTE,1,3
12,05,05,007,120505007,CERRO TREMA,3,POBLADO PARTE,1,3
12,05,05,008,120505008,EL BAJO,3,POBLADO PARTE,1,3
12,05,05,009,120505009,EL BALE,1,CABECERA,1,3
12,05,05,011,120505011,EL HIGUITO,3,POBLADO PARTE,1,3
12,05,05,012,120505012,EL PERÚ O COCUY,2,POBLADO COMPLETO,1,3
12,05,05,013,120505013,LA MATA,3,POBLADO PARTE,1,3
12,05,05,014,120505014,LA MISERICORDIA,3,POBLADO PARTE,1,3
12,05,05,015,120505015,LAS MESITAS No.1,3,POBLADO PARTE,1,3
12,05,05,016,120505016,LOMA DEL NARANJO O LOS GUARUMOS,3,POBLADO PARTE,1,3
12,05,05,017,120505017,LOS LÁZAROS,2,POBLADO COMPLETO,1,3
12,05,05,018,120505018,PUEBLO NUEVO,2,POBLADO COMPLETO,1,3
12,05,05,019,120505019,EL CORTEZO,3,POBLADO PARTE,1,3
12,05,05,020,120505020,EL FLOR,3,POBLADO PARTE,1,3
12,05,05,021,120505021,EL CONEJO,3,POBLADO PARTE,1,3
12,05,06,001,120506001,EL HATILLO,3,POBLADO PARTE,1,3
12,05,06,002,120506002,EL PAPAYAL,2,POBLADO COMPLETO,1,3
12,05,06,003,120506003,LA COLORADA,2,POBLADO COMPLETO,1,3
12,05,06,004,120506004,LA EULALIA,2,POBLADO COMPLETO,1,3
12,05,06,006,120506006,LAS MESILLAS,3,POBLADO PARTE,1,3
12,05,06,007,120506007,LOS GUARUMOS,3,POBLADO PARTE,1,3
12,05,06,009,120506009,LLANO PARAL,2,POBLADO COMPLETO,1,3
12,05,06,010,120506010,PAREDÓN ABAJO,3,POBLADO PARTE,1,3
12,05,06,011,120506011,PAREDÓN ARRIBA,1,CABECERA,1,3
12,05,06,012,120506012,PEDREGAL,3,POBLADO PARTE,1,3
12,05,06,013,120506013,PIEDRA DE AGUA,3,POBLADO PARTE,1,3
12,05,06,014,120506014,CABECERA DE QUEBRADA LARGA,2,POBLADO COMPLETO,1,3
12,05,06,015,120506015,QUEBRADA LARGA,3,POBLADO PARTE,1,3
12,05,06,016,120506016,LOS VALLES,3,POBLADO PARTE,1,3
12,05,07,011,120507011,EL PIRO,1,CABECERA,1,3
12,05,07,034,120507034,ALTO DEL NARANJO,3,POBLADO PARTE,1,3
12,05,07,035,120507035,ALTO DEL PRADO,3,POBLADO PARTE,1,3
12,05,07,036,120507036,PIEDRA AMARILLA,3,POBLADO PARTE,1,3
12,05,08,001,120508001,AGUA DE SALUD,3,POBLADO PARTE,1,3
12,05,08,002,120508002,ALTO GALERA,2,POBLADO COMPLETO,1,3
12,05,08,003,120508003,ALTO MUALE,2,POBLADO COMPLETO,1,3
12,05,08,004,120508004,CAÑA BLANCA,2,POBLADO COMPLETO,1,3
12,05,08,006,120508006,GEME,3,POBLADO PARTE,1,3
12,05,08,007,120508007,GUAYABITO,1,CABECERA,1,3
12,05,08,008,120508008,LAS FILIPINAS,2,POBLADO COMPLETO,1,3
12,05,08,009,120508009,LLANO DE DIOS,2,POBLADO COMPLETO,1,3
12,05,08,010,120508010,QUEBRADA BATATA,2,POBLADO COMPLETO,1,3
12,05,08,011,120508011,QUEBRADA SÁBALO O QUEBRADA BARBÚ,2,POBLADO COMPLETO,1,3
12,05,08,012,120508012,SABANETA,2,POBLADO COMPLETO,1,3
12,05,08,013,120508013,TABACAL O AGUAS CLARAS,2,POBLADO COMPLETO,1,3
12,05,08,014,120508014,TEBUJO,2,POBLADO COMPLETO,1,3
12,05,08,015,120508015,VIROTAL,2,POBLADO COMPLETO,1,3
12,05,08,016,120508016,CERRO TAMBOR,2,POBLADO COMPLETO,1,3
12,05,08,017,120508017,PEDREGAL,2,POBLADO COMPLETO,1,3
12,05,08,018,120508018,CERRO CENIZA,2,POBLADO COMPLETO,1,3
12,05,09,001,120509001,ALTO CAÑA,2,POBLADO COMPLETO,1,3
12,05,09,002,120509002,BOCA DE OI,2,POBLADO COMPLETO,1,3
12,05,09,004,120509004,CABECERA DE SAN PABLO,2,POBLADO COMPLETO,1,3
12,05,09,005,120509005,CABECERA DE VIRIGÜA,3,POBLADO PARTE,1,3
12,05,09,006,120509006,EL MACANO,2,POBLADO COMPLETO,1,3
12,05,09,007,120509007,GUACAMAYA,3,POBLADO PARTE,1,3
12,05,09,008,120509008,GÜIBALE,1,CABECERA,1,3
12,05,09,009,120509009,LA CUCHILLA,2,POBLADO COMPLETO,1,3
12,05,09,011,120509011,LLANO BONITO,3,POBLADO PARTE,1,3
12,05,09,012,120509012,PEDREGOSO,3,POBLADO PARTE,1,3
12,05,09,013,120509013,PIRAGUA,2,POBLADO COMPLETO,1,3
12,05,09,015,120509015,QUEBRADA HONDA,2,POBLADO COMPLETO,1,3
12,05,09,016,120509016,QUEBRADA LIMÓN O LA CHUERELA,3,POBLADO PARTE,1,3
12,05,09,017,120509017,VIRIGÜA ARRIBA O RÍO VIRIGÜA,2,POBLADO COMPLETO,1,3
12,05,09,018,120509018,VIRIGÜA CENTRO,2,POBLADO COMPLETO,1,3
12,05,09,019,120509019,ALTO GÜIBALE,2,POBLADO COMPLETO,1,3
12,05,09,020,120509020,CERRO ARRAIJÁN,2,POBLADO COMPLETO,1,3
12,05,09,022,120509022,PEÑA BLANCA,2,POBLADO COMPLETO,1,3
12,05,10,001,120510001,ALTO DE PALO VERDE,3,POBLADO PARTE,1,3
12,05,10,002,120510002,ALTO DEL CIRUELITO,2,POBLADO COMPLETO,1,3
12,05,10,003,120510003,BAJO PALO VERDE,3,POBLADO PARTE,1,3
12,05,10,004,120510004,CERRO CASA,2,POBLADO COMPLETO,1,3
12,05,10,005,120510005,CORRAL DE PIEDRA,2,POBLADO COMPLETO,1,3
12,05,10,006,120510006,EL BARRERO O GUAYABAL No.1,3,POBLADO PARTE,1,3
12,05,10,007,120510007,EL JACINTO,2,POBLADO COMPLETO,1,3
12,05,10,008,120510008,EL PEÑÓN,1,CABECERA,1,3
12,05,10,009,120510009,EL ROSARIO,3,POBLADO PARTE,1,3
12,05,10,010,120510010,EL TIGRE ABAJO,2,POBLADO COMPLETO,1,3
12,05,10,011,120510011,EL TIGRE ARRIBA,2,POBLADO COMPLETO,1,3
12,05,10,012,120510012,EL TIGRE CENTRO,2,POBLADO COMPLETO,1,3
12,05,10,013,120510013,GUACAMAYA,3,POBLADO PARTE,1,3
12,05,10,014,120510014,LA PEDREGOSA,2,POBLADO COMPLETO,1,3
12,05,10,015,120510015,LA VIGÍA,3,POBLADO PARTE,1,3
12,05,10,016,120510016,LLANO GUABAL,2,POBLADO COMPLETO,1,3
12,05,10,017,120510017,LOMA LARGA,2,POBLADO COMPLETO,1,3
12,05,10,018,120510018,LOS BERNARDINOS,2,POBLADO COMPLETO,1,3
12,05,10,019,120510019,MONTE SILENCIO,3,POBLADO PARTE,1,3
12,05,10,020,120510020,PALO VERDE,2,POBLADO COMPLETO,1,3
12,05,10,021,120510021,PEÑÓN ABAJO,2,POBLADO COMPLETO,1,3
12,05,10,022,120510022,PEÑÓN NORTE,2,POBLADO COMPLETO,1,3
12,05,10,023,120510023,QUEBRADA EL COCO,2,POBLADO COMPLETO,1,3
12,05,10,024,120510024,QUEBRADA HONDA,2,POBLADO COMPLETO,1,3
12,05,10,025,120510025,QUEBRADA LAGUNA,2,POBLADO COMPLETO,1,3
12,05,10,026,120510026,QUEBRADA MOJARRA O MOJARRA,2,POBLADO COMPLETO,1,3
12,05,10,027,120510027,SAN ANTONIO ABAJO,2,POBLADO COMPLETO,1,3
12,05,10,028,120510028,SAN ANTONIO ARRIBA,2,POBLADO COMPLETO,1,3
12,05,10,030,120510030,VIRIGÜA No.2,2,POBLADO COMPLETO,1,3
12,05,10,031,120510031,EL BARRERO,2,POBLADO COMPLETO,1,3
12,05,10,032,120510032,EL CEREZO,3,POBLADO PARTE,1,3
12,05,10,033,120510033,EL NARANJAL,3,POBLADO PARTE,1,3
12,05,10,034,120510034,EL ROBLE,3,POBLADO PARTE,1,3
12,05,10,035,120510035,LOMA PERICO,3,POBLADO PARTE,1,3
12,05,10,036,120510036,TAGUERA,2,POBLADO COMPLETO,1,3
12,05,11,001,120511001,AGUA SALUD,2,POBLADO COMPLETO,1,3
12,05,11,002,120511002,ALTO TOLICA,3,POBLADO PARTE,1,3
12,05,11,004,120511004,EL CHUMICO,3,POBLADO PARTE,1,3
12,05,11,005,120511005,EL GARRIL,2,POBLADO COMPLETO,1,3
12,05,11,006,120511006,EL PIRO,1,CABECERA,1,3
12,05,11,007,120511007,EL ROBLE,3,POBLADO PARTE,1,3
12,05,11,008,120511008,PASO VENAO,2,POBLADO COMPLETO,1,3
12,05,11,009,120511009,QUEBRADA BOLANGO,2,POBLADO COMPLETO,1,3
12,05,11,010,120511010,QUEBRADA GRANDE,2,POBLADO COMPLETO,1,3
12,05,11,011,120511011,QUEBRADA JAGUA,2,POBLADO COMPLETO,1,3
12,05,11,012,120511012,QUEBRADA MOJARRA,2,POBLADO COMPLETO,1,3
12,05,11,013,120511013,QUEBRADA MONO,2,POBLADO COMPLETO,1,3
12,05,11,014,120511014,QUEBRADA SATRA,2,POBLADO COMPLETO,1,3
12,05,11,015,120511015,SITIO VIEJO,2,POBLADO COMPLETO,1,3
12,05,11,016,120511016,TOLICA,2,POBLADO COMPLETO,1,3
12,06,01,001,120601001,BECATIVÍ,3,POBLADO PARTE,1,3
12,06,01,003,120601003,BISIRA,1,CABECERA,1,3
12,06,01,004,120601004,BOCA DE JALI,2,POBLADO COMPLETO,2,3
12,06,01,005,120601005,BOCA DE QUENANI,2,POBLADO COMPLETO,1,3
12,06,01,006,120601006,BOCA DEL RÍO CRICAMOLA,2,POBLADO COMPLETO,1,3
12,06,01,007,120601007,CATAVELA,2,POBLADO COMPLETO,1,3
12,06,01,008,120601008,CITATE,2,POBLADO COMPLETO,1,3
12,06,01,009,120601009,JURARI,2,POBLADO COMPLETO,1,3
12,06,01,010,120601010,EL CANAL,2,POBLADO COMPLETO,1,3
12,06,01,012,120601012,ISLA DE MACHAPIN O GATO SOLO,2,POBLADO COMPLETO,1,3
12,06,01,013,120601013,JONONI,3,POBLADO PARTE,1,3
12,06,01,014,120601014,LA ISLA,2,POBLADO COMPLETO,1,3
12,06,01,015,120601015,ÑO TOLENTE,2,POBLADO COMPLETO,1,3
12,06,01,016,120601016,ÑURI O LLUVIA,2,POBLADO COMPLETO,1,3
12,06,01,018,120601018,PAISANA,2,POBLADO COMPLETO,2,3
12,06,01,019,120601019,POMAN CREEK,2,POBLADO COMPLETO,1,3
12,06,01,020,120601020,ÑO TOLENTE No.2,2,POBLADO COMPLETO,1,3
12,06,01,022,120601022,PUERTO No.2,2,POBLADO COMPLETO,1,3
12,06,01,023,120601023,PUNTA CUACO,2,POBLADO COMPLETO,1,3
12,06,01,024,120601024,PUNTA ESTRELLA,2,POBLADO COMPLETO,1,3
12,06,01,025,120601025,QUERAMI,2,POBLADO COMPLETO,1,3
12,06,01,026,120601026,RÍO TOBORI,2,POBLADO COMPLETO,1,3
12,06,01,027,120601027,RÍO TORI O TORO,2,POBLADO COMPLETO,1,3
12,06,01,029,120601029,SIBIN,3,POBLADO PARTE,1,3
12,06,01,030,120601030,EL CANAL No.2,2,POBLADO COMPLETO,1,3
12,06,01,031,120601031,MANANTÍ CENTRO,3,POBLADO PARTE,1,3
12,06,01,032,120601032,RÍO COY,3,POBLADO PARTE,1,3
12,06,01,033,120601033,DRIGARI,2,POBLADO COMPLETO,1,3
12,06,01,034,120601034,SOLARIS,2,POBLADO COMPLETO,1,3
12,06,01,035,120601035,QUEBRADA MANGLAR TIGRE,2,POBLADO COMPLETO,1,3
12,06,04,001,120604001,BOSALITUVITE,2,POBLADO COMPLETO,1,3
12,06,04,002,120604002,BUIGOTE,2,POBLADO COMPLETO,1,3
12,06,04,004,120604004,CLEATE,2,POBLADO COMPLETO,1,3
12,06,04,007,120604007,QUEBRADA TIGRE,2,POBLADO COMPLETO,1,3
12,06,04,008,120604008,CREMANTUVITE,2,POBLADO COMPLETO,1,3
12,06,04,010,120604010,CURATE,2,POBLADO COMPLETO,1,3
12,06,04,011,120604011,CORONTE,1,CABECERA,1,3
12,06,04,013,120604013,GUORONIQUIDETE,2,POBLADO COMPLETO,1,3
12,06,04,016,120604016,QUEBRADA PAVO O IRIBIGOTE,2,POBLADO COMPLETO,1,3
12,06,04,021,120604021,MODOTE,2,POBLADO COMPLETO,1,3
12,06,04,022,120604022,COMUNIDAD CARACOL,2,POBLADO COMPLETO,1,3
12,06,04,023,120604023,MUNUNI,2,POBLADO COMPLETO,1,3
12,06,04,024,120604024,MUTARI O MUTARIGOTE,2,POBLADO COMPLETO,1,3
12,06,04,026,120604026,OLABOTA,2,POBLADO COMPLETO,1,3
12,06,04,029,120604029,QUEBRADA FRIJOLES,2,POBLADO COMPLETO,1,3
12,06,04,030,120604030,QUEBRADA SÁBALO,2,POBLADO COMPLETO,1,3
12,06,04,033,120604033,QUEBRADA GUANÁBANA O SORONI,2,POBLADO COMPLETO,1,3
12,06,04,034,120604034,TIBITE,2,POBLADO COMPLETO,1,3
12,06,04,035,120604035,TOBLATE,2,POBLADO COMPLETO,1,3
12,06,04,037,120604037,TRENENTE,2,POBLADO COMPLETO,1,3
12,06,04,038,120604038,TUBONTE,2,POBLADO COMPLETO,1,3
12,06,04,067,120604067,IDREBAY,2,POBLADO COMPLETO,1,3
12,06,04,068,120604068,COINGOTE O RÍO BUENO,2,POBLADO COMPLETO,1,3
12,06,04,072,120604072,BOCA DE CARACOL,2,POBLADO COMPLETO,1,3
12,06,04,075,120604075,ORORIGOTE,3,POBLADO PARTE,1,3
12,06,04,076,120604076,ANGUATARI,2,POBLADO COMPLETO,1,3
12,06,04,077,120604077,BUTUVITI,2,POBLADO COMPLETO,1,3
12,06,04,078,120604078,CAGOEN,2,POBLADO COMPLETO,1,3
12,06,04,079,120604079,CARACOL,3,POBLADO PARTE,1,3
12,06,04,080,120604080,CERRO CABALLO O NODORIGOTE,2,POBLADO COMPLETO,1,3
12,06,04,081,120604081,CERRO FRIJOLES,2,POBLADO COMPLETO,1,3
12,06,04,082,120604082,CERRO MEMBRILLO,2,POBLADO COMPLETO,1,3
12,06,04,083,120604083,CERRO PALOMA O UTIBITE,2,POBLADO COMPLETO,1,3
12,06,04,084,120604084,COMUNIDAD DE KUTE O QUITE,2,POBLADO COMPLETO,1,3
12,06,04,085,120604085,PUNTA PIÑA,2,POBLADO COMPLETO,1,3
12,06,04,086,120604086,GUAYACÁN O KIRERIGOTE,3,POBLADO PARTE,1,3
12,06,04,087,120604087,JOBOTO,2,POBLADO COMPLETO,1,3
12,06,04,088,120604088,JOROMUNDI,2,POBLADO COMPLETO,1,3
12,06,04,089,120604089,MEMBRILLO,2,POBLADO COMPLETO,1,3
12,06,04,090,120604090,MIGUIOVITI,2,POBLADO COMPLETO,1,3
12,06,04,091,120604091,MITRARI,2,POBLADO COMPLETO,1,3
12,06,04,092,120604092,MUBUTO,2,POBLADO COMPLETO,1,3
12,06,04,093,120604093,NURIBOTA,2,POBLADO COMPLETO,1,3
12,06,04,094,120604094,TULA O BURUTE,2,POBLADO COMPLETO,1,3
12,06,04,096,120604096,MUNUNI No.2 O MUNUNIGOTO,3,POBLADO PARTE,1,3
12,06,04,097,120604097,BRURATE,2,POBLADO COMPLETO,1,3
12,06,04,098,120604098,BUENOS AIRES O MURIEBITI,2,POBLADO COMPLETO,1,3
12,06,04,099,120604099,DESEMBOCADURA DE CANOA,2,POBLADO COMPLETO,1,3
12,06,04,100,120604100,ÑUBOY,2,POBLADO COMPLETO,1,3
12,06,04,101,120604101,ONANTE,2,POBLADO COMPLETO,1,3
12,06,04,102,120604102,TUBONIQUIDETE,2,POBLADO COMPLETO,1,3
12,06,04,103,120604103,URINTE,2,POBLADO COMPLETO,1,3
12,06,04,104,120604104,BUEVITI,2,POBLADO COMPLETO,1,3
12,06,04,105,120604105,GAVILÁN,2,POBLADO COMPLETO,1,3
12,06,04,106,120604106,TRUITE,2,POBLADO COMPLETO,1,3
12,06,05,002,120605002,BECATIVI,3,POBLADO PARTE,1,3
12,06,05,007,120605007,KANKINTÚ,1,CABECERA,1,3
12,06,05,014,120605014,CUMINGOTE,2,POBLADO COMPLETO,1,3
12,06,05,018,120605018,GOBRANTE,2,POBLADO COMPLETO,1,3
12,06,05,020,120605020,GUATIVI,2,POBLADO COMPLETO,1,3
12,06,05,023,120605023,QUEBRADA MORODONI,2,POBLADO COMPLETO,1,3
12,06,05,024,120605024,NUGLITE,2,POBLADO COMPLETO,1,3
12,06,05,025,120605025,NOMONOI,2,POBLADO COMPLETO,1,3
12,06,05,026,120605026,NUTIVI,2,POBLADO COMPLETO,1,3
12,06,05,029,120605029,ODOBATE,3,POBLADO PARTE,1,3
12,06,05,042,120605042,RÍO VIENTO ARRIBA,2,POBLADO COMPLETO,1,3
12,06,05,044,120605044,SIBIN,3,POBLADO PARTE,1,3
12,06,05,045,120605045,SIRAIN,2,POBLADO COMPLETO,1,3
12,06,05,054,120605054,ORORIGOTE,3,POBLADO PARTE,1,3
12,06,05,061,120605061,DUBUTE,2,POBLADO COMPLETO,1,3
12,06,05,076,120605076,POMAN QUARE,2,POBLADO COMPLETO,1,3
12,06,05,081,120605081,BUROTE,2,POBLADO COMPLETO,1,3
12,06,05,084,120605084,CASA BLANCA,2,POBLADO COMPLETO,1,3
12,06,05,087,120605087,GUAYABITO,2,POBLADO COMPLETO,1,3
12,06,05,088,120605088,LOMA PALMA,2,POBLADO COMPLETO,1,3
12,06,05,096,120605096,BUENOS AIRES,2,POBLADO COMPLETO,1,3
12,06,05,097,120605097,COCOITUBIDE,2,POBLADO COMPLETO,1,3
12,06,05,098,120605098,CHIVOTE,3,POBLADO PARTE,1,3
12,06,05,099,120605099,NUTIVI OCCIDENTE,2,POBLADO COMPLETO,1,3
12,06,05,100,120605100,OCUGONTE,3,POBLADO PARTE,1,3
12,06,05,102,120605102,PARAÍSO,2,POBLADO COMPLETO,1,3
12,06,05,103,120605103,SIRAÍN ABAJO,2,POBLADO COMPLETO,1,3
12,06,05,105,120605105,CORARI,2,POBLADO COMPLETO,1,3
12,06,05,106,120605106,TULURICUDETE,2,POBLADO COMPLETO,1,3
12,06,05,107,120605107,LOMA PALMA ARRIBA,2,POBLADO COMPLETO,1,3
12,06,05,108,120605108,MORODONI,2,POBLADO COMPLETO,1,3
12,06,05,109,120605109,SIBIN ABAJO,2,POBLADO COMPLETO,1,3
12,06,05,110,120605110,TABOIN,2,POBLADO COMPLETO,1,3
12,06,06,008,120606008,MAYO,2,POBLADO COMPLETO,1,3
12,06,06,009,120606009,CERRO PUERCO O ALTO COMEN,2,POBLADO COMPLETO,1,3
12,06,06,087,120606087,MÜNÜNI No.3,2,POBLADO COMPLETO,1,3
12,06,06,116,120606116,MIRONES O QUEBRADA MIRONES,1,CABECERA,1,3
12,06,06,122,120606122,TRINCHERA,2,POBLADO COMPLETO,1,3
12,06,06,130,120606130,GAVILÁN,2,POBLADO COMPLETO,1,3
12,06,06,133,120606133,CERRO LORO U ORETE,2,POBLADO COMPLETO,1,3
12,06,06,135,120606135,PEDREGAL,2,POBLADO COMPLETO,1,3
12,06,06,148,120606148,MALOBIDI O MALUBDI,2,POBLADO COMPLETO,1,3
12,06,06,155,120606155,OREBIDI U OREBITI,2,POBLADO COMPLETO,1,3
12,06,06,165,120606165,SINETI,2,POBLADO COMPLETO,1,3
12,06,06,166,120606166,ALTO CRUZ,2,POBLADO COMPLETO,1,3
12,06,06,167,120606167,ALTO LORO O OREDUBITI,2,POBLADO COMPLETO,1,3
12,06,06,168,120606168,BOLOTUBITI,2,POBLADO COMPLETO,1,3
12,06,06,169,120606169,CABALLERO NUTO,2,POBLADO COMPLETO,1,3
12,06,06,170,120606170,CERRO BALSA,2,POBLADO COMPLETO,1,3
12,06,06,171,120606171,DIVOTE,3,POBLADO PARTE,1,3
12,06,06,172,120606172,MARARI,2,POBLADO COMPLETO,1,3
12,06,06,173,120606173,MUNUNIBOTE,2,POBLADO COMPLETO,2,3
12,06,06,174,120606174,TIBRA,2,POBLADO COMPLETO,1,3
12,06,06,175,120606175,VALLE COMÚN,2,POBLADO COMPLETO,1,3
12,06,07,006,120607006,QUEBRADA CAMARÓN O DRUGADABIDI,2,POBLADO COMPLETO,1,3
12,06,07,009,120607009,CREMANTE O NIRIONTE,2,POBLADO COMPLETO,1,3
12,06,07,011,120607011,CUBATE,2,POBLADO COMPLETO,1,3
12,06,07,013,120607013,ISAINTE,2,POBLADO COMPLETO,1,3
12,06,07,028,120607028,PIEDRA ROJA O TATAINE,1,CABECERA,1,3
12,06,07,032,120607032,SIROTE,2,POBLADO COMPLETO,1,3
12,06,07,050,120607050,OJO DE AGUA,2,POBLADO COMPLETO,1,3
12,06,07,071,120607071,CERRO CENIZA,2,POBLADO COMPLETO,1,3
12,06,07,077,120607077,BOLONTE,2,POBLADO COMPLETO,1,3
12,06,07,080,120607080,BULITE,2,POBLADO COMPLETO,1,3
12,06,07,089,120607089,CEMENTERIO O RUGABIDO,2,POBLADO COMPLETO,1,3
12,06,07,092,120607092,CERRO BLANCO,2,POBLADO COMPLETO,1,3
12,06,07,098,120607098,CERRO ESCOPETA,2,POBLADO COMPLETO,1,3
12,06,07,110,120607110,HACHA,2,POBLADO COMPLETO,1,3
12,06,07,115,120607115,LOMA BALLENA O TROTUBITI,2,POBLADO COMPLETO,1,3
12,06,07,117,120607117,LOMA CEREBRO,2,POBLADO COMPLETO,1,3
12,06,07,120,120607120,LOMA MONO,2,POBLADO COMPLETO,1,3
12,06,07,122,120607122,MADOTE,2,POBLADO COMPLETO,1,3
12,06,07,124,120607124,MEDINGUMBOTA,2,POBLADO COMPLETO,1,3
12,06,07,127,120607127,MURUTE,2,POBLADO COMPLETO,1,3
12,06,07,130,120607130,NIVITONTE,2,POBLADO COMPLETO,1,3
12,06,07,131,120607131,NOMONONTE,2,POBLADO COMPLETO,1,3
12,06,07,132,120607132,OREGOTE,2,POBLADO COMPLETO,1,3
12,06,07,133,120607133,OREJA DE PIEDRA,2,POBLADO COMPLETO,1,3
12,06,07,145,120607145,QUEBRADA BOLLO O SATE,2,POBLADO COMPLETO,1,3
12,06,07,146,120607146,QUEBRADA CATARRO,2,POBLADO COMPLETO,1,2
12,06,07,153,120607153,QUEBRADA MANTA,2,POBLADO COMPLETO,1,3
12,06,07,154,120607154,QUEBRADA MARIPOSA O MALANTE,2,POBLADO COMPLETO,1,3
12,06,07,158,120607158,QUEBRADA VISTA O MIGARIDETE,2,POBLADO COMPLETO,1,3
12,06,07,160,120607160,REMEDIO,2,POBLADO COMPLETO,1,3
12,06,07,164,120607164,RURIGOTE O RÍO GUERRA,2,POBLADO COMPLETO,1,3
12,06,07,165,120607165,SULOBOTI O SULOBITI,2,POBLADO COMPLETO,1,3
12,06,07,168,120607168,TRORIGOTE,2,POBLADO COMPLETO,1,3
12,06,07,172,120607172,BAJO NORO,2,POBLADO COMPLETO,1,3
12,06,07,173,120607173,BRINIBOTO,2,POBLADO COMPLETO,1,3
12,06,07,174,120607174,BRINIQUIDETE,2,POBLADO COMPLETO,1,3
12,06,07,176,120607176,CABECERA DE QUEBRADA ARENA,2,POBLADO COMPLETO,1,3
12,06,07,177,120607177,CERRO CAPACHO O TOGRATE,2,POBLADO COMPLETO,1,3
12,06,07,178,120607178,CERRO CUBA O CUBATE,2,POBLADO COMPLETO,1,3
12,06,07,179,120607179,CERRO HOMO O NGÄBÄTUBITI,2,POBLADO COMPLETO,1,3
12,06,07,182,120607182,CERRO PISTOLA O GRUTE,2,POBLADO COMPLETO,1,3
12,06,07,186,120607186,CIGURIDIRETE,2,POBLADO COMPLETO,1,3
12,06,07,187,120607187,CIOROTE,2,POBLADO COMPLETO,1,3
12,06,07,188,120607188,COLORAO O NUTAINGOTE,2,POBLADO COMPLETO,1,3
12,06,07,190,120607190,CRODOBITI,2,POBLADO COMPLETO,1,3
12,06,07,191,120607191,CUIRAGOTE,2,POBLADO COMPLETO,1,3
12,06,07,192,120607192,CUORIGOTE,2,POBLADO COMPLETO,1,3
12,06,07,193,120607193,DESEMBOCADURA DE MÜNÜNI,2,POBLADO COMPLETO,1,3
12,06,07,194,120607194,DOBROTE,2,POBLADO COMPLETO,1,3
12,06,07,202,120607202,KIKLINBITI,2,POBLADO COMPLETO,1,3
12,06,07,203,120607203,LOMA CABALLO O MODOTE,2,POBLADO COMPLETO,1,3
12,06,07,204,120607204,LOMA YUCA,2,POBLADO COMPLETO,1,3
12,06,07,206,120607206,MACHETE O JIDRATE,2,POBLADO COMPLETO,1,3
12,06,07,207,120607207,METOTE,2,POBLADO COMPLETO,1,3
12,06,07,208,120607208,MIGROI,2,POBLADO COMPLETO,1,3
12,06,07,209,120607209,MIRUNDI,2,POBLADO COMPLETO,1,3
12,06,07,210,120607210,MUDOBITI,2,POBLADO COMPLETO,1,3
12,06,07,211,120607211,MUNEBIDI,2,POBLADO COMPLETO,1,3
12,06,07,212,120607212,MUNIGOTE,2,POBLADO COMPLETO,1,3
12,06,07,213,120607213,NIMANDUBITI,2,POBLADO COMPLETO,1,3
12,06,07,214,120607214,NIRIOLOTE,2,POBLADO COMPLETO,1,3
12,06,07,215,120607215,NOBOROTE,2,POBLADO COMPLETO,1,3
12,06,07,216,120607216,NOGRIGOTE,2,POBLADO COMPLETO,1,3
12,06,07,217,120607217,NOMONOE,2,POBLADO COMPLETO,1,3
12,06,07,218,120607218,NOROBITE,2,POBLADO COMPLETO,1,3
12,06,07,219,120607219,NUTE,2,POBLADO COMPLETO,1,3
12,06,07,220,120607220,OCUATE,2,POBLADO COMPLETO,1,3
12,06,07,221,120607221,OGUNTE,2,POBLADO COMPLETO,1,3
12,06,07,222,120607222,QUEALATE,2,POBLADO COMPLETO,1,3
12,06,07,223,120607223,QUEBRADA ARENA,2,POBLADO COMPLETO,1,3
12,06,07,226,120607226,QUEBRADA DIETA O WINBEDA,2,POBLADO COMPLETO,1,3
12,06,07,227,120607227,QUEBRADA GUAYABA,2,POBLADO COMPLETO,1,3
12,06,07,229,120607229,QUEBRADA IDA,2,POBLADO COMPLETO,1,3
12,06,07,232,120607232,DOBORIBOTO,2,POBLADO COMPLETO,2,3
12,06,07,233,120607233,RÍO PIEDRA O OREBOTO,2,POBLADO COMPLETO,1,3
12,06,07,234,120607234,RUIBIDI,2,POBLADO COMPLETO,1,3
12,06,07,235,120607235,SITIBIRIQUIDETE,2,POBLADO COMPLETO,1,3
12,06,07,236,120607236,TIBITE,2,POBLADO COMPLETO,1,3
12,06,07,238,120607238,TROROBITE,2,POBLADO COMPLETO,1,3
12,06,07,239,120607239,TUGRADOTE,2,POBLADO COMPLETO,1,3
12,06,07,240,120607240,TURURY,2,POBLADO COMPLETO,1,3
12,06,07,242,120607242,DIVOTE,3,POBLADO PARTE,1,3
12,06,07,243,120607243,QUEBRADA NEGRA,2,POBLADO COMPLETO,1,3
12,06,07,245,120607245,GURUNTE No.1,2,POBLADO COMPLETO,1,3
12,06,07,247,120607247,NUDE No.2,2,POBLADO COMPLETO,1,3
12,06,07,248,120607248,MÜNÜNI No.2 O MUNUNIGOTO,3,POBLADO PARTE,1,3
12,06,07,249,120607249,BELLA VISTA,2,POBLADO COMPLETO,2,3
12,06,07,250,120607250,DOMINGO O BOMOOBYTI,2,POBLADO COMPLETO,1,3
12,06,07,251,120607251,SUGWAIKOTE,2,POBLADO COMPLETO,1,3
12,06,07,252,120607252,CRUNINGOTE,2,POBLADO COMPLETO,1,3
12,06,07,253,120607253,RINIKEA,2,POBLADO COMPLETO,1,3
12,06,07,254,120607254,BONGO O CANADÁ,3,POBLADO PARTE,1,3
12,06,07,255,120607255,CARACOL,3,POBLADO PARTE,1,3
12,06,10,001,120610001,ALTO MONO,2,POBLADO COMPLETO,1,3
12,06,10,002,120610002,BOCA DE ARENA O HUMANIGOTE,2,POBLADO COMPLETO,1,3
12,06,10,003,120610003,CALANTE,1,CABECERA,1,3
12,06,10,004,120610004,CHIVOTE,3,POBLADO PARTE,1,3
12,06,10,005,120610005,EL LIMÓN,2,POBLADO COMPLETO,1,3
12,06,10,006,120610006,JOGUATARY,2,POBLADO COMPLETO,1,3
12,06,10,007,120610007,LOMA ARENA,2,POBLADO COMPLETO,1,3
12,06,10,008,120610008,NOTENTE,2,POBLADO COMPLETO,1,3
12,06,10,009,120610009,OCUGONTE,3,POBLADO PARTE,2,3
12,06,10,010,120610010,ODOBATE,3,POBLADO PARTE,1,3
12,06,10,011,120610011,OLARI,2,POBLADO COMPLETO,1,3
12,06,10,012,120610012,PUERTO CUITE,2,POBLADO COMPLETO,1,3
12,06,10,013,120610013,QUEBRADA TIGRI,2,POBLADO COMPLETO,1,3
12,06,10,014,120610014,QUICATUBITE,2,POBLADO COMPLETO,1,3
12,06,10,015,120610015,RÍO GRANDE,3,POBLADO PARTE,1,3
12,06,10,016,120610016,SOLAITE O TOLAITE,3,POBLADO PARTE,1,3
12,06,10,017,120610017,VERÓN,2,POBLADO COMPLETO,1,3
12,06,10,018,120610018,SICLETE,2,POBLADO COMPLETO,1,3
12,06,11,001,120611001,ALTO CAÑA,2,POBLADO COMPLETO,1,3
12,06,11,002,120611002,ALTO SENIA,2,POBLADO COMPLETO,1,3
12,06,11,003,120611003,BALMITO SUICHE,2,POBLADO COMPLETO,1,3
12,06,11,004,120611004,BOCA DE RÍO BALSA,2,POBLADO COMPLETO,1,3
12,06,11,005,120611005,BRISA,2,POBLADO COMPLETO,1,3
12,06,11,006,120611006,CABECERA DE LORO U ORETE,2,POBLADO COMPLETO,1,3
12,06,11,007,120611007,CABECERA DE RÍO BALSA,2,POBLADO COMPLETO,1,3
12,06,11,008,120611008,CABECERA DE TOLAIDE,2,POBLADO COMPLETO,1,3
12,06,11,009,120611009,CANTE BLADIBE,2,POBLADO COMPLETO,1,3
12,06,11,010,120611010,CERRO AGUACATE O CLEBAITE,2,POBLADO COMPLETO,1,3
12,06,11,011,120611011,CERRO CANGREJO,2,POBLADO COMPLETO,1,3
12,06,11,012,120611012,CERRO CAÑA,2,POBLADO COMPLETO,1,3
12,06,11,013,120611013,CERRO CONEJO O ÑODUBIDI,2,POBLADO COMPLETO,1,3
12,06,11,014,120611014,CERRO PICANTE,2,POBLADO COMPLETO,1,3
12,06,11,015,120611015,CERRO PUERCO,2,POBLADO COMPLETO,1,3
12,06,11,016,120611016,CERRO ROBLE,2,POBLADO COMPLETO,1,3
12,06,11,017,120611017,CERRO TIJERA O SURDUBOTO,2,POBLADO COMPLETO,1,3
12,06,11,018,120611018,CERRO ZORRA O CUDOBIDI,2,POBLADO COMPLETO,1,3
12,06,11,019,120611019,DOLEGA,2,POBLADO COMPLETO,1,3
12,06,11,020,120611020,EL GUABO,2,POBLADO COMPLETO,1,3
12,06,11,021,120611021,ENTRADA DE HACHA,2,POBLADO COMPLETO,2,3
12,06,11,022,120611022,GAVILÁN O MODUBUTO,2,POBLADO COMPLETO,1,3
12,06,11,023,120611023,GRONIGRETE,2,POBLADO COMPLETO,1,3
12,06,11,024,120611024,GUORICOTE,2,POBLADO COMPLETO,1,3
12,06,11,025,120611025,GURUNTE No.2,2,POBLADO COMPLETO,1,3
12,06,11,026,120611026,IYOBOTO O CERRO MAÍZ,2,POBLADO COMPLETO,1,3
12,06,11,027,120611027,LOS SANTOS,2,POBLADO COMPLETO,1,3
12,06,11,028,120611028,MANDE MANCHIULA,2,POBLADO COMPLETO,1,3
12,06,11,029,120611029,NEGRA ROJA O CERRO VENADO,2,POBLADO COMPLETO,1,3
12,06,11,031,120611031,ÑURUNDE O AGUA DE SALUD,2,POBLADO COMPLETO,1,3
12,06,11,032,120611032,ORIENTE,2,POBLADO COMPLETO,1,3
12,06,11,033,120611033,PIEDRA MANO O PUNTA PIEDRA,2,POBLADO COMPLETO,1,3
12,06,11,035,120611035,QUEBRADA ARENA No.1 O JUANIGUIDETE,2,POBLADO COMPLETO,1,3
12,06,11,036,120611036,QUEBRADA ARENA U OMANIGOTE,2,POBLADO COMPLETO,1,3
12,06,11,037,120611037,QUEBRADA BARRANCO,2,POBLADO COMPLETO,1,3
12,06,11,038,120611038,QUEBRADA BEJUCO No.2,2,POBLADO COMPLETO,1,3
12,06,11,039,120611039,QUEBRADA BEJUCO O CORIBODO,2,POBLADO COMPLETO,1,3
12,06,11,040,120611040,QUEBRADA CATARRO No.1,2,POBLADO COMPLETO,1,3
12,06,11,041,120611041,QUEBRADA CONGO,2,POBLADO COMPLETO,1,3
12,06,11,043,120611043,QUEBRADA FLOR O BABARIGUIDETE,2,POBLADO COMPLETO,1,3
12,06,11,044,120611044,QUEBRADA HACHA ARRIBA,2,POBLADO COMPLETO,1,3
12,06,11,045,120611045,QUEBRADA NUEVA O YOMOROBOTO,2,POBLADO COMPLETO,1,3
12,06,11,046,120611046,QUEBRADA TIGRE,2,POBLADO COMPLETO,1,3
12,06,11,048,120611048,QUEBRADA ZAÍNO O TIROGUDE,2,POBLADO COMPLETO,1,3
12,06,11,049,120611049,RÍO FLORES,2,POBLADO COMPLETO,1,3
12,06,11,050,120611050,RÍO TOLAIDE O MADRIKOTE,2,POBLADO COMPLETO,1,3
12,06,11,051,120611051,SUICHE O QUEBRADA SUICHE,2,POBLADO COMPLETO,1,3
12,06,11,052,120611052,TOBORIGRETE,2,POBLADO COMPLETO,1,3
12,06,11,053,120611053,TOLOTE O ÑOKOTOABITE,1,CABECERA,1,3
12,06,11,054,120611054,URARA O URARATUBIDI,2,POBLADO COMPLETO,1,3
12,06,11,055,120611055,URIBITO O QUEBRADA HACHA,2,POBLADO COMPLETO,1,3
12,06,11,056,120611056,CERRO TIJERA,2,POBLADO COMPLETO,1,3
12,06,11,057,120611057,CERRO VISITA FLOR O MILLIDUBITI,2,POBLADO COMPLETO,1,3
12,06,11,058,120611058,GUAYABO,2,POBLADO COMPLETO,1,3
12,06,11,059,120611059,ALTO LORO,2,POBLADO COMPLETO,1,3
12,06,11,060,120611060,CERRO GAVILÁN,2,POBLADO COMPLETO,1,3
12,06,11,061,120611061,CERRO HUACA O CRURIBETE,2,POBLADO COMPLETO,1,3
12,06,11,062,120611062,CERRO PISTOLA O CRURIBOTA,2,POBLADO COMPLETO,1,3
12,06,11,063,120611063,CRONIGOTE,2,POBLADO COMPLETO,1,3
12,06,11,064,120611064,TOBORIGUETE,2,POBLADO COMPLETO,1,3
12,06,11,065,120611065,TUNNITUBITI,2,POBLADO COMPLETO,1,3
12,06,11,066,120611066,BONGO O CANADÁ,3,POBLADO PARTE,1,3
12,06,11,067,120611067,CERRO ESPEJO,2,POBLADO COMPLETO,1,3
12,07,01,002,120701002,CAYO GUANTE,2,POBLADO COMPLETO,1,3
12,07,01,003,120701003,CAYO PALOMA O PIGEON CAY,2,POBLADO COMPLETO,1,3
12,07,01,004,120701004,CUARIGONTE O QUEBRADA CACAO,2,POBLADO COMPLETO,1,3
12,07,01,005,120701005,ENSENADA O QUENAMOY,2,POBLADO COMPLETO,1,3
12,07,01,006,120701006,KUSAPÍN,1,CABECERA,1,3
12,07,01,007,120701007,LOMA TUCÁN O CUERETUBITI,2,POBLADO COMPLETO,1,3
12,07,01,008,120701008,MIRADOE O QUEBRADA AYER,2,POBLADO COMPLETO,1,3
12,07,01,009,120701009,NORINTUBOTO,2,POBLADO COMPLETO,1,3
12,07,01,010,120701010,PLAYA BALSA,2,POBLADO COMPLETO,1,3
12,07,01,011,120701011,PLAYA BASTÓN,2,POBLADO COMPLETO,1,3
12,07,01,012,120701012,PUNTA ALEGRE,2,POBLADO COMPLETO,1,3
12,07,01,013,120701013,PUNTA AVISPA,2,POBLADO COMPLETO,1,3
12,07,01,014,120701014,PUNTA UVA O GUACAMAYA,2,POBLADO COMPLETO,1,3
12,07,01,015,120701015,PUNTA VALIENTE,2,POBLADO COMPLETO,1,3
12,07,01,016,120701016,QUEBRADA HILO,2,POBLADO COMPLETO,1,3
12,07,01,017,120701017,QUEBRADA NASA,2,POBLADO COMPLETO,1,3
12,07,01,018,120701018,ISLA AVISPA,2,POBLADO COMPLETO,1,3
12,07,01,019,120701019,IBIARI,2,POBLADO COMPLETO,1,3
12,07,01,020,120701020,ISLA TIGRE,2,POBLADO COMPLETO,1,3
12,07,01,021,120701021,NIDORI,2,POBLADO COMPLETO,1,3
12,07,02,002,120702002,BAHÍA GRANDE,2,POBLADO COMPLETO,1,3
12,07,02,005,120702005,BUENA VISTA,2,POBLADO COMPLETO,1,3
12,07,02,006,120702006,BUCORI,2,POBLADO COMPLETO,1,3
12,07,02,020,120702020,MUTARI,2,POBLADO COMPLETO,1,3
12,07,02,022,120702022,PATICINKY O CAYO PATTERSON,2,POBLADO COMPLETO,1,3
12,07,02,024,120702024,PLAYA LORENZO,2,POBLADO COMPLETO,1,3
12,07,02,025,120702025,PLAYA VERDE,2,POBLADO COMPLETO,1,3
12,07,02,029,120702029,PUNTA TORO,2,POBLADO COMPLETO,1,3
12,07,02,033,120702033,PLAYA BAMBÚ,2,POBLADO COMPLETO,1,3
12,07,02,034,120702034,SECRETARIO O PALMAS BELLAS,2,POBLADO COMPLETO,1,3
12,07,02,036,120702036,SYRAIN O PUNTA SYRAIN,2,POBLADO COMPLETO,1,3
12,07,02,043,120702043,PUNTA GALLINAZO No.2,2,POBLADO COMPLETO,1,3
12,07,02,044,120702044,PUNTA GALLINAZO,2,POBLADO COMPLETO,1,3
12,07,02,045,120702045,COMUNIDAD TROTMAN,2,POBLADO COMPLETO,1,3
12,07,02,052,120702052,KEQUE MANE,2,POBLADO COMPLETO,1,3
12,07,02,055,120702055,MONTE VIRGEN O BOCOLA,2,POBLADO COMPLETO,1,3
12,07,02,057,120702057,PLAYA JOBO,2,POBLADO COMPLETO,1,3
12,07,02,058,120702058,PLAYA RAYA,2,POBLADO COMPLETO,1,3
12,07,02,059,120702059,BAHÍA AZUL,1,CABECERA,1,3
12,07,02,061,120702061,TABEBITI,2,POBLADO COMPLETO,1,3
12,07,02,065,120702065,AGOY,2,POBLADO COMPLETO,1,3
12,07,02,066,120702066,CANINGOTE,2,POBLADO COMPLETO,1,3
12,07,02,067,120702067,JOBORI,2,POBLADO COMPLETO,1,3
12,07,02,068,120702068,RÍO LORENZO ARRIBA O FRANKLIN,2,POBLADO COMPLETO,1,3
12,07,02,069,120702069,PLAYA HERMOSA,2,POBLADO COMPLETO,1,3
12,07,02,070,120702070,TABEBITI No.2 O NIBITI,2,POBLADO COMPLETO,1,3
12,07,02,072,120702072,PUNTA GALLINAZO No.1,2,POBLADO COMPLETO,1,3
12,07,02,073,120702073,QUEBRADA PEZ,2,POBLADO COMPLETO,1,3
12,07,02,074,120702074,GALLINA CHICA,2,POBLADO COMPLETO,1,3
12,07,02,075,120702075,QUEBRADA RUARI,2,POBLADO COMPLETO,1,3
12,07,02,076,120702076,TORIBIOTE,2,POBLADO COMPLETO,1,3
12,07,05,002,120705002,ARIONDA,2,POBLADO COMPLETO,1,3
12,07,05,005,120705005,BEGABUDI,2,POBLADO COMPLETO,1,3
12,07,05,006,120705006,BITIGARU,2,POBLADO COMPLETO,1,3
12,07,05,007,120705007,BOCA DE RÍO CHIRIQUÍ,1,CABECERA,1,3
12,07,05,009,120705009,BUROTONI,2,POBLADO COMPLETO,1,3
12,07,05,010,120705010,BUROTE,2,POBLADO COMPLETO,1,3
12,07,05,013,120705013,CABECERA DE RÍO CAYUCO,2,POBLADO COMPLETO,1,3
12,07,05,016,120705016,CAMARÓN No.2,2,POBLADO COMPLETO,1,3
12,07,05,017,120705017,CAÑA BLANCA,2,POBLADO COMPLETO,1,3
12,07,05,018,120705018,CAÑAVERAL,3,POBLADO PARTE,1,3
12,07,05,019,120705019,CAÑO COLORADO ARRIBA O VALLE RICO,2,POBLADO COMPLETO,1,3
12,07,05,020,120705020,CERRO MANTA,2,POBLADO COMPLETO,1,3
12,07,05,022,120705022,CERRO PUERCO,2,POBLADO COMPLETO,1,3
12,07,05,023,120705023,CERRO SANTOS O GORONDUBEDA,2,POBLADO COMPLETO,1,3
12,07,05,024,120705024,CIRIRA,2,POBLADO COMPLETO,2,3
12,07,05,025,120705025,CLEATE,2,POBLADO COMPLETO,1,3
12,07,05,026,120705026,CUIRATE,2,POBLADO COMPLETO,1,3
12,07,05,028,120705028,QUEBRADA CAYUCO O DUÑUY,2,POBLADO COMPLETO,1,3
12,07,05,029,120705029,DORORI O BRODORI MEDIO,2,POBLADO COMPLETO,1,3
12,07,05,030,120705030,DOGUARIGOTE,2,POBLADO COMPLETO,1,3
12,07,05,031,120705031,DURU,2,POBLADO COMPLETO,1,3
12,07,05,034,120705034,GUATU,2,POBLADO COMPLETO,1,3
12,07,05,035,120705035,IBARI O QUEBRADA PICANTE,2,POBLADO COMPLETO,1,3
12,07,05,036,120705036,JODROTE,2,POBLADO COMPLETO,1,3
12,07,05,038,120705038,JUVARI,2,POBLADO COMPLETO,1,3
12,07,05,039,120705039,KARIGUIDETE,2,POBLADO COMPLETO,1,3
12,07,05,040,120705040,KIKARIGOTE O KIGARIGOTE,2,POBLADO COMPLETO,1,3
12,07,05,042,120705042,KUISOTE,2,POBLADO COMPLETO,1,3
12,07,05,043,120705043,KULLY,2,POBLADO COMPLETO,1,3
12,07,05,044,120705044,KUROTE,2,POBLADO COMPLETO,1,3
12,07,05,046,120705046,LIBRATE,2,POBLADO COMPLETO,1,3
12,07,05,047,120705047,LOMA DE RÍO CAÑAVERAL,2,POBLADO COMPLETO,1,3
12,07,05,048,120705048,MAINA,2,POBLADO COMPLETO,1,3
12,07,05,054,120705054,MUAY ABAJO,2,POBLADO COMPLETO,1,3
12,07,05,055,120705055,MUAY ARRIBA O CABECERA DE MUAY,2,POBLADO COMPLETO,1,3
12,07,05,056,120705056,MURUTE,2,POBLADO COMPLETO,1,3
12,07,05,057,120705057,NIDANGOTE,2,POBLADO COMPLETO,1,3
12,07,05,058,120705058,NUDODIVIDI,2,POBLADO COMPLETO,1,3
12,07,05,059,120705059,NURINDE,2,POBLADO COMPLETO,1,3
12,07,05,060,120705060,ÑODOLENTE,2,POBLADO COMPLETO,1,3
12,07,05,062,120705062,OBATU,2,POBLADO COMPLETO,1,3
12,07,05,063,120705063,ODOBARI,2,POBLADO COMPLETO,1,3
12,07,05,066,120705066,ORORI,2,POBLADO COMPLETO,1,3
12,07,05,068,120705068,PANTÁN O BOCA DE RÍO CAÑA,3,POBLADO PARTE,1,3
12,07,05,069,120705069,QUEBRADA CEDRO O RÍO CEDRO,2,POBLADO COMPLETO,1,3
12,07,05,073,120705073,RANCHO,2,POBLADO COMPLETO,1,3
12,07,05,078,120705078,RÍO PIEDRA,3,POBLADO PARTE,1,3
12,07,05,079,120705079,SAMINDI,2,POBLADO COMPLETO,1,3
12,07,05,082,120705082,SAN PEDRO ABAJO,2,POBLADO COMPLETO,1,3
12,07,05,083,120705083,SARDINA,2,POBLADO COMPLETO,1,3
12,07,05,084,120705084,SICIDE,2,POBLADO COMPLETO,1,3
12,07,05,085,120705085,SORONI,2,POBLADO COMPLETO,1,3
12,07,05,086,120705086,SULIDU,2,POBLADO COMPLETO,1,3
12,07,05,087,120705087,TIRITE O TIRETE,2,POBLADO COMPLETO,1,3
12,07,05,089,120705089,TUBITU,2,POBLADO COMPLETO,1,3
12,07,05,090,120705090,URO,2,POBLADO COMPLETO,1,3
12,07,05,091,120705091,VEGAY,2,POBLADO COMPLETO,1,3
12,07,05,092,120705092,BONGLON,2,POBLADO COMPLETO,1,3
12,07,05,093,120705093,CAÑO LAGARTO,2,POBLADO COMPLETO,1,3
12,07,05,094,120705094,SIROTE,3,POBLADO PARTE,1,3
12,07,05,099,120705099,TIGER HEAD O PLAYA TIGRE,2,POBLADO COMPLETO,1,3
12,07,05,100,120705100,MANGO No.2,2,POBLADO COMPLETO,1,3
12,07,05,103,120705103,AGUAS SALUD ESCALA,2,POBLADO COMPLETO,1,3
12,07,05,104,120705104,BRORORI ABAJO,2,POBLADO COMPLETO,1,3
12,07,05,105,120705105,BRORORI ARRIBA,2,POBLADO COMPLETO,1,3
12,07,05,106,120705106,BRURI,2,POBLADO COMPLETO,1,3
12,07,05,107,120705107,CAMARÓN,2,POBLADO COMPLETO,1,3
12,07,05,108,120705108,CERRO CAPILLA O MERABOTA,2,POBLADO COMPLETO,1,3
12,07,05,109,120705109,CERRO PUERCO ARRIBA,2,POBLADO COMPLETO,1,3
12,07,05,110,120705110,DUDOBODA,2,POBLADO COMPLETO,1,3
12,07,05,111,120705111,GAVILÁN,2,POBLADO COMPLETO,1,3
12,07,05,112,120705112,JUBIDI,2,POBLADO COMPLETO,1,3
12,07,05,113,120705113,KRUGOTE,2,POBLADO COMPLETO,1,3
12,07,05,114,120705114,ÑORONTE,2,POBLADO COMPLETO,1,3
12,07,05,115,120705115,ÑURUNTE,2,POBLADO COMPLETO,1,3
12,07,05,116,120705116,PIEDRA CRUZ,2,POBLADO COMPLETO,1,3
12,07,05,117,120705117,PIEDRA CRUZ ARRIBA,2,POBLADO COMPLETO,1,3
12,07,05,118,120705118,QUEBRADA BAMBÚ,2,POBLADO COMPLETO,1,3
12,07,05,119,120705119,QUELIATE,2,POBLADO COMPLETO,1,3
12,07,05,120,120705120,UMANDU,2,POBLADO COMPLETO,1,3
12,07,05,121,120705121,URABIDI,2,POBLADO COMPLETO,1,3
12,07,05,122,120705122,ROTE,2,POBLADO COMPLETO,1,3
12,07,05,123,120705123,JOROTONI,2,POBLADO COMPLETO,1,3
12,07,05,124,120705124,MORORI O NORARI,2,POBLADO COMPLETO,1,3
12,07,06,005,120706005,BURORI O BURARI,2,POBLADO COMPLETO,1,3
12,07,06,020,120706020,SHARK HOLE,2,POBLADO COMPLETO,1,3
12,07,06,052,120706052,PANTAN O BOCA DE RÍO CAÑA,3,POBLADO PARTE,1,3
12,07,06,054,120706054,PUNTA ESCONDIDA,2,POBLADO COMPLETO,1,3
12,07,06,055,120706055,PUNTA FIEBRE,2,POBLADO COMPLETO,1,3
12,07,06,060,120706060,QUEBRADA MOTOMBA,2,POBLADO COMPLETO,1,3
12,07,06,065,120706065,RÍO BONITO,2,POBLADO COMPLETO,1,3
12,07,06,079,120706079,TOBOBE,1,CABECERA,1,3
12,07,06,085,120706085,POTET,2,POBLADO COMPLETO,1,3
12,07,06,086,120706086,PUNTA ICACO O PUNTA COCO PLOM,2,POBLADO COMPLETO,1,3
12,07,06,087,120706087,PLAYA ROJA,2,POBLADO COMPLETO,1,3
12,07,06,088,120706088,OLD BEST O PLAYA OLD BEST,2,POBLADO COMPLETO,1,3
12,07,06,094,120706094,PUEBLO NUEVO No.1,2,POBLADO COMPLETO,1,3
12,07,06,193,120706193,BAHÍA ESCONDIDA,2,POBLADO COMPLETO,1,3
12,07,06,194,120706194,PUNTA NÍSPERO,2,POBLADO COMPLETO,1,3
12,07,06,198,120706198,KUENANIGOTE,2,POBLADO COMPLETO,1,3
12,07,06,200,120706200,QUEBRADA QUENANI,2,POBLADO COMPLETO,1,3
12,07,06,204,120706204,DAMANI,2,POBLADO COMPLETO,1,3
12,07,06,205,120706205,MESELE,2,POBLADO COMPLETO,1,3
12,07,06,206,120706206,QUEBRADA YUCA,2,POBLADO COMPLETO,1,3
12,07,08,001,120708001,BIRATE,2,POBLADO COMPLETO,1,3
12,07,08,002,120708002,CABECERA DE RÍO CHICO,2,POBLADO COMPLETO,1,3
12,07,08,003,120708003,CABEZA DE TORO O NIDOBIDI,2,POBLADO COMPLETO,1,3
12,07,08,004,120708004,CAÑAVERAL,4,CABECERA PARTE (Mixto),1,3
12,07,08,005,120708005,CLEROTE,2,POBLADO COMPLETO,1,3
12,07,08,006,120708006,CUGLUGROY,2,POBLADO COMPLETO,1,3
12,07,08,007,120708007,DOBORI,2,POBLADO COMPLETO,1,3
12,07,08,008,120708008,EIMITY,2,POBLADO COMPLETO,1,3
12,07,08,009,120708009,ESSEY ARRIBA,2,POBLADO COMPLETO,1,3
12,07,08,010,120708010,ESSEY CHI,2,POBLADO COMPLETO,1,3
12,07,08,011,120708011,IGLETE,2,POBLADO COMPLETO,1,3
12,07,08,012,120708012,JOGLATE,2,POBLADO COMPLETO,1,3
12,07,08,013,120708013,KIARRI,2,POBLADO COMPLETO,1,3
12,07,08,014,120708014,KLEAY,2,POBLADO COMPLETO,1,3
12,07,08,015,120708015,KURORI,2,POBLADO COMPLETO,1,3
12,07,08,016,120708016,MIRARI,2,POBLADO COMPLETO,1,3
12,07,08,017,120708017,MUATE,2,POBLADO COMPLETO,1,3
12,07,08,018,120708018,MURIBITE O MURIBITI,2,POBLADO COMPLETO,1,3
12,07,08,019,120708019,MURIGOTE,2,POBLADO COMPLETO,1,3
12,07,08,020,120708020,ÑOBLOTE,2,POBLADO COMPLETO,1,3
12,07,08,021,120708021,PICARA,2,POBLADO COMPLETO,1,3
12,07,08,022,120708022,PUEBLO NUEVO No.2,2,POBLADO COMPLETO,1,3
12,07,08,023,120708023,QUEBRADA SUEGRO O UGLUTE,2,POBLADO COMPLETO,1,3
12,07,08,024,120708024,RINCONTE,2,POBLADO COMPLETO,1,3
12,07,08,025,120708025,RÍO CHICO,2,POBLADO COMPLETO,1,3
12,07,08,026,120708026,RÍO VIENTO,2,POBLADO COMPLETO,1,3
12,07,08,028,120708028,RITTI,2,POBLADO COMPLETO,1,3
12,07,08,029,120708029,RUITIUBITI,2,POBLADO COMPLETO,1,3
12,07,08,030,120708030,SABIOTE,2,POBLADO COMPLETO,1,3
12,07,08,031,120708031,SIROTE,3,POBLADO PARTE,1,3
12,07,08,032,120708032,TEBATUS O TIBALTIBUTO,2,POBLADO COMPLETO,1,3
12,07,08,033,120708033,TORONTE,2,POBLADO COMPLETO,1,3
12,07,08,034,120708034,UGUERIGOTE,2,POBLADO COMPLETO,1,3
12,07,08,035,120708035,VISIRI,2,POBLADO COMPLETO,1,3
12,07,08,036,120708036,VISITUBITE,2,POBLADO COMPLETO,1,3
12,07,08,037,120708037,JOGUNTE,2,POBLADO COMPLETO,1,3
12,07,08,038,120708038,KIGAÑOY,2,POBLADO COMPLETO,1,3
12,07,08,039,120708039,MANIGOTE O KEKE MANICOTE,2,POBLADO COMPLETO,1,3
12,08,01,001,120801001,ALTO PITA,2,POBLADO COMPLETO,1,3
12,08,01,002,120801002,ALTO TIGRE,2,POBLADO COMPLETO,1,3
12,08,01,003,120801003,ARENA,3,POBLADO PARTE,1,3
12,08,01,004,120801004,CABECERA DE ALMEJA,2,POBLADO COMPLETO,1,3
12,08,01,005,120801005,CASIRA,2,POBLADO COMPLETO,1,3
12,08,01,006,120801006,CERRO MONO,2,POBLADO COMPLETO,1,3
12,08,01,007,120801007,CERRO PENCA,3,POBLADO PARTE,1,3
12,08,01,008,120801008,CERRO TABACO,2,POBLADO COMPLETO,1,3
12,08,01,009,120801009,CHIVORI GRANDE,2,POBLADO COMPLETO,1,3
12,08,01,010,120801010,COCLESITO,3,POBLADO PARTE,1,3
12,08,01,011,120801011,GUARUMO,2,POBLADO COMPLETO,1,3
12,08,01,012,120801012,LLANURA,2,POBLADO COMPLETO,1,3
12,08,01,013,120801013,LOMA TIBITI,2,POBLADO COMPLETO,1,3
12,08,01,014,120801014,PALMA BELLA,2,POBLADO COMPLETO,1,3
12,08,01,015,120801015,PUNTA SIRAIN,2,POBLADO COMPLETO,1,3
12,08,01,016,120801016,QUEBRADA ALMEJA,2,POBLADO COMPLETO,1,3
12,08,01,017,120801017,QUEBRADA BURI,2,POBLADO COMPLETO,1,3
12,08,01,018,120801018,QUEBRADA CAYUCO ARRIBA,2,POBLADO COMPLETO,1,3
12,08,01,019,120801019,QUEBRADA CAYUCO O SAMBOA,1,CABECERA,1,3
12,08,01,020,120801020,QUEBRADA CHOGORRO,2,POBLADO COMPLETO,1,3
12,08,01,021,120801021,QUEBRADA COCUYO O TOBORI,3,POBLADO PARTE,1,3
12,08,01,022,120801022,QUEBRADA GUANÁBANO,2,POBLADO COMPLETO,1,3
12,08,01,023,120801023,QUEBRADA TUCÁN,2,POBLADO COMPLETO,1,3
12,08,01,024,120801024,QUEBRADA VENADO O BURARI,2,POBLADO COMPLETO,1,3
12,08,01,025,120801025,QUEBRADA ZORRA O MINA ZORRA,2,POBLADO COMPLETO,1,3
12,08,01,026,120801026,SAGUITE,2,POBLADO COMPLETO,1,3
12,08,01,027,120801027,SANTA MARTA,3,POBLADO PARTE,1,3
12,08,01,028,120801028,SULIARI,2,POBLADO COMPLETO,1,3
12,08,01,029,120801029,YOLON,2,POBLADO COMPLETO,1,3
12,08,01,030,120801030,PUERTO CUTE,2,POBLADO COMPLETO,2,3
12,08,01,031,120801031,NIGUINDUBATA,3,POBLADO PARTE,1,3
12,08,01,032,120801032,PIÑA,2,POBLADO COMPLETO,1,3
12,08,02,001,120802001,ALTOS DEL VALLE,2,POBLADO COMPLETO,1,3
12,08,02,002,120802002,BARRANQUILLA No.3,3,POBLADO PARTE,1,3
12,08,02,004,120802004,BUENA VISTA,2,POBLADO COMPLETO,1,3
12,08,02,005,120802005,LA LOMITA,2,POBLADO COMPLETO,1,3
12,08,02,006,120802006,CARACOL O GUARI,2,POBLADO COMPLETO,1,3
12,08,02,007,120802007,EL GUABO,2,POBLADO COMPLETO,1,3
12,08,02,008,120802008,EL VALLE,2,POBLADO COMPLETO,1,3
12,08,02,009,120802009,GUABITO O PALMITA ARRIBA,2,POBLADO COMPLETO,1,3
12,08,02,010,120802010,GUARUMITO,3,POBLADO PARTE,1,3
12,08,02,011,120802011,GUAYABAL,2,POBLADO COMPLETO,1,3
12,08,02,012,120802012,HIGUERÓN,3,POBLADO PARTE,1,3
12,08,02,013,120802013,HIGUERÓN MELLIZOS ARRIBA,3,POBLADO PARTE,1,3
12,08,02,014,120802014,LA VERRUGOSA,2,POBLADO COMPLETO,1,3
12,08,02,015,120802015,LAJAS,2,POBLADO COMPLETO,1,3
12,08,02,016,120802016,MALI,2,POBLADO COMPLETO,1,3
12,08,02,017,120802017,MUDRIGOTE,2,POBLADO COMPLETO,1,3
12,08,02,018,120802018,ORIENTE,2,POBLADO COMPLETO,1,3
12,08,02,020,120802020,PALO SECO,2,POBLADO COMPLETO,1,3
12,08,02,022,120802022,PUEBLO NUEVO,1,CABECERA,1,3
12,08,02,023,120802023,QUEBRADA DE PIEDRA,2,POBLADO COMPLETO,1,3
12,08,02,024,120802024,TOLOTE,2,POBLADO COMPLETO,1,3
12,08,02,025,120802025,VALLE ABAJO,2,POBLADO COMPLETO,1,3
12,08,02,026,120802026,ZULIARI,2,POBLADO COMPLETO,1,3
12,08,02,027,120802027,CERRO SILENCIO,2,POBLADO COMPLETO,1,3
12,08,02,028,120802028,GUALAQUITA O NUTIVI,2,POBLADO COMPLETO,1,3
12,08,02,029,120802029,LA PALMITA,2,POBLADO COMPLETO,1,3
12,08,02,030,120802030,NUEVA ESTRELLA ARRIBA,2,POBLADO COMPLETO,1,3
12,08,02,031,120802031,PALMITO,2,POBLADO COMPLETO,1,3
12,08,02,032,120802032,CAÑIZO,2,POBLADO COMPLETO,1,3
12,08,02,033,120802033,COMUNIDAD DE ALTO ORIENTE,2,POBLADO COMPLETO,1,3
12,08,02,034,120802034,MEDIO ORIENTE,2,POBLADO COMPLETO,1,3
12,08,02,035,120802035,NUEVA ESTRELLA,3,POBLADO PARTE,1,3
12,08,02,036,120802036,ALTO CLARO,3,POBLADO PARTE,1,3
12,08,02,037,120802037,ALTO BARRANQUILLA,2,POBLADO COMPLETO,1,3
12,08,02,038,120802038,LA PALMITA ARRIBA,2,POBLADO COMPLETO,1,3
12,08,03,007,120803007,BOCA DE MACHO,2,POBLADO COMPLETO,1,3
12,08,03,010,120803010,BOCA DE QUEBRADA TIGRE,2,POBLADO COMPLETO,1,3
12,08,03,011,120803011,BOCA DEL RÍO GUARIVIARA,3,POBLADO PARTE,1,3
12,08,03,015,120803015,CAÑO SUCIO No.1,2,POBLADO COMPLETO,1,3
12,08,03,020,120803020,CERRO ÑEQUE,2,POBLADO COMPLETO,1,3
12,08,03,021,120803021,CERRO RANA O PIEDRA ROJA,2,POBLADO COMPLETO,1,3
12,08,03,023,120803023,COCLESITO,3,POBLADO PARTE,1,3
12,08,03,024,120803024,CHALITE,2,POBLADO COMPLETO,1,3
12,08,03,027,120803027,DUDORI,2,POBLADO COMPLETO,1,3
12,08,03,031,120803031,JONONI,3,POBLADO PARTE,1,3
12,08,03,035,120803035,LOMA FELIZ,2,POBLADO COMPLETO,1,3
12,08,03,038,120803038,MANANTI CENTRO,3,POBLADO PARTE,1,3
12,08,03,040,120803040,MELEN,2,POBLADO COMPLETO,1,3
12,08,03,042,120803042,ÑUITANGOTE O GUALAQUITA,2,POBLADO COMPLETO,1,3
12,08,03,044,120803044,ODOGARI,2,POBLADO COMPLETO,1,3
12,08,03,048,120803048,QUEBRADA ARMADO O ÑURI,2,POBLADO COMPLETO,1,3
12,08,03,052,120803052,QUEBRADA CAMISA,2,POBLADO COMPLETO,1,3
12,08,03,053,120803053,QUEBRADA CARACOL O DRURI,2,POBLADO COMPLETO,1,3
12,08,03,056,120803056,QUEBRADA COCUYO O TOBORI,3,POBLADO PARTE,1,3
12,08,03,058,120803058,QUEBRADA DRURAY,2,POBLADO COMPLETO,1,3
12,08,03,065,120803065,QUEBRADA PICANTE,2,POBLADO COMPLETO,1,3
12,08,03,066,120803066,BOCA DE MACHO No.2 O QUEBRADA PIEDRA ANCHA,2,POBLADO COMPLETO,1,3
12,08,03,067,120803067,QUEBRADA ROJA O ÑUTAICOTE,2,POBLADO COMPLETO,1,3
12,08,03,068,120803068,QUEBRADA SÁBALO,2,POBLADO COMPLETO,1,3
12,08,03,069,120803069,QUEBRADA SAL,2,POBLADO COMPLETO,1,3
12,08,03,070,120803070,QUEBRADA TIGRE ARRIBA,2,POBLADO COMPLETO,1,3
12,08,03,071,120803071,QUEBRADA TRENE,2,POBLADO COMPLETO,1,3
12,08,03,072,120803072,QUEBRADA TULA,1,CABECERA,1,3
12,08,03,075,120803075,RÍO COY,3,POBLADO PARTE,1,3
12,08,03,077,120803077,RÍO SÁBALO,2,POBLADO COMPLETO,1,3
12,08,03,079,120803079,SAN FÉLIX,2,POBLADO COMPLETO,1,3
12,08,03,080,120803080,SANTA MARTA,3,POBLADO PARTE,1,3
12,08,03,081,120803081,SOLAITE O TOLAITE,3,POBLADO PARTE,1,3
12,08,03,082,120803082,TULA ARRIBA,2,POBLADO COMPLETO,1,3
12,08,03,084,120803084,CABECERA DE QUEBRADA ARMADO,2,POBLADO COMPLETO,1,3
12,08,03,085,120803085,CERRO PAILA,2,POBLADO COMPLETO,1,3
12,08,03,088,120803088,MUNENI,2,POBLADO COMPLETO,1,3
12,08,03,089,120803089,OBAOTATE,2,POBLADO COMPLETO,1,3
12,08,03,091,120803091,QUEBRADA ARENA,2,POBLADO COMPLETO,1,3
12,08,03,092,120803092,QUEBRADA CEDRO,2,POBLADO COMPLETO,1,3
12,08,03,094,120803094,QUEBRADA LAGARI,2,POBLADO COMPLETO,1,3
12,08,03,095,120803095,RÍO GRANDE,3,POBLADO PARTE,1,3
12,08,03,096,120803096,SAN JUAN,2,POBLADO COMPLETO,1,3
12,08,03,097,120803097,SANTA MARTA ARRIBA,2,POBLADO COMPLETO,1,3
12,08,03,098,120803098,SILENCIO,2,POBLADO COMPLETO,1,3
12,08,03,100,120803100,TOLOTE,2,POBLADO COMPLETO,1,3
12,08,03,102,120803102,QUEBRADA ARMAO,2,POBLADO COMPLETO,1,3
12,08,03,104,120803104,ALTO CEDRO,2,POBLADO COMPLETO,1,3
12,08,03,105,120803105,ALTO MONO,2,POBLADO COMPLETO,1,3
12,08,03,106,120803106,ALTO ZUTO,2,POBLADO COMPLETO,1,3
12,08,03,107,120803107,CHACARERO,2,POBLADO COMPLETO,1,3
12,08,03,108,120803108,GRORI,2,POBLADO COMPLETO,1,3
12,08,03,109,120803109,PALMIRA,2,POBLADO COMPLETO,1,3
12,08,03,110,120803110,QUEBRADA RANA,2,POBLADO COMPLETO,1,3
12,08,04,001,120804001,BAHÍA LA BALLENA,2,POBLADO COMPLETO,1,3
12,08,04,002,120804002,BARRANQUILLA No.1,2,POBLADO COMPLETO,1,3
12,08,04,003,120804003,BARRANQUILLA No.2,2,POBLADO COMPLETO,1,3
12,08,04,007,120804007,BOCA DE MAN CREEK,3,POBLADO PARTE,1,3
12,08,04,008,120804008,BOCA DEL RÍO GUARIVIARA,3,POBLADO PARTE,1,3
12,08,04,010,120804010,CAÑAZAS,2,POBLADO COMPLETO,1,3
12,08,04,012,120804012,CENTRO DAIRA,2,POBLADO COMPLETO,1,3
12,08,04,013,120804013,CENTRO DAIRA No.2 O MUMANIROTE,2,POBLADO COMPLETO,1,3
12,08,04,015,120804015,EL GUABAL,2,POBLADO COMPLETO,1,3
12,08,04,016,120804016,EL LIMÓN O LOMA LIMÓN,2,POBLADO COMPLETO,1,3
12,08,04,018,120804018,LOMA PIÑA,2,POBLADO COMPLETO,1,3
12,08,04,019,120804019,MONTE LIRIO,2,POBLADO COMPLETO,1,3
12,08,04,020,120804020,PUEBLO MESA,2,POBLADO COMPLETO,1,3
12,08,04,021,120804021,MAN CREEK O PUMUNA,1,CABECERA,1,3
12,08,04,022,120804022,QUEBRADA BUENAVENTURA,2,POBLADO COMPLETO,1,3
12,08,04,023,120804023,QUEBRADA DIABLARI,2,POBLADO COMPLETO,1,3
12,08,04,025,120804025,QUEBRADA JURI O QUEBRADA ARENA,2,POBLADO COMPLETO,1,3
12,08,04,026,120804026,QUEBRADA LIMÓN,3,POBLADO PARTE,1,3
12,08,04,027,120804027,QUEBRADA MARCELINO,2,POBLADO COMPLETO,1,3
12,08,04,028,120804028,QUEBRADA PAVÓN,2,POBLADO COMPLETO,1,3
12,08,04,029,120804029,RÍO GUARIVIARA,2,POBLADO COMPLETO,1,3
12,08,04,032,120804032,ARENA,3,POBLADO PARTE,1,3
12,08,04,033,120804033,BOCA DEL RÍO DAIRA,3,POBLADO PARTE,1,3
12,08,04,034,120804034,CABECERA DE RÍO PIEDRA,2,POBLADO COMPLETO,1,3
12,08,04,036,120804036,CAÑA,2,POBLADO COMPLETO,1,3
12,08,04,037,120804037,CERRO PENCA,3,POBLADO PARTE,1,3
12,08,04,038,120804038,CHIVORI CHICO,2,POBLADO COMPLETO,1,3
12,08,04,039,120804039,MECARI,2,POBLADO COMPLETO,1,3
12,08,04,040,120804040,NUEVA ESPERANZA,2,POBLADO COMPLETO,1,3
12,08,04,041,120804041,PLAYA CAIMITO,2,POBLADO COMPLETO,1,3
12,08,04,042,120804042,QUEBRADA DURARI,2,POBLADO COMPLETO,1,3
12,08,04,043,120804043,QUEBRADA PITA,2,POBLADO COMPLETO,1,3
12,08,04,046,120804046,COLINAS,2,POBLADO COMPLETO,1,3
12,08,04,047,120804047,QUEBRADA VENADO,2,POBLADO COMPLETO,1,3
12,08,04,049,120804049,RÍO DAIRA,3,POBLADO PARTE,1,3
12,08,04,050,120804050,ALTO CAÑA,2,POBLADO COMPLETO,1,3
12,08,04,051,120804051,ALTO MAN CREEK,2,POBLADO COMPLETO,1,3
12,08,04,052,120804052,CANDELILLA,2,POBLADO COMPLETO,1,3
12,08,04,053,120804053,NIGUINDUBATA,3,POBLADO PARTE,1,3
12,08,04,054,120804054,NIGUINTE,2,POBLADO COMPLETO,1,3
12,08,05,001,120805001,LA GLORIA,3,POBLADO PARTE,1,3
12,08,05,002,120805002,BAJO EL BURRO,2,POBLADO COMPLETO,1,3
12,08,05,003,120805003,BAJO CEDRO ARRIBA,2,POBLADO COMPLETO,1,3
12,08,05,004,120805004,BAJO LA ESTRELLA O NUEVA ESTRELLA,2,POBLADO COMPLETO,1,3
12,08,05,006,120805006,BOCA DE NEGRITA O LA NEGRITA,3,POBLADO PARTE,1,3
12,08,05,008,120805008,CABECERA DE RITA CUBA,2,POBLADO COMPLETO,1,3
12,08,05,009,120805009,CAÑO CLARITO,2,POBLADO COMPLETO,1,3
12,08,05,010,120805010,CARACOL,2,POBLADO COMPLETO,1,3
12,08,05,011,120805011,CILICO CREEK,3,POBLADO PARTE,1,3
12,08,05,012,120805012,CONPE O CON FE,2,POBLADO COMPLETO,1,3
12,08,05,013,120805013,CUIRACOTE,2,POBLADO COMPLETO,1,3
12,08,05,014,120805014,DOS BOCAS,3,POBLADO PARTE,1,3
12,08,05,015,120805015,QUEBRADA EL LIRIO,2,POBLADO COMPLETO,1,3
12,08,05,016,120805016,FILO DE CAÑAZA,2,POBLADO COMPLETO,1,3
12,08,05,017,120805017,FILO VERDE,2,POBLADO COMPLETO,1,3
12,08,05,019,120805019,LOMA DE AGUA,2,POBLADO COMPLETO,1,3
12,08,05,020,120805020,LOS CEDEÑOS,3,POBLADO PARTE,1,3
12,08,05,021,120805021,LOS MOLEJONES,3,POBLADO PARTE,1,3
12,08,05,022,120805022,NORTEÑO,4,CABECERA PARTE (Mixto),1,3
12,08,05,023,120805023,PALMA REAL,3,POBLADO PARTE,1,3
12,08,05,024,120805024,QUEBRADA ARDILLA O CUNDONE,2,POBLADO COMPLETO,1,3
12,08,05,025,120805025,QUEBRADA ARENA,2,POBLADO COMPLETO,1,3
12,08,05,026,120805026,QUEBRADA LAUREL,2,POBLADO COMPLETO,1,3
12,08,05,027,120805027,QUEBRADA BALSO,2,POBLADO COMPLETO,1,3
12,08,05,028,120805028,QUEBRADA MACHO,2,POBLADO COMPLETO,1,3
12,08,05,030,120805030,QUEBRADA NARANJOS,2,POBLADO COMPLETO,1,3
12,08,05,031,120805031,QUEBRADA PITA,2,POBLADO COMPLETO,1,3
12,08,05,034,120805034,QUEBRADA VARGAS,2,POBLADO COMPLETO,1,3
12,08,05,036,120805036,RITA CUBA O LA PENCA,2,POBLADO COMPLETO,1,3
12,08,05,037,120805037,SANTA MARTA O CABECERA DE QUEBRADA ARENA,2,POBLADO COMPLETO,1,3
12,08,05,038,120805038,PUEBLO SANTO O SANTOS,2,POBLADO COMPLETO,1,3
12,08,05,039,120805039,ALTO PEÑA,2,POBLADO COMPLETO,1,3
12,08,05,040,120805040,CABECERA DE QUEBRADA ARENA,2,POBLADO COMPLETO,1,3
12,08,05,041,120805041,COCLESITO,2,POBLADO COMPLETO,1,3
12,08,05,042,120805042,LOMA VENADO O PALMITO,3,POBLADO PARTE,1,3
12,08,05,043,120805043,QUEBRADA CONEJO O ÑÚ,2,POBLADO COMPLETO,1,3
12,08,05,044,120805044,ALTO EL BURRO,2,POBLADO COMPLETO,1,3
12,08,05,045,120805045,BUENA VISTA,2,POBLADO COMPLETO,1,3
12,08,05,046,120805046,LA CONGA,3,POBLADO PARTE,1,3
12,08,05,047,120805047,LA UNIÓN,2,POBLADO COMPLETO,1,3
12,08,05,048,120805048,LOMA CHAPARRO,2,POBLADO COMPLETO,1,3
12,08,05,049,120805049,NORTEÑO ARRIBA,2,POBLADO COMPLETO,1,3
12,08,05,051,120805051,LAS CAÑAS,3,POBLADO PARTE,1,3
12,08,05,052,120805052,ALTO BELÉN,2,POBLADO COMPLETO,1,3
12,08,05,053,120805053,ALTO CHORRO,2,POBLADO COMPLETO,1,3
12,08,05,054,120805054,ALTO CHORRO ARRIBA,2,POBLADO COMPLETO,1,3
12,08,05,055,120805055,ALTO LA GLORIA,2,POBLADO COMPLETO,1,3
12,08,05,056,120805056,ALTO MAYO,2,POBLADO COMPLETO,1,3
12,08,05,057,120805057,ALTO NORTEÑO,2,POBLADO COMPLETO,1,3
12,08,05,058,120805058,ALTO TIGRE,2,POBLADO COMPLETO,1,3
12,08,05,059,120805059,BAJO MONO,2,POBLADO COMPLETO,1,3
12,08,05,060,120805060,CERRO PAVA,2,POBLADO COMPLETO,1,3
12,08,05,061,120805061,EL CAPRICHO,2,POBLADO COMPLETO,1,3
12,09,01,001,120901001,BOCA DE AGUACATE,2,POBLADO COMPLETO,1,3
12,09,01,002,120901002,AGUACATE,2,POBLADO COMPLETO,1,3
12,09,01,003,120901003,AGUACATE ARRIBA,2,POBLADO COMPLETO,1,3
12,09,01,005,120901005,BOCA CHÚCARA,3,POBLADO PARTE,1,3
12,09,01,008,120901008,BOCA DE CHONTE,2,POBLADO COMPLETO,1,3
12,09,01,009,120901009,BOCA DE TONCRI O TONCRI,2,POBLADO COMPLETO,1,3
12,09,01,011,120901011,CAHUITA,2,POBLADO COMPLETO,1,3
12,09,01,012,120901012,BOCA DE CALOVEBORITA,3,POBLADO PARTE,1,3
12,09,01,019,120901019,CERRO MARAÑÓN,2,POBLADO COMPLETO,1,3
12,09,01,022,120901022,QUEBRADA CAÑO,2,POBLADO COMPLETO,1,3
12,09,01,029,120901029,CHUMBULUN,2,POBLADO COMPLETO,1,3
12,09,01,030,120901030,EL CUAY,2,POBLADO COMPLETO,1,3
12,09,01,033,120901033,CHARCO EL LAGARTO O EL LAGARTO,2,POBLADO COMPLETO,1,3
12,09,01,037,120901037,LA LAJA,2,POBLADO COMPLETO,1,3
12,09,01,038,120901038,LIMÓN,2,POBLADO COMPLETO,1,3
12,09,01,039,120901039,LIMONCITO,2,POBLADO COMPLETO,1,3
12,09,01,048,120901048,QUEBRADA AHOGADA,2,POBLADO COMPLETO,1,3
12,09,01,050,120901050,QUEBRADA CERCA,2,POBLADO COMPLETO,1,3
12,09,01,051,120901051,QUEBRADA FLORES,2,POBLADO COMPLETO,1,3
12,09,01,060,120901060,RAISAL,3,POBLADO PARTE,1,3
12,09,01,063,120901063,RÍO DAJAO,2,POBLADO COMPLETO,1,3
12,09,01,068,120901068,SANTA CATALINA O CALOVÉBORA,1,CABECERA,1,3
12,09,01,069,120901069,SEGUNDA CORRIENTE,3,POBLADO PARTE,1,3
12,09,01,070,120901070,SAN SOLEDAD,2,POBLADO COMPLETO,1,3
12,09,01,074,120901074,ZARAGOZA,2,POBLADO COMPLETO,1,3
12,09,01,077,120901077,QUEBRADA SARDINILLA,2,POBLADO COMPLETO,1,3
12,09,01,078,120901078,LOMA DE CHELELE O CHELELE,2,POBLADO COMPLETO,1,3
12,09,01,080,120901080,SANTA CATALINA ARRIBA O QUEBRADA CATALINA,2,POBLADO COMPLETO,1,3
12,09,01,082,120901082,BOCA DEL CAÑO,2,POBLADO COMPLETO,1,3
12,09,01,083,120901083,EL TERRÓN O TERRÓN,2,POBLADO COMPLETO,1,3
12,09,01,084,120901084,LOS CEDROS,2,POBLADO COMPLETO,1,3
12,09,01,092,120901092,LA PALIZADA,2,POBLADO COMPLETO,1,3
12,09,01,093,120901093,REMOLINO,2,POBLADO COMPLETO,1,3
12,09,01,094,120901094,AGUACATE No.2,2,POBLADO COMPLETO,1,3
12,09,01,095,120901095,LOS PRIMITIVOS,2,POBLADO COMPLETO,1,3
12,09,01,096,120901096,BOCA DEL MANGO,2,POBLADO COMPLETO,1,3
12,09,01,100,120901100,PUNTA SANTANA,2,POBLADO COMPLETO,1,3
12,09,01,101,120901101,QUEBRADA HACHA,2,POBLADO COMPLETO,1,3
12,09,01,103,120901103,LOMA PAVA,2,POBLADO COMPLETO,1,3
12,09,01,108,120901108,BOCA DE CAHUITA,2,POBLADO COMPLETO,1,3
12,09,01,114,120901114,PEDREGOSO,2,POBLADO COMPLETO,1,3
12,09,01,123,120901123,LLANO PIÑA,2,POBLADO COMPLETO,1,3
12,09,01,133,120901133,CERRO BAQUENQUE,2,POBLADO COMPLETO,1,3
12,09,01,141,120901141,LA ZARAGOZA,2,POBLADO COMPLETO,1,3
12,09,01,146,120901146,ALTO CUAY,2,POBLADO COMPLETO,1,3
12,09,01,147,120901147,ALTO CHONTE,2,POBLADO COMPLETO,1,3
12,09,01,148,120901148,ALTO PIÑA,2,POBLADO COMPLETO,1,3
12,09,01,149,120901149,BOQUETE,2,POBLADO COMPLETO,1,3
12,09,01,152,120901152,CERRO MONO,2,POBLADO COMPLETO,1,3
12,09,01,154,120901154,LAVADORES,2,POBLADO COMPLETO,1,3
12,09,01,155,120901155,PASO HONDO,3,POBLADO PARTE,1,3
12,09,01,156,120901156,RECODO DEL MERO,2,POBLADO COMPLETO,1,3
12,09,01,158,120901158,BOCA DE TERRÓN,2,POBLADO COMPLETO,1,3
12,09,01,159,120901159,CAHUITA ARRIBA,2,POBLADO COMPLETO,1,3
12,09,01,160,120901160,CAÑO ESCONDIDO,2,POBLADO COMPLETO,1,3
12,09,01,161,120901161,CASA GRANDE O CERRO CASA,2,POBLADO COMPLETO,1,3
12,09,01,163,120901163,LA PISTA,2,POBLADO COMPLETO,1,3
12,09,01,164,120901164,QUEBRADA AHOGADA No.2,2,POBLADO COMPLETO,1,3
12,09,01,165,120901165,TERRÓN ARRIBA,2,POBLADO COMPLETO,1,3
12,09,01,166,120901166,ALTO JIRA,2,POBLADO COMPLETO,1,3
12,09,01,167,120901167,LOMA CHONTE,2,POBLADO COMPLETO,1,3
12,09,01,168,120901168,LOMA CHONTE ABAJO,2,POBLADO COMPLETO,1,3
12,09,01,169,120901169,CERRO MANGO,2,POBLADO COMPLETO,1,3
12,09,01,170,120901170,GUAGARITA,2,POBLADO COMPLETO,1,3
12,09,02,001,120902001,ALTO JUJUCA,2,POBLADO COMPLETO,1,3
12,09,02,002,120902002,BOCA DE RÍO GRANDE O NUEVA ESPERANZA,3,POBLADO PARTE,1,3
12,09,02,003,120902003,CABREÑO,2,POBLADO COMPLETO,1,3
12,09,02,004,120902004,CARRICILLAL O QUEBRADA CARRICILLAL,2,POBLADO COMPLETO,1,3
12,09,02,005,120902005,DAJAO O QUEBRADA DAJAO,2,POBLADO COMPLETO,1,3
12,09,02,006,120902006,GUACAMAYA O RÍO GUACAMAYA,2,POBLADO COMPLETO,1,3
12,09,02,007,120902007,PALMAR O RÍO PALMAR O QUEBRADA PALMAR,2,POBLADO COMPLETO,1,3
12,09,02,008,120902008,PASO GATUS,3,POBLADO PARTE,1,3
12,09,02,009,120902009,RÍO GRANDE O PAJONAL,3,POBLADO PARTE,1,3
12,09,02,010,120902010,RÍO LUIS,3,POBLADO PARTE,1,3
12,09,02,011,120902011,RÍO LUISITO,2,POBLADO COMPLETO,1,3
12,09,02,012,120902012,VALLE BONITO,3,POBLADO PARTE,1,3
12,09,02,013,120902013,ALTO CEDRO,2,POBLADO COMPLETO,1,3
12,09,02,014,120902014,BAJO CEDRO,2,POBLADO COMPLETO,1,3
12,09,02,015,120902015,CERRO PAJARITO,2,POBLADO COMPLETO,1,3
12,09,02,016,120902016,ALTO PIÑA,2,POBLADO COMPLETO,1,3
12,09,02,017,120902017,CABECERA DE QUEBRADA JAVILLA,2,POBLADO COMPLETO,1,3
12,09,02,018,120902018,CERRO CACAO,2,POBLADO COMPLETO,1,3
12,09,02,019,120902019,CERRO PÁJARO,2,POBLADO COMPLETO,1,3
12,09,02,020,120902020,CERRO PITA,2,POBLADO COMPLETO,1,3
12,09,02,021,120902021,RÍO LUIS BRAVO,2,POBLADO COMPLETO,1,3
12,09,03,003,120903003,CARACOL No.2 O CHELELE,2,POBLADO COMPLETO,1,3
12,09,03,005,120903005,CERRO BATEA,2,POBLADO COMPLETO,1,3
12,09,03,006,120903006,CERRO CAUCHO,2,POBLADO COMPLETO,1,3
12,09,03,007,120903007,CERRO COCO O CERRO CAÑA BRAVA,2,POBLADO COMPLETO,1,3
12,09,03,008,120903008,CERRO CONGO,2,POBLADO COMPLETO,1,3
12,09,03,009,120903009,CERRO GLORIA,2,POBLADO COMPLETO,1,3
12,09,03,010,120903010,CERRO LUCERO,2,POBLADO COMPLETO,1,3
12,09,03,011,120903011,CERRO PIRAGUAL,2,POBLADO COMPLETO,1,3
12,09,03,012,120903012,CERRO TULIVIEJA O CERRO MIEL,2,POBLADO COMPLETO,1,3
12,09,03,014,120903014,CERRO COCUYO,2,POBLADO COMPLETO,1,3
12,09,03,015,120903015,CHARCO HUMO,2,POBLADO COMPLETO,1,3
12,09,03,017,120903017,EL COMÚN,2,POBLADO COMPLETO,1,3
12,09,03,018,120903018,JEBULE,2,POBLADO COMPLETO,1,3
12,09,03,019,120903019,LOMA YUCA,1,CABECERA,1,3
12,09,03,021,120903021,LLANO ARENA O LLANO ARENAL,2,POBLADO COMPLETO,1,3
12,09,03,022,120903022,LLANO MACHO O LLANO CAÑO,2,POBLADO COMPLETO,1,3
12,09,03,023,120903023,LLANO MORALES O LLANO MORA,2,POBLADO COMPLETO,1,3
12,09,03,024,120903024,LLANO PIRAGÜA O JUJUQUE,2,POBLADO COMPLETO,1,3
12,09,03,025,120903025,LLANO PIRAGUAL,2,POBLADO COMPLETO,1,3
12,09,03,027,120903027,LLANO NARANJAL O NARANJIO,2,POBLADO COMPLETO,1,3
12,09,03,028,120903028,PASO DE CHONTE,2,POBLADO COMPLETO,1,3
12,09,03,029,120903029,PIEDRA FOGÓN O LLANO PIEDRA,2,POBLADO COMPLETO,1,3
12,09,03,030,120903030,PIEDRA GRANDE,2,POBLADO COMPLETO,1,3
12,09,03,031,120903031,QUEBRADA ARENAL,2,POBLADO COMPLETO,1,3
12,09,03,033,120903033,QUEBRADA PÁJARO O LOMA MACHO,2,POBLADO COMPLETO,1,3
12,09,03,034,120903034,RÍO CORRALES O ALTO DE CORRALES,2,POBLADO COMPLETO,1,3
12,09,03,036,120903036,BARRANCO,2,POBLADO COMPLETO,1,3
12,09,03,037,120903037,BELLA CRUZ,2,POBLADO COMPLETO,1,3
12,09,03,038,120903038,BOCA DE CHONTE ARRIBA,2,POBLADO COMPLETO,1,3
12,09,03,039,120903039,LLANO BONITO,2,POBLADO COMPLETO,1,3
12,09,03,040,120903040,LLANO MOLEJONES,2,POBLADO COMPLETO,1,3
12,09,03,041,120903041,PENSANTE,2,POBLADO COMPLETO,1,3
12,09,03,042,120903042,QUEBRADA CAMARÓN,2,POBLADO COMPLETO,1,3
12,09,03,044,120903044,QUEBRADA JUJUNA,2,POBLADO COMPLETO,1,3
12,09,03,045,120903045,VIRULÍ,2,POBLADO COMPLETO,1,3
12,09,04,001,120904001,ALTO DE CAÑA BLANCA,2,POBLADO COMPLETO,1,3
12,09,04,002,120904002,ALTO GUAYABO,2,POBLADO COMPLETO,1,3
12,09,04,003,120904003,ALTO PITA O CERRO PITA,2,POBLADO COMPLETO,1,3
12,09,04,004,120904004,BARRANCÓN,2,POBLADO COMPLETO,1,3
12,09,04,005,120904005,BOCA CHÚCARA,3,POBLADO PARTE,1,3
12,09,04,006,120904006,CABEZA DE CAÑO,2,POBLADO COMPLETO,1,3
12,09,04,007,120904007,CAÑA BLANCA,2,POBLADO COMPLETO,1,3
12,09,04,008,120904008,CAÑA VISTO,2,POBLADO COMPLETO,1,3
12,09,04,009,120904009,CARACOL No.1,2,POBLADO COMPLETO,1,3
12,09,04,010,120904010,CERRO LORO,2,POBLADO COMPLETO,1,3
12,09,04,011,120904011,CERRO MOLINO,2,POBLADO COMPLETO,1,3
12,09,04,012,120904012,CERRO PIÑA,2,POBLADO COMPLETO,1,3
12,09,04,013,120904013,CHELELE,2,POBLADO COMPLETO,1,3
12,09,04,014,120904014,CHELELE ARRIBA,2,POBLADO COMPLETO,1,3
12,09,04,015,120904015,EL GUABO,2,POBLADO COMPLETO,1,3
12,09,04,016,120904016,GUABO ARRIBA,2,POBLADO COMPLETO,1,3
12,09,04,017,120904017,LLANO GATO,2,POBLADO COMPLETO,1,3
12,09,04,018,120904018,LOMA CHUCARA,2,POBLADO COMPLETO,1,3
12,09,04,019,120904019,MANGO,2,POBLADO COMPLETO,1,3
12,09,04,020,120904020,MIRAMAR,2,POBLADO COMPLETO,1,3
12,09,04,021,120904021,PALO BLANCO,2,POBLADO COMPLETO,1,3
12,09,04,022,120904022,PLAYA DE SAN PEDRO,2,POBLADO COMPLETO,1,3
12,09,04,023,120904023,QUEBRADA BONITA,2,POBLADO COMPLETO,1,3
12,09,04,024,120904024,QUEBRADA CAMARÓN,2,POBLADO COMPLETO,1,3
12,09,04,025,120904025,QUEBRADA GUABO ARRIBA,2,POBLADO COMPLETO,1,3
12,09,04,026,120904026,QUEBRADA MONO,2,POBLADO COMPLETO,1,3
12,09,04,027,120904027,QUEBRADA PEÑA,2,POBLADO COMPLETO,1,3
12,09,04,028,120904028,QUIMPANPAN O QUIMOPAN,2,POBLADO COMPLETO,1,3
12,09,04,029,120904029,RAISAL,3,POBLADO PARTE,1,3
12,09,04,030,120904030,RAMAS DEL GUABO,2,POBLADO COMPLETO,1,3
12,09,04,031,120904031,RÍO MURCIÉLAGO,2,POBLADO COMPLETO,1,3
12,09,04,032,120904032,SAN PEDRITO ABAJO,2,POBLADO COMPLETO,1,3
12,09,04,033,120904033,SAN PEDRITO ARRIBA,2,POBLADO COMPLETO,1,3
12,09,04,034,120904034,SEGUNDA CORRIENTE,3,POBLADO PARTE,1,3
12,09,04,035,120904035,CERRO MACHO,2,POBLADO COMPLETO,1,3
12,09,04,036,120904036,LLANO BONITO ARRIBA,2,POBLADO COMPLETO,1,3
12,09,04,037,120904037,NUEVA ESPERANZA,2,POBLADO COMPLETO,1,3
12,09,04,038,120904038,QUEBRADA GUINEA,2,POBLADO COMPLETO,1,3
12,09,04,039,120904039,RÍO PIEDRA,3,POBLADO PARTE,1,3
12,09,04,040,120904040,VEGATE,2,POBLADO COMPLETO,1,3
12,09,05,001,120905001,ALTO BILINGÜE,2,POBLADO COMPLETO,1,3
12,09,05,005,120905005,CERRO PAPAYO,2,POBLADO COMPLETO,1,3
12,09,05,007,120905007,CERRO PEÑÓN No. 2,2,POBLADO COMPLETO,1,3
12,09,05,010,120905010,DOGUIRA,2,POBLADO COMPLETO,1,3
12,09,05,013,120905013,LOS AZULES,3,POBLADO PARTE,1,3
12,09,05,014,120905014,PALMA DE HILAR,2,POBLADO COMPLETO,1,3
12,09,05,016,120905016,PASO GATUS,3,POBLADO PARTE,1,3
12,09,05,018,120905018,RÍO CHELELE O JIROTE,2,POBLADO COMPLETO,1,3
12,09,05,019,120905019,RÍO CHICO,2,POBLADO COMPLETO,1,3
12,09,05,020,120905020,RÍO GRANDE O PAJONAL,3,POBLADO PARTE,1,3
12,09,05,022,120905022,RÍO PIEDRA O BOCA DE RÍO PIEDRA,2,POBLADO COMPLETO,1,3
12,09,05,023,120905023,RÍO TALLO,2,POBLADO COMPLETO,1,3
12,09,05,024,120905024,VALLE BONITO,4,CABECERA PARTE (Mixto),1,3
12,09,05,027,120905027,CHELESITO,2,POBLADO COMPLETO,1,3
12,09,05,028,120905028,ESCOBILLO DE RÍO CHICO,2,POBLADO COMPLETO,2,3
12,09,05,029,120905029,EL GUABAL,3,POBLADO PARTE,1,3
12,09,05,030,120905030,PASO VIDRIO,2,POBLADO COMPLETO,1,3
12,09,05,031,120905031,PATA DE LOMA GRANDE,3,POBLADO PARTE,1,3
12,09,05,032,120905032,PEDREGAL,2,POBLADO COMPLETO,1,3
12,09,05,033,120905033,QUEBRADA BLANCA,2,POBLADO COMPLETO,1,3
12,09,05,034,120905034,RÍO CAMARONES,2,POBLADO COMPLETO,1,3
12,09,05,036,120905036,ALTO ESCOBILLO,2,POBLADO COMPLETO,1,3
12,09,05,037,120905037,CERRO CHIVO,2,POBLADO COMPLETO,1,3
12,09,05,038,120905038,CHELELE,2,POBLADO COMPLETO,1,3
12,09,05,039,120905039,JUJUCA,2,POBLADO COMPLETO,1,3
12,09,05,040,120905040,RÍO NEGRO,2,POBLADO COMPLETO,1,3
12,09,05,041,120905041,ALTO CHICHICA,2,POBLADO COMPLETO,1,3
12,09,05,042,120905042,CABUYA,2,POBLADO COMPLETO,1,3
12,09,05,043,120905043,CERRO PIÑA,2,POBLADO COMPLETO,1,3
12,09,05,044,120905044,LLANO PIEDRA,2,POBLADO COMPLETO,1,3
12,09,05,045,120905045,QUEBRADA JUJUCA,2,POBLADO COMPLETO,1,3
13,01,01,001,130101001,ARRAIJÁN,4,CABECERA PARTE (Mixto),1,1
13,01,01,002,130101002,BURUNGA,3,POBLADO PARTE,1,1
13,01,01,003,130101003,CÁCERES,3,POBLADO PARTE,1,1
13,01,01,004,130101004,CERRO SILVESTRE,2,POBLADO COMPLETO,1,2
13,01,01,006,130101006,EL LLANO U 11 DE OCTUBRE,2,POBLADO COMPLETO,1,1
13,01,01,009,130101009,LA MINA,3,POBLADO PARTE,1,2
13,01,01,030,130101030,EL VALLE DE LA MINA,3,POBLADO PARTE,1,2
13,01,01,033,130101033,LAS COLINAS DE CÁCERES,2,POBLADO COMPLETO,1,1
13,01,01,037,130101037,ALTO PIEDRA,2,POBLADO COMPLETO,2,2
13,01,01,039,130101039,FINCA SANGRILLA,2,POBLADO COMPLETO,1,2
13,01,01,040,130101040,FINCA VILLA VILLA,2,POBLADO COMPLETO,1,2
13,01,01,041,130101041,LOMA DE PIEDRA,2,POBLADO COMPLETO,1,2
13,01,01,045,130101045,QUEBRADA RICA,2,POBLADO COMPLETO,1,2
13,01,01,048,130101048,COCOLÍ,3,POBLADO PARTE,2,2
13,01,01,049,130101049,CERRO CABRA No.2,2,POBLADO COMPLETO,1,2
13,01,01,050,130101050,RODMAN,2,POBLADO COMPLETO,1,1
13,01,01,051,130101051,MONTE CLARO,3,POBLADO PARTE,1,2
13,01,01,052,130101052,VISTA AL MAR,2,POBLADO COMPLETO,1,1
13,01,02,001,130102001,CERRO TIGRE,3,POBLADO PARTE,1,1
13,01,02,002,130102002,CHAPALA,2,POBLADO COMPLETO,1,1
13,01,02,003,130102003,SAN BERNARDINO,2,POBLADO COMPLETO,1,1
13,01,02,004,130102004,HATO MONTAÑA CIUDAD,2,POBLADO COMPLETO,1,1
13,01,02,006,130102006,NUEVO ARRAIJÁN,1,CABECERA,1,1
13,01,02,007,130102007,NUEVO GUARARÉ,2,POBLADO COMPLETO,1,1
13,01,02,008,130102008,RÍO CAIMITO,2,POBLADO COMPLETO,1,2
13,01,02,009,130102009,SAN JOSÉ,2,POBLADO COMPLETO,1,1
13,01,02,011,130102011,EL COPÉ,2,POBLADO COMPLETO,1,1
13,01,02,015,130102015,CIUDAD DEL FUTURO,2,POBLADO COMPLETO,1,1
13,01,02,016,130102016,JUNCAL,3,POBLADO PARTE,1,2
13,01,02,019,130102019,RESIDENCIAL NUEVO ARRAIJÁN,2,POBLADO COMPLETO,1,1
13,01,02,025,130102025,RESIDENCIAL LAGO EMPERADOR,3,POBLADO PARTE,1,2
13,01,03,002,130103002,AHOGA YEGUA,2,POBLADO COMPLETO,1,2
13,01,03,003,130103003,BERNARDINO ARRIBA,2,POBLADO COMPLETO,1,1
13,01,03,009,130103009,LA GLORIA,2,POBLADO COMPLETO,1,2
13,01,03,010,130103010,LOS GUABITOS,2,POBLADO COMPLETO,1,2
13,01,03,012,130103012,NUEVO EMPERADOR,1,CABECERA,1,1
13,01,03,014,130103014,SACRAMENTO,2,POBLADO COMPLETO,1,1
13,01,03,015,130103015,SERRANO,2,POBLADO COMPLETO,1,2
13,01,03,016,130103016,SANTA CLARA,3,POBLADO PARTE,1,2
13,01,03,017,130103017,CABECERA DE RÍO POTRERO,2,POBLADO COMPLETO,1,2
13,01,03,021,130103021,MONTE VIEJO,2,POBLADO COMPLETO,1,2
13,01,03,022,130103022,MOSCÚ,3,POBLADO PARTE,1,2
13,01,03,027,130103027,RESIDENCIAL LAGO EMPERADOR,3,POBLADO PARTE,1,1
13,01,03,029,130103029,HACIENDA NUEVO EMPERADOR,3,POBLADO PARTE,1,2
13,01,03,030,130103030,JUNCAL,3,POBLADO PARTE,1,2
13,01,04,002,130104002,HUILE,2,POBLADO COMPLETO,1,2
13,01,04,003,130104003,SANTA CLARA,4,CABECERA PARTE (Mixto),1,2
13,01,05,003,130105003,VERACRUZ,1,CABECERA,1,1
13,01,05,012,130105012,CERRO CABRA No.1,2,POBLADO COMPLETO,1,2
13,01,05,016,130105016,FINCA SAN VICENTE,2,POBLADO COMPLETO,2,2
13,01,05,017,130105017,HOWARD,2,POBLADO COMPLETO,1,1
13,01,05,018,130105018,CERRO CABRA ABAJO,2,POBLADO COMPLETO,1,2
13,01,05,022,130105022,ALTOS DEL TECAL,2,POBLADO COMPLETO,1,2
13,01,05,023,130105023,LOS LAURELES,2,POBLADO COMPLETO,1,2
13,01,05,024,130105024,ALTOS DE HOWARD,2,POBLADO COMPLETO,1,2
13,01,05,025,130105025,PANAMÁ PACÍFICO,2,POBLADO COMPLETO,1,1
13,01,05,026,130105026,PLAYA BONITA,2,POBLADO COMPLETO,1,1
13,01,05,028,130105028,ALTOS DE BUENA FE,2,POBLADO COMPLETO,1,2
13,01,06,003,130106003,SAN VICENTE DE BIQUE,3,POBLADO PARTE,1,2
13,01,06,004,130106004,VISTA ALEGRE,1,CABECERA,1,1
13,01,06,006,130106006,CIUDAD VACAMONTE,3,POBLADO PARTE,1,1
13,01,06,010,130106010,RESIDENCIAL VISTA ALEGRE,2,POBLADO COMPLETO,1,1
13,01,06,016,130106016,HACIENDA BIQUE,2,POBLADO COMPLETO,2,2
13,01,06,017,130106017,PLAYA DORADA,2,POBLADO COMPLETO,1,1
13,01,06,019,130106019,ALTOS DEL EDÉN,2,POBLADO COMPLETO,1,2
13,01,06,020,130106020,LOS UVERITOS,2,POBLADO COMPLETO,1,2
13,01,06,021,130106021,LOMA VILLAGE,2,POBLADO COMPLETO,1,2
13,01,07,001,130107001,ARRAIJÁN,3,POBLADO PARTE,1,1
13,01,07,002,130107002,BARRIADA 2000,2,POBLADO COMPLETO,1,1
13,01,07,004,130107004,BARRIADA OMAR TORRIJOS,2,POBLADO COMPLETO,1,1
13,01,07,005,130107005,BURUNGA,4,CABECERA PARTE (Mixto),1,1
13,01,07,008,130107008,PALO DIFERENTE,2,POBLADO COMPLETO,1,1
13,01,07,012,130107012,URBANIZACIÓN COLINAS DEL SOL,2,POBLADO COMPLETO,1,1
13,01,07,015,130107015,COCOLÍ,3,POBLADO PARTE,2,2
13,01,07,016,130107016,ALTOS DE LOS GUAYACANES,2,POBLADO COMPLETO,1,2
13,01,07,017,130107017,ALTOS DE NUEVA LUZ,2,POBLADO COMPLETO,1,2
13,01,07,018,130107018,CARRIZAL,2,POBLADO COMPLETO,1,2
13,01,07,019,130107019,FEDERICO BRITTON,2,POBLADO COMPLETO,1,2
13,01,07,020,130107020,NITO CORTIZO,2,POBLADO COMPLETO,1,2
13,01,07,021,130107021,RÍO DE DIOS,2,POBLADO COMPLETO,1,2
13,01,07,022,130107022,VILLA EMANUEL,2,POBLADO COMPLETO,1,2
13,01,07,023,130107023,VILLA GOSÉN,2,POBLADO COMPLETO,1,2
13,01,07,024,130107024,ALTOS DEL MILAGRO,2,POBLADO COMPLETO,1,2
13,01,07,025,130107025,BARRIADA 14 DE MARZO,2,POBLADO COMPLETO,1,2
13,01,08,001,130108001,CÁCERES,3,POBLADO PARTE,1,1
13,01,08,002,130108002,CERRO TIGRE,3,POBLADO PARTE,1,1
13,01,08,003,130108003,CERRO SILVESTRE,1,CABECERA,1,1
13,01,08,004,130108004,LOS MAGALLONES,2,POBLADO COMPLETO,1,2
13,01,08,005,130108005,EL VALLE DE LA MINA,3,POBLADO PARTE,1,2
13,01,08,006,130108006,LA CONSTANCIA,2,POBLADO COMPLETO,1,1
13,01,08,007,130108007,LA MINA,3,POBLADO PARTE,1,2
13,01,08,008,130108008,LA PLAYITA DE BIQUE,2,POBLADO COMPLETO,1,2
13,01,08,009,130108009,MONTE CLARO,3,POBLADO PARTE,1,2
13,01,08,011,130108011,RÍO POTRERO,2,POBLADO COMPLETO,1,2
13,01,08,012,130108012,SAN VICENTE DE BIQUE,3,POBLADO PARTE,1,1
13,01,08,013,130108013,URBANIZACIÓN NUEVO CHORRILLO,2,POBLADO COMPLETO,1,1
13,01,08,014,130108014,LA CONSTANCIA No.2,2,POBLADO COMPLETO,1,2
13,01,08,015,130108015,RESIDENCIAL PRINCESA MÍA,2,POBLADO COMPLETO,1,1
13,01,08,016,130108016,LUCES DEL ALBA,2,POBLADO COMPLETO,1,2
13,01,08,017,130108017,RESIDENCIAL LA TOSCANA REAL,2,POBLADO COMPLETO,1,2
13,01,08,018,130108018,MILAGRO DE DIOS,2,POBLADO COMPLETO,1,2
13,01,09,001,130109001,CIUDAD VACAMONTE,4,CABECERA PARTE (Mixto),1,1
13,01,09,002,130109002,LA HACIENDA,2,POBLADO COMPLETO,1,1
13,01,09,003,130109003,PLAYA MANZANILLO,2,POBLADO COMPLETO,1,2
13,01,09,004,130109004,PUERTO VACAMONTE,2,POBLADO COMPLETO,2,2
13,03,01,002,130301002,CAPIRA,1,CABECERA,1,1
13,03,01,003,130301003,CERRO CERMEÑO,2,POBLADO COMPLETO,1,2
13,03,01,004,130301004,EL ALTO DE CAPIRA,2,POBLADO COMPLETO,1,2
13,03,01,009,130301009,EL MACANO,2,POBLADO COMPLETO,1,2
13,03,01,010,130301010,EL PALMAR O PALMAS BELLAS,3,POBLADO PARTE,1,2
13,03,01,011,130301011,EL RODEO,2,POBLADO COMPLETO,1,2
13,03,01,013,130301013,LA TEODORA,2,POBLADO COMPLETO,1,2
13,03,01,014,130301014,LLANO DE SANTA ROSA,2,POBLADO COMPLETO,1,2
13,03,01,019,130301019,EL POLANCO,3,POBLADO PARTE,1,2
13,03,01,022,130301022,AGUA BUENA,3,POBLADO PARTE,1,2
13,03,01,023,130301023,CERMEÑO,3,POBLADO PARTE,1,2
13,03,01,024,130301024,LA COROZA O PEREQUETÉ,2,POBLADO COMPLETO,1,2
13,03,01,025,130301025,EL BAJO O MONTE OSCURO ABAJO,2,POBLADO COMPLETO,1,2
13,03,01,027,130301027,EL PEÑÓN,2,POBLADO COMPLETO,1,2
13,03,01,028,130301028,FINCA EL MAMEY,2,POBLADO COMPLETO,1,2
13,03,01,029,130301029,CAMPANA,3,POBLADO PARTE,1,2
13,03,01,030,130301030,SAN CRISTÓBAL,2,POBLADO COMPLETO,1,2
13,03,01,031,130301031,SARDINILLA,2,POBLADO COMPLETO,1,2
13,03,01,032,130301032,RESIDENCIAL VILLAS DE MONTE ROSSE,2,POBLADO COMPLETO,1,2
13,03,02,001,130302001,CAIMITO,1,CABECERA,1,2
13,03,02,002,130302002,CAÑAZAS,3,POBLADO PARTE,1,2
13,03,02,004,130302004,EL LORO,2,POBLADO COMPLETO,1,2
13,03,02,005,130302005,FLORIDA ARRIBA,2,POBLADO COMPLETO,1,2
13,03,02,008,130302008,QUEBRADA GRANDE,3,POBLADO PARTE,1,2
13,03,02,009,130302009,CAÑAS BLANCAS,3,POBLADO PARTE,1,2
13,03,02,010,130302010,LA VALDEZA,2,POBLADO COMPLETO,1,2
13,03,02,011,130302011,CAIMITO ARRIBA,2,POBLADO COMPLETO,1,2
13,03,02,013,130302013,CAIMITILLO,3,POBLADO PARTE,1,2
13,03,02,014,130302014,TRINIDAD DE LAS MINAS,3,POBLADO PARTE,1,2
13,03,02,015,130302015,BAJO CIGUAL,3,POBLADO PARTE,1,2
13,03,03,001,130303001,ALTO DE CAMPANA,2,POBLADO COMPLETO,1,2
13,03,03,002,130303002,BAJADA DE CAMPANA,2,POBLADO COMPLETO,1,2
13,03,03,006,130303006,CAMPANA,4,CABECERA PARTE (Mixto),1,2
13,03,03,007,130303007,CERRO CAMPANA,2,POBLADO COMPLETO,1,2
13,03,03,010,130303010,EL LIMÓN,2,POBLADO COMPLETO,1,2
13,03,03,012,130303012,LA CAJA DE AGUA,2,POBLADO COMPLETO,1,2
13,03,03,013,130303013,LOS LLANITOS,2,POBLADO COMPLETO,1,2
13,03,03,014,130303014,SAJALICES,3,POBLADO PARTE,1,2
13,03,03,015,130303015,EL CANGREJAL,2,POBLADO COMPLETO,1,2
13,03,03,016,130303016,CAMARONERA,2,POBLADO COMPLETO,2,2
13,03,03,017,130303017,LA GLORIA,2,POBLADO COMPLETO,1,2
13,03,04,003,130304003,MANDINGA,2,POBLADO COMPLETO,1,2
13,03,04,004,130304004,CERMEÑO,4,CABECERA PARTE (Mixto),1,2
13,03,04,005,130304005,CRUCES,2,POBLADO COMPLETO,1,2
13,03,04,007,130304007,EL CERMEÑITO,2,POBLADO COMPLETO,1,2
13,03,04,009,130304009,ISLA TABORCILLO,2,POBLADO COMPLETO,1,2
13,03,04,015,130304015,MONTE OSCURO ARRIBA O LLANO DE LAS DAMAS,2,POBLADO COMPLETO,1,2
13,03,04,016,130304016,MAJAGUAL,2,POBLADO COMPLETO,1,2
13,03,04,019,130304019,MONTE OSCURO,2,POBLADO COMPLETO,1,2
13,03,04,026,130304026,PLAYA EL COCO,2,POBLADO COMPLETO,1,2
13,03,04,027,130304027,PUERTO DE CAPIRA,2,POBLADO COMPLETO,1,2
13,03,04,028,130304028,PUERTO ESTACIO,2,POBLADO COMPLETO,1,2
13,03,04,029,130304029,QUEBRADA GRANDE,2,POBLADO COMPLETO,1,2
13,03,04,030,130304030,SAN JUANITO,2,POBLADO COMPLETO,2,2
13,03,04,031,130304031,TEMBLADERA,2,POBLADO COMPLETO,1,2
13,03,04,032,130304032,LA CHAPA,2,POBLADO COMPLETO,1,2
13,03,04,034,130304034,CHICHICAL,2,POBLADO COMPLETO,1,2
13,03,04,035,130304035,MANZANILLO,2,POBLADO COMPLETO,2,2
13,03,04,036,130304036,PLATANARES,2,POBLADO COMPLETO,1,2
13,03,05,001,130305001,ALTO DEL NARANJO,2,POBLADO COMPLETO,1,2
13,03,05,003,130305003,BOCA DE LA QUEBRADA LAS LAJAS,2,POBLADO COMPLETO,1,2
13,03,05,006,130305006,CERRO EL CLAVO,2,POBLADO COMPLETO,1,2
13,03,05,008,130305008,CIRÍ DE LOS SOTOS,1,CABECERA,1,2
13,03,05,010,130305010,DOS AGUAS,2,POBLADO COMPLETO,1,2
13,03,05,012,130305012,NUEVO PARAÍSO,2,POBLADO COMPLETO,1,2
13,03,05,013,130305013,LA BONGA O EL CRUCE,2,POBLADO COMPLETO,1,2
13,03,05,015,130305015,LA ENCANTADA,2,POBLADO COMPLETO,1,2
13,03,05,016,130305016,LAS LAJAS,3,POBLADO PARTE,1,2
13,03,05,017,130305017,LOS CHORROS,2,POBLADO COMPLETO,1,2
13,03,05,018,130305018,LA HAMACA,2,POBLADO COMPLETO,1,2
13,03,05,019,130305019,LOS UVEROS,3,POBLADO PARTE,1,2
13,03,05,020,130305020,LOS UVEROS ARRIBA,2,POBLADO COMPLETO,1,2
13,03,05,022,130305022,QUEBRADA EL BATEAL,2,POBLADO COMPLETO,1,2
13,03,05,023,130305023,QUEBRADA LA CANDILERA,2,POBLADO COMPLETO,1,2
13,03,05,024,130305024,QUEBRADA LA CONGA ARRIBA,2,POBLADO COMPLETO,1,2
13,03,05,028,130305028,PUEBLO NUEVO,3,POBLADO PARTE,1,2
13,03,05,029,130305029,TRES HERMANAS,2,POBLADO COMPLETO,1,2
13,03,05,030,130305030,TRES HERMANAS ARRIBA,2,POBLADO COMPLETO,1,2
13,03,05,031,130305031,VENADO,2,POBLADO COMPLETO,1,2
13,03,05,032,130305032,EL HINOJAL ARRIBA,2,POBLADO COMPLETO,1,2
13,03,05,033,130305033,EL SAÍNO,2,POBLADO COMPLETO,1,2
13,03,05,034,130305034,NUEVO PROGRESO,2,POBLADO COMPLETO,1,2
13,03,05,035,130305035,PUERTO CIRICITO,2,POBLADO COMPLETO,1,2
13,03,05,036,130305036,QUEBRADA LA CONGA ABAJO,2,POBLADO COMPLETO,1,2
13,03,05,038,130305038,BARRIADA SAN ANTONIO,2,POBLADO COMPLETO,1,2
13,03,06,004,130306004,ARENAS BLANCAS,3,POBLADO PARTE,1,2
13,03,06,006,130306006,EL CEDRO,2,POBLADO COMPLETO,1,2
13,03,06,009,130306009,CARACOLAR,2,POBLADO COMPLETO,1,2
13,03,06,012,130306012,CIRICITO ARRIBA,1,CABECERA,1,2
13,03,06,013,130306013,SANTA FE,2,POBLADO COMPLETO,1,2
13,03,06,015,130306015,RÍO INDIO CENTRO,2,POBLADO COMPLETO,1,2
13,03,06,020,130306020,GASPARILLAL,3,POBLADO PARTE,1,2
13,03,06,023,130306023,ESCOBALITO,2,POBLADO COMPLETO,1,2
13,03,06,024,130306024,JORDANAL,2,POBLADO COMPLETO,1,2
13,03,06,026,130306026,LA BONGA ABAJO,2,POBLADO COMPLETO,1,2
13,03,06,027,130306027,LA BONGA ARRIBA O LOS NEGROS,2,POBLADO COMPLETO,1,2
13,03,06,029,130306029,TERIA,2,POBLADO COMPLETO,1,2
13,03,06,030,130306030,LA GAITA ABAJO,2,POBLADO COMPLETO,1,2
13,03,06,031,130306031,LA GAITA ARRIBA,2,POBLADO COMPLETO,1,2
13,03,06,038,130306038,LAS CLARAS ARRIBA,2,POBLADO COMPLETO,1,2
13,03,06,043,130306043,MARGANAO,2,POBLADO COMPLETO,1,2
13,03,06,045,130306045,MEMBRILLAR,3,POBLADO PARTE,1,2
13,03,06,050,130306050,QUEBRADA ESCOBAL,2,POBLADO COMPLETO,1,2
13,03,06,051,130306051,QUEBRADA LA PITA,3,POBLADO PARTE,1,2
13,03,06,060,130306060,RÍO INDIO DE LOS CHORROS,2,POBLADO COMPLETO,1,2
13,03,06,061,130306061,TERIA NACIMIENTO O TERIA ARRIBA,3,POBLADO PARTE,1,2
13,03,06,065,130306065,BAJO GRANDE,2,POBLADO COMPLETO,1,2
13,03,06,068,130306068,LA BONGA CENTRO,2,POBLADO COMPLETO,1,2
13,03,06,071,130306071,RÍO INDIO NACIMIENTO,2,POBLADO COMPLETO,1,2
13,03,06,072,130306072,PACORITA,2,POBLADO COMPLETO,1,2
13,03,06,073,130306073,BOCA DE ESCOBAL,2,POBLADO COMPLETO,1,2
13,03,06,074,130306074,CERRO SAN ANDRÉS,2,POBLADO COMPLETO,1,2
13,03,06,075,130306075,ARENILLA,2,POBLADO COMPLETO,1,2
13,03,06,078,130306078,LA CONGA,2,POBLADO COMPLETO,1,2
13,03,06,079,130306079,CIRÍ GRANDE,3,POBLADO PARTE,1,2
13,03,06,081,130306081,LA CONGA ARRIBA,2,POBLADO COMPLETO,1,2
13,03,06,083,130306083,TERIACITO,2,POBLADO COMPLETO,1,2
13,03,06,084,130306084,LA BONGUITA,2,POBLADO COMPLETO,1,2
13,03,06,085,130306085,EL HARINO,2,POBLADO COMPLETO,1,2
13,03,06,088,130306088,CIRICITO ABAJO,2,POBLADO COMPLETO,1,2
13,03,06,089,130306089,LAS NEGRITAS,3,POBLADO PARTE,1,2
13,03,06,090,130306090,ALTOS DEL MARÍA,3,POBLADO PARTE,1,1
13,03,07,001,130307001,ALTO DE CIRÍ,2,POBLADO COMPLETO,1,2
13,03,07,005,130307005,CIRÍ GRANDE,3,POBLADO PARTE,1,2
13,03,07,006,130307006,EL CHILENO,2,POBLADO COMPLETO,1,2
13,03,07,007,130307007,AGUACATE ARRIBA,2,POBLADO COMPLETO,1,2
13,03,07,008,130307008,EL CACAO,1,CABECERA,1,2
13,03,07,009,130307009,EL COCORITO,2,POBLADO COMPLETO,2,2
13,03,07,010,130307010,BAJO BONITO,2,POBLADO COMPLETO,1,2
13,03,07,011,130307011,EL LIMÓN,2,POBLADO COMPLETO,1,2
13,03,07,012,130307012,EL JAGUA,2,POBLADO COMPLETO,1,2
13,03,07,013,130307013,LAS TINAJAS,2,POBLADO COMPLETO,1,2
13,03,07,014,130307014,EL CAUCHAL O LOS CAUCHALES,3,POBLADO PARTE,1,2
13,03,07,015,130307015,LAS NEGRITAS,3,POBLADO PARTE,1,2
13,03,07,018,130307018,MATA PALO O ALTAMIRA,2,POBLADO COMPLETO,1,2
13,03,07,020,130307020,PIRAGUAL,2,POBLADO COMPLETO,1,2
13,03,07,022,130307022,TRINIDAD ARRIBA,2,POBLADO COMPLETO,1,2
13,03,07,023,130307023,TRINIDAD DE LAS MINAS,3,POBLADO PARTE,1,2
13,03,07,024,130307024,TRINIDAD DE LOS CERROS O EL CRUCE,2,POBLADO COMPLETO,1,2
13,03,07,027,130307027,VISTA ALEGRE,2,POBLADO COMPLETO,1,2
13,03,07,028,130307028,CIRÍ GRANDE ARRIBA,2,POBLADO COMPLETO,1,2
13,03,07,031,130307031,LOS RAUDALES,2,POBLADO COMPLETO,1,2
13,03,07,032,130307032,CIRICITO ARRIBA No.1,2,POBLADO COMPLETO,1,2
13,03,07,033,130307033,TERIA NACIMIENTO O TERIA ARRIBA,3,POBLADO PARTE,1,2
13,03,07,034,130307034,CIRICITO ARRIBA No.2,2,POBLADO COMPLETO,1,2
13,03,07,035,130307035,QUEBRADA EL NANCE,2,POBLADO COMPLETO,1,2
13,03,07,036,130307036,PEÑA BLANCA,2,POBLADO COMPLETO,1,2
13,03,07,037,130307037,LA TAMBORA,2,POBLADO COMPLETO,1,2
13,03,07,038,130307038,CACAITO,2,POBLADO COMPLETO,1,2
13,03,07,039,130307039,YERBA BUENA,2,POBLADO COMPLETO,1,2
13,03,07,040,130307040,ARENAL,2,POBLADO COMPLETO,1,2
13,03,07,041,130307041,EL NAZARENO O LOS RINCONES,2,POBLADO COMPLETO,1,2
13,03,07,042,130307042,LA GLORIA,2,POBLADO COMPLETO,1,2
13,03,07,043,130307043,NUEVA PEÑA BLANCA,2,POBLADO COMPLETO,1,2
13,03,07,044,130307044,MEMBRILLAR,3,POBLADO PARTE,1,2
13,03,07,046,130307046,LOS VERDES,2,POBLADO COMPLETO,1,2
13,03,07,047,130307047,VALLOLI,3,POBLADO PARTE,1,2
13,03,07,048,130307048,ALTOS DEL MARÍA,3,POBLADO PARTE,1,1
13,03,08,001,130308001,BEJUCO O LAS LAJITAS,2,POBLADO COMPLETO,1,2
13,03,08,002,130308002,EL AGUACATE,2,POBLADO COMPLETO,1,2
13,03,08,003,130308003,EL CARAÑO No.1,2,POBLADO COMPLETO,1,2
13,03,08,004,130308004,EL CONGAL,3,POBLADO PARTE,1,2
13,03,08,005,130308005,ESCOBAL O ESCOBALITO,2,POBLADO COMPLETO,1,2
13,03,08,006,130308006,GASPARILLAL,3,POBLADO PARTE,1,2
13,03,08,008,130308008,LA FLORIDA,2,POBLADO COMPLETO,1,2
13,03,08,010,130308010,EL LÍMITE,3,POBLADO PARTE,1,2
13,03,08,011,130308011,LOS ORTIGALES,2,POBLADO COMPLETO,1,2
13,03,08,012,130308012,LA HUMILDAD,2,POBLADO COMPLETO,1,2
13,03,08,013,130308013,NUEVA ARENOSA,1,CABECERA,1,2
13,03,08,014,130308014,LA PITA,2,POBLADO COMPLETO,1,2
13,03,08,015,130308015,LA TAGUA,2,POBLADO COMPLETO,1,2
13,03,08,016,130308016,LAJA LISA O EL CARAÑO,2,POBLADO COMPLETO,1,2
13,03,08,017,130308017,LOS CAÑONES,2,POBLADO COMPLETO,1,2
13,03,08,019,130308019,LOS CHORROS DE TRINIDAD,2,POBLADO COMPLETO,1,2
13,03,08,020,130308020,PUEBLECILLO,2,POBLADO COMPLETO,1,2
13,03,08,022,130308022,LOS FALDARES,2,POBLADO COMPLETO,1,2
13,03,08,024,130308024,LA HONDA ABAJO,2,POBLADO COMPLETO,1,2
13,03,08,025,130308025,LA HONDA ARRIBA,2,POBLADO COMPLETO,1,2
13,03,08,026,130308026,EL MAMEY,2,POBLADO COMPLETO,1,2
13,03,08,027,130308027,CAÑAZAS,3,POBLADO PARTE,1,2
13,03,08,030,130308030,QUEBRADA GRANDE,3,POBLADO PARTE,1,2
13,03,08,031,130308031,PUEBLO NUEVO O HUESITAL,3,POBLADO PARTE,1,2
13,03,09,002,130309002,PALO DIFERENTE,2,POBLADO COMPLETO,1,2
13,03,09,003,130309003,LA JULIANITA,2,POBLADO COMPLETO,1,2
13,03,09,004,130309004,LAS OLLAS ARRIBA,4,CABECERA PARTE (Mixto),1,2
13,03,09,006,130309006,SANTA CRUZ No.2,3,POBLADO PARTE,1,2
13,03,09,007,130309007,VACA DE MONTE ABAJO,2,POBLADO COMPLETO,1,2
13,03,09,009,130309009,LOS MOLEJONES,2,POBLADO COMPLETO,1,2
13,03,09,011,130309011,ARBOLEDA DE SANTA CRUZ,2,POBLADO COMPLETO,1,2
13,03,10,002,130310002,CAIMITILLO,3,POBLADO PARTE,1,2
13,03,10,004,130310004,CAÑAS BLANCAS,3,POBLADO PARTE,1,2
13,03,10,007,130310007,COROCITAL,2,POBLADO COMPLETO,1,2
13,03,10,009,130310009,EL CAMPANILLO,2,POBLADO COMPLETO,1,2
13,03,10,011,130310011,LAS FILIPINAS,2,POBLADO COMPLETO,1,2
13,03,10,013,130310013,LA TABLITA,2,POBLADO COMPLETO,1,2
13,03,10,014,130310014,LÍDICE,1,CABECERA,1,1
13,03,10,015,130310015,LOS DUENDES,2,POBLADO COMPLETO,1,2
13,03,10,017,130310017,MAJARA,2,POBLADO COMPLETO,1,2
13,03,10,022,130310022,CABECERA DE RÍO CAIMITO,2,POBLADO COMPLETO,1,2
13,03,10,023,130310023,BARRAZA FINAL,2,POBLADO COMPLETO,1,2
13,03,10,025,130310025,VALLOLI,3,POBLADO PARTE,1,2
13,03,10,027,130310027,ALTOS DE CERRO TRINIDAD,2,POBLADO COMPLETO,1,2
13,03,10,028,130310028,EL CAUCHAL O LOS CAUCHALES,3,POBLADO PARTE,1,2
13,03,10,029,130310029,BARRAZA No.2,2,POBLADO COMPLETO,1,2
13,03,10,030,130310030,QUEBRADA LAS LAJAS,2,POBLADO COMPLETO,1,2
13,03,10,031,130310031,RÍO BOLLITO,2,POBLADO COMPLETO,1,2
13,03,10,032,130310032,TRINITY HILLS,2,POBLADO COMPLETO,1,2
13,03,11,002,130311002,VILLA CARMEN,1,CABECERA,1,2
13,03,11,004,130311004,VICTORIANO LORENZO,2,POBLADO COMPLETO,1,2
13,03,11,005,130311005,EL PROGRESO,2,POBLADO COMPLETO,1,2
13,03,11,006,130311006,SOTILLO,2,POBLADO COMPLETO,1,2
13,03,12,001,130312001,AGUA BUENA,3,POBLADO PARTE,1,2
13,03,12,002,130312002,AGUA RICA,2,POBLADO COMPLETO,1,2
13,03,12,003,130312003,LA ARENA,2,POBLADO COMPLETO,1,2
13,03,12,004,130312004,LA MONITA O LAS MARGARITAS,2,POBLADO COMPLETO,1,2
13,03,12,005,130312005,LA PITA,2,POBLADO COMPLETO,1,2
13,03,12,006,130312006,VILLA ROSARIO,1,CABECERA,1,1
13,03,12,010,130312010,LA GREGORIA,2,POBLADO COMPLETO,1,2
13,03,12,011,130312011,EL PALMAR O PALMAS BELLAS,3,POBLADO PARTE,1,2
13,03,12,012,130312012,EL POLANCO,3,POBLADO PARTE,1,2
13,03,12,014,130312014,VILLA CAMILA,2,POBLADO COMPLETO,1,2
13,03,12,015,130312015,LAS PALMAS DE CAPIRA,2,POBLADO COMPLETO,1,2
13,03,12,016,130312016,PASEO DE LOS ÁRBOLES,2,POBLADO COMPLETO,1,2
13,03,12,017,130312017,LOS BOSQUES DE LA PITA,2,POBLADO COMPLETO,1,2
13,03,12,018,130312018,CASA ROMANA,2,POBLADO COMPLETO,1,2
13,03,12,019,130312019,RESIDENCIAL EL CARMEN,2,POBLADO COMPLETO,1,2
13,03,12,020,130312020,LA PITA VILLAGE,2,POBLADO COMPLETO,1,2
13,03,13,001,130313001,ARENAS BLANCAS,3,POBLADO PARTE,1,2
13,03,13,002,130313002,BAJO BONITO,2,POBLADO COMPLETO,1,2
13,03,13,003,130313003,BELLA VISTA O LA SANGUIJUELA,2,POBLADO COMPLETO,1,2
13,03,13,006,130313006,EL AHOGADO CENTRO,2,POBLADO COMPLETO,1,2
13,03,13,007,130313007,EL CEDRO,2,POBLADO COMPLETO,1,2
13,03,13,008,130313008,LA PITA,2,POBLADO COMPLETO,1,2
13,03,13,009,130313009,LAS CLARAS ABAJO,2,POBLADO COMPLETO,1,2
13,03,13,010,130313010,LAS CLARAS CENTRO,2,POBLADO COMPLETO,1,2
13,03,13,011,130313011,LAS LAJAS,3,POBLADO PARTE,1,2
13,03,13,012,130313012,LAS PETRAS,2,POBLADO COMPLETO,1,2
13,03,13,013,130313013,LOS RAUDALES,2,POBLADO COMPLETO,1,2
13,03,13,014,130313014,NUEVO LIMÓN O ALTOS DE NUEVO LIMÓN,2,POBLADO COMPLETO,1,2
13,03,13,015,130313015,QUEBRADA AMARILLA,2,POBLADO COMPLETO,1,2
13,03,13,016,130313016,QUEBRADA BEJUCO,2,POBLADO COMPLETO,1,2
13,03,13,017,130313017,QUEBRADA BONITA,2,POBLADO COMPLETO,1,2
13,03,13,018,130313018,QUEBRADA COSTILLA,2,POBLADO COMPLETO,2,2
13,03,13,020,130313020,QUEBRADA LAS PETRAS,2,POBLADO COMPLETO,1,2
13,03,13,021,130313021,QUEBRADA LIMÓN,2,POBLADO COMPLETO,1,2
13,03,13,022,130313022,RIECITO ABAJO,2,POBLADO COMPLETO,1,2
13,03,13,023,130313023,RIECITO ARRIBA,2,POBLADO COMPLETO,1,2
13,03,13,024,130313024,SAN JUAN,2,POBLADO COMPLETO,1,2
13,03,13,025,130313025,SANTA ROSA No.1,2,POBLADO COMPLETO,1,2
13,03,13,026,130313026,SANTA ROSA No.2,1,CABECERA,1,2
13,03,13,027,130313027,LOS ALMENDROS,2,POBLADO COMPLETO,1,2
13,03,13,028,130313028,PUEBLO NUEVO,3,POBLADO PARTE,1,2
13,03,13,029,130313029,QUEBRADA LA PITA,3,POBLADO PARTE,1,2
13,04,01,001,130401001,LA PORCADA,2,POBLADO COMPLETO,1,2
13,04,01,002,130401002,CERRO CHAME,2,POBLADO COMPLETO,2,2
13,04,01,003,130401003,CHAME,1,CABECERA,1,1
13,04,01,009,130401009,EL MANGOTE,3,POBLADO PARTE,1,2
13,04,01,010,130401010,LAS QUINTAS DE CHAME,2,POBLADO COMPLETO,1,2
13,04,02,002,130402002,BEJUCO,1,CABECERA,1,1
13,04,02,004,130402004,CERRO MENA,2,POBLADO COMPLETO,1,2
13,04,02,005,130402005,CORRAL VIEJO,2,POBLADO COMPLETO,1,2
13,04,02,007,130402007,EL MANGOTE,3,POBLADO PARTE,1,2
13,04,02,009,130402009,EL RINCÓN,2,POBLADO COMPLETO,1,2
13,04,02,013,130402013,LA CANTERA DEL TIGRE,2,POBLADO COMPLETO,1,2
13,04,02,014,130402014,LA CRESTA,2,POBLADO COMPLETO,1,2
13,04,02,015,130402015,LAS LAJITAS,2,POBLADO COMPLETO,1,2
13,04,02,017,130402017,LOS CERRITOS,2,POBLADO COMPLETO,1,2
13,04,02,019,130402019,EL PAJONAL,2,POBLADO COMPLETO,1,2
13,04,02,022,130402022,SANTA CRUZ,2,POBLADO COMPLETO,1,2
13,04,02,025,130402025,LA CAMARONERA O GRANJA MARINA,2,POBLADO COMPLETO,2,2
13,04,02,026,130402026,PUERTO DE LA ZONA,2,POBLADO COMPLETO,1,2
13,04,02,027,130402027,LA COLONIA,2,POBLADO COMPLETO,1,2
13,04,02,028,130402028,VILLAS DE LA COLONIA,2,POBLADO COMPLETO,1,2
13,04,02,029,130402029,SANTA LUCÍA,2,POBLADO COMPLETO,1,2
13,04,02,030,130402030,AQUAMAR,2,POBLADO COMPLETO,2,2
13,04,02,031,130402031,FINCA EL ATARDECER,2,POBLADO COMPLETO,1,2
13,04,02,032,130402032,RESIDENCIAL VILLAS DEL MARÍA,3,POBLADO PARTE,1,2
13,04,02,033,130402033,DREAMED PARADISE VILLAGE,2,POBLADO COMPLETO,1,2
13,04,03,001,130403001,BAJO DEL RÍO,2,POBLADO COMPLETO,1,2
13,04,03,003,130403003,BUENA VISTA,2,POBLADO COMPLETO,1,2
13,04,03,004,130403004,BUENOS AIRES,1,CABECERA,1,2
13,04,03,007,130403007,EL JOBITO,2,POBLADO COMPLETO,1,2
13,04,03,008,130403008,EL SALADO,2,POBLADO COMPLETO,1,2
13,04,03,009,130403009,SAN PEDRO,2,POBLADO COMPLETO,1,2
13,04,03,011,130403011,EL ALTO DEL CAIMITO O SAN JOSÉ ARRIBA,2,POBLADO COMPLETO,1,2
13,04,03,012,130403012,LA CHEPA O SAN JOSÉ,2,POBLADO COMPLETO,1,2
13,04,03,014,130403014,LA LAGUNITA,3,POBLADO PARTE,1,2
13,04,03,015,130403015,LA LOMA,2,POBLADO COMPLETO,1,2
13,04,03,018,130403018,LLANO GRANDE,2,POBLADO COMPLETO,1,2
13,04,03,019,130403019,MALGANAO,3,POBLADO PARTE,1,2
13,04,03,021,130403021,EL REPARADERO,2,POBLADO COMPLETO,1,2
13,04,03,022,130403022,RESIDENCIAL VILLAS DEL MARÍA,3,POBLADO PARTE,1,2
13,04,04,002,130404002,CABUYA,1,CABECERA,1,2
13,04,04,005,130404005,EL BAJO DEL VENADO,2,POBLADO COMPLETO,1,2
13,04,04,006,130404006,EL BARRERO,2,POBLADO COMPLETO,1,2
13,04,04,007,130404007,EL BARRETO,2,POBLADO COMPLETO,1,2
13,04,04,008,130404008,EL CALVARIO,2,POBLADO COMPLETO,1,2
13,04,04,009,130404009,ESPAVECITO,3,POBLADO PARTE,1,2
13,04,04,012,130404012,JUAN MIGUEL,2,POBLADO COMPLETO,1,2
13,04,04,013,130404013,LA DIVISA,2,POBLADO COMPLETO,1,2
13,04,04,015,130404015,LA LOMA DEL GUAYABO,2,POBLADO COMPLETO,1,2
13,04,04,016,130404016,LOS CERRITOS,2,POBLADO COMPLETO,1,2
13,04,04,017,130404017,LOS LIMONES,2,POBLADO COMPLETO,1,2
13,04,04,018,130404018,LOS POZOS,2,POBLADO COMPLETO,1,2
13,04,04,020,130404020,MASCAREÑA,2,POBLADO COMPLETO,1,2
13,04,04,022,130404022,PALO BOBO,2,POBLADO COMPLETO,1,2
13,04,04,024,130404024,LAJAS ARRIBA,3,POBLADO PARTE,1,2
13,04,04,025,130404025,BAJO DE LA TINAJA,2,POBLADO COMPLETO,1,2
13,04,04,026,130404026,TRINCHERAS,2,POBLADO COMPLETO,1,2
13,04,04,027,130404027,EL CRISTO,2,POBLADO COMPLETO,1,2
13,04,04,028,130404028,VARGAS,2,POBLADO COMPLETO,1,2
13,04,04,029,130404029,"VILLA CAMPESTRE ""LA MONTAÑEZA""",2,POBLADO COMPLETO,1,2
13,04,04,030,130404030,EL BAJO,2,POBLADO COMPLETO,1,2
13,04,04,031,130404031,BAJO DEL JOBO,3,POBLADO PARTE,1,2
13,04,04,032,130404032,VILLA BRISAS DE LAS LAJAS,2,POBLADO COMPLETO,1,2
13,04,04,033,130404033,HACIENDA FLORENCIANA,2,POBLADO COMPLETO,1,2
13,04,04,034,130404034,QUEBRADAS DE CABUYA,2,POBLADO COMPLETO,1,2
13,04,04,035,130404035,QUINTAS DE CABUYA,2,POBLADO COMPLETO,1,2
13,04,04,036,130404036,FINCA EL MARAÑÓN,2,POBLADO COMPLETO,1,2
13,04,04,037,130404037,LAS LAJAS,3,POBLADO PARTE,1,1
13,04,04,038,130404038,TINAJITA,2,POBLADO COMPLETO,1,2
13,04,04,039,130404039,BARRIADA ROBERTO MORÁN,2,POBLADO COMPLETO,1,2
13,04,05,001,130405001,BAJO GRANDE,2,POBLADO COMPLETO,1,2
13,04,05,002,130405002,BAJO LAS MATAS,2,POBLADO COMPLETO,1,2
13,04,05,003,130405003,BOCA DE VIENTO,2,POBLADO COMPLETO,1,2
13,04,05,004,130405004,CHICÁ,1,CABECERA,1,2
13,04,05,008,130405008,MALGANAO,3,POBLADO PARTE,1,2
13,04,05,010,130405010,FINCA LOMA LINDA,2,POBLADO COMPLETO,1,2
13,04,05,011,130405011,LAS MERCEDES,2,POBLADO COMPLETO,1,2
13,04,05,012,130405012,CAMPANA VILLAS,2,POBLADO COMPLETO,1,2
13,04,05,013,130405013,VILLAS DE CHICÁ,2,POBLADO COMPLETO,1,2
13,04,06,001,130406001,LOS CALABAZOS,2,POBLADO COMPLETO,1,2
13,04,06,002,130406002,COROZAL O ACUA CHAME,2,POBLADO COMPLETO,1,2
13,04,06,003,130406003,EL LÍBANO,1,CABECERA,1,2
13,04,06,005,130406005,LOS ALGARROBOS,2,POBLADO COMPLETO,2,2
13,04,06,006,130406006,EL MANGOTE,3,POBLADO PARTE,1,2
13,04,07,003,130407003,ESPAVECITO,3,POBLADO PARTE,1,2
13,04,07,004,130407004,EL HARINO,2,POBLADO COMPLETO,1,2
13,04,07,005,130407005,LAS LAJAS,4,CABECERA PARTE (Mixto),1,1
13,04,07,007,130407007,CORONADO,3,POBLADO PARTE,1,1
13,04,07,008,130407008,LAJAS ARRIBA,3,POBLADO PARTE,1,2
13,04,07,012,130407012,CONJUNTO RESIDENCIAL LA FLORESTA,2,POBLADO COMPLETO,1,2
13,04,08,002,130408002,NUEVA GORGONA,1,CABECERA,1,1
13,04,08,003,130408003,CORONADO,3,POBLADO PARTE,1,1
13,04,08,007,130408007,FINCA LA PROVIDENCIA,2,POBLADO COMPLETO,1,2
13,04,08,008,130408008,LA FAUSTINA,2,POBLADO COMPLETO,1,2
13,04,08,009,130408009,LA YEGUADA,2,POBLADO COMPLETO,1,2
13,04,08,010,130408010,ALTOS DE QUEBRADA CABUYA,2,POBLADO COMPLETO,1,2
13,04,09,001,130409001,LA BOCA DE CHAME,2,POBLADO COMPLETO,1,2
13,04,09,002,130409002,CLARIDAD,2,POBLADO COMPLETO,1,2
13,04,09,004,130409004,PUNTA CHAME,1,CABECERA,1,2
13,04,09,006,130409006,PLAYA CARACOL,2,POBLADO COMPLETO,1,2
13,04,10,001,130410001,EL ESPAVÉ,2,POBLADO COMPLETO,1,2
13,04,10,002,130410002,EL PEÑÓN,2,POBLADO COMPLETO,1,2
13,04,10,003,130410003,SAJALICES,4,CABECERA PARTE (Mixto),1,2
13,04,10,004,130410004,CERRO AGUDO,2,POBLADO COMPLETO,1,2
13,04,10,005,130410005,EL PROGRESO,2,POBLADO COMPLETO,1,2
13,04,10,006,130410006,LINDA VISTA PARADISE,2,POBLADO COMPLETO,1,2
13,04,11,001,130411001,AROMO,2,POBLADO COMPLETO,1,2
13,04,11,003,130411003,BAJO DEL HIGO,2,POBLADO COMPLETO,1,2
13,04,11,004,130411004,BAJO VERDE,2,POBLADO COMPLETO,1,2
13,04,11,005,130411005,BARRANQUILLA,2,POBLADO COMPLETO,1,2
13,04,11,006,130411006,LAS BOQUILLAS,2,POBLADO COMPLETO,1,2
13,04,11,008,130411008,MANGLARITO CHICO,2,POBLADO COMPLETO,1,2
13,04,11,009,130411009,CERRO VIENTO,2,POBLADO COMPLETO,1,2
13,04,11,010,130411010,LA CORTADERA,2,POBLADO COMPLETO,1,2
13,04,11,011,130411011,CHICHIBALI,2,POBLADO COMPLETO,1,2
13,04,11,012,130411012,PEÑALOSA,2,POBLADO COMPLETO,1,2
13,04,11,013,130411013,EL BARRIAL,2,POBLADO COMPLETO,1,2
13,04,11,014,130411014,EL CALVARIO,2,POBLADO COMPLETO,1,2
13,04,11,016,130411016,EL JOBO,2,POBLADO COMPLETO,1,2
13,04,11,017,130411017,LA SOLEDAD,2,POBLADO COMPLETO,1,2
13,04,11,018,130411018,EL ZÚÑIGA,2,POBLADO COMPLETO,1,2
13,04,11,020,130411020,FILIPINA,2,POBLADO COMPLETO,1,2
13,04,11,021,130411021,LA HUACA,2,POBLADO COMPLETO,1,2
13,04,11,022,130411022,LOMA LARGA,2,POBLADO COMPLETO,1,2
13,04,11,025,130411025,EL MANGLARITO,2,POBLADO COMPLETO,1,2
13,04,11,027,130411027,EL NANZAL,2,POBLADO COMPLETO,1,2
13,04,11,028,130411028,NARANJAL,2,POBLADO COMPLETO,1,2
13,04,11,029,130411029,OJO DE AGUA,2,POBLADO COMPLETO,1,2
13,04,11,031,130411031,PUNTA ARENA,2,POBLADO COMPLETO,1,2
13,04,11,032,130411032,SORÁ,1,CABECERA,1,2
13,04,11,033,130411033,EL TABIRAL,2,POBLADO COMPLETO,1,2
13,04,11,034,130411034,TOSANTO,2,POBLADO COMPLETO,1,2
13,04,11,035,130411035,ALTOS DEL MARÍA,3,POBLADO PARTE,1,1
13,04,11,036,130411036,EL NANZAL ARRIBA,2,POBLADO COMPLETO,1,2
13,04,11,037,130411037,LA LAGUNITA,3,POBLADO PARTE,1,2
13,04,11,038,130411038,RAYA BLANCA,2,POBLADO COMPLETO,1,2
13,04,11,040,130411040,HONDURA,2,POBLADO COMPLETO,1,2
13,04,11,041,130411041,LA RIOCA,2,POBLADO COMPLETO,1,2
13,04,11,043,130411043,SORA HIGHLANDS VILLAGE,2,POBLADO COMPLETO,1,2
13,07,01,001,130701001,BARRIO BALBOA,2,POBLADO COMPLETO,1,1
13,07,02,001,130702001,BARRIO COLÓN,1,CABECERA,1,1
13,07,02,002,130702002,CIUDAD MONTELIMAR,2,POBLADO COMPLETO,1,1
13,07,02,003,130702003,COSTA VERDE,3,POBLADO PARTE,2,1
13,07,02,004,130702004,EL LIMÓN,2,POBLADO COMPLETO,1,1
13,07,02,005,130702005,MASTRANTO,2,POBLADO COMPLETO,1,1
13,07,02,006,130702006,RESIDENCIAL VALLE DORADO,2,POBLADO COMPLETO,1,1
13,07,02,007,130702007,URBANIZACIÓN FUENTE DEL CHASE,2,POBLADO COMPLETO,1,1
13,07,03,003,130703003,CERRO CAMA,3,POBLADO PARTE,1,2
13,07,03,007,130703007,GIGANTE,2,POBLADO COMPLETO,1,2
13,07,03,008,130703008,LAGARTERA,2,POBLADO COMPLETO,1,2
13,07,03,009,130703009,AMADOR O LAGARTERITA,1,CABECERA,1,2
13,07,03,010,130703010,LAS PAVAS,2,POBLADO COMPLETO,1,2
13,07,03,011,130703011,LOS HULES ABAJO,2,POBLADO COMPLETO,1,2
13,07,03,012,130703012,TINAJONES ABAJO,3,POBLADO PARTE,1,2
13,07,03,013,130703013,TINAJONES ARRIBA,2,POBLADO COMPLETO,1,2
13,07,03,014,130703014,CAÑO QUEBRADO ARRIBA,2,POBLADO COMPLETO,2,2
13,07,03,018,130703018,BARRO COLORADO,2,POBLADO COMPLETO,1,2
13,07,03,019,130703019,LOS HULES CENTRO,2,POBLADO COMPLETO,1,2
13,07,03,020,130703020,ALTO DE LA BANDERA,2,POBLADO COMPLETO,1,2
13,07,03,021,130703021,ISLA LAGARTO,2,POBLADO COMPLETO,1,2
13,07,04,001,130704001,AROSEMENA,1,CABECERA,1,2
13,07,04,005,130704005,DIVISA,3,POBLADO PARTE,1,2
13,07,04,008,130704008,EL CRUCE DE AROSEMENA,2,POBLADO COMPLETO,1,2
13,07,04,010,130704010,QUEBRADA GRANDE,2,POBLADO COMPLETO,1,2
13,07,04,013,130704013,CAÑO QUEBRADO,2,POBLADO COMPLETO,1,2
13,07,04,014,130704014,BAJITO VERDE,3,POBLADO PARTE,1,2
13,07,05,003,130705003,EL LIMÓN,2,POBLADO COMPLETO,1,2
13,07,05,004,130705004,EL LIRIO,2,POBLADO COMPLETO,1,2
13,07,05,005,130705005,LA CELESTINA,2,POBLADO COMPLETO,1,2
13,07,05,006,130705006,LOMA ALTA,2,POBLADO COMPLETO,1,2
13,07,05,007,130705007,MOSCÚ,3,POBLADO PARTE,1,2
13,07,05,008,130705008,NARANJAL,2,POBLADO COMPLETO,1,2
13,07,05,010,130705010,RÍO CONGO,1,CABECERA,1,2
13,07,05,011,130705011,RÍO CONGO ABAJO O LOS MONTEROS,2,POBLADO COMPLETO,1,2
13,07,05,013,130705013,SANTA CRUZ,2,POBLADO COMPLETO,1,2
13,07,05,015,130705015,EL CUIPAL,3,POBLADO PARTE,1,2
13,07,05,016,130705016,CERRO VIEJO,2,POBLADO COMPLETO,1,2
13,07,05,018,130705018,URBANIZACIÓN JUAN PABLO II,2,POBLADO COMPLETO,1,2
13,07,05,019,130705019,MYSTIC CITY,2,POBLADO COMPLETO,1,2
13,07,05,020,130705020,RESIDENCIAL EL CIELO,2,POBLADO COMPLETO,1,2
13,07,05,021,130705021,CIUDAD EL ARADO,2,POBLADO COMPLETO,1,2
13,07,05,022,130705022,RESIDENCIAL BRISAS DEL ARADO,2,POBLADO COMPLETO,1,2
13,07,05,023,130705023,RESIDENCIAL VALENTINA,2,POBLADO COMPLETO,1,2
13,07,05,024,130705024,SALTO MIRAFLOR,2,POBLADO COMPLETO,1,2
13,07,05,025,130705025,VILLAS DEL ARADO,2,POBLADO COMPLETO,1,2
13,07,05,026,130705026,CIUDAD EL ARADO,2,POBLADO COMPLETO,1,2
13,07,05,027,130705027,BRISAS DE LOS LAGOS,2,POBLADO COMPLETO,1,2
13,07,05,028,130705028,HACIENDA NUEVO EMPERADOR,3,POBLADO PARTE,1,2
13,07,05,029,130705029,HORIZONTES DEL OESTE,2,POBLADO COMPLETO,1,2
13,07,05,030,130705030,CIUDAD EL ARADO,2,POBLADO COMPLETO,1,2
13,07,06,003,130706003,EL COCO,1,CABECERA,1,1
13,07,06,006,130706006,POTRERO GRANDE,3,POBLADO PARTE,1,1
13,07,06,007,130706007,RAUDAL,2,POBLADO COMPLETO,1,2
13,07,07,001,130707001,EL ESPINO,1,CABECERA,1,1
13,07,07,002,130707002,LAS LAJITAS,2,POBLADO COMPLETO,1,2
13,07,07,005,130707005,SANTA CRUZ No.1,3,POBLADO PARTE,1,2
13,07,07,006,130707006,LA TULIHUECA,2,POBLADO COMPLETO,1,2
13,07,07,007,130707007,SANTA CRUZ No.2,3,POBLADO PARTE,1,2
13,07,07,008,130707008,CERRO NEGRO,3,POBLADO PARTE,1,2
13,07,07,009,130707009,ALTOS DEL ESPINO,3,POBLADO PARTE,1,2
13,07,08,001,130708001,ALTO DEL ESPINO,3,POBLADO PARTE,1,1
13,07,08,002,130708002,ALTOS DE SAN FRANCISCO O LAS CRUCES,2,POBLADO COMPLETO,1,1
13,07,08,003,130708003,CERRO NEGRO,3,POBLADO PARTE,1,2
13,07,08,004,130708004,GUADALUPE O LA LAGUNA,1,CABECERA,1,1
13,07,08,006,130708006,LA HERRADURA,3,POBLADO PARTE,1,1
13,07,08,007,130708007,LA VALDEZA,2,POBLADO COMPLETO,1,2
13,07,08,012,130708012,POTRERO GRANDE,3,POBLADO PARTE,1,1
13,07,08,016,130708016,LA PESA,2,POBLADO COMPLETO,1,1
13,07,08,018,130708018,ALTO JOBO,2,POBLADO COMPLETO,1,2
13,07,08,019,130708019,HACIENDA LOS CALDERONES,2,POBLADO COMPLETO,1,1
13,07,08,020,130708020,URBANIZACIÓN LA VALDEZA,3,POBLADO PARTE,1,1
13,07,08,021,130708021,LOS PIÑALES,2,POBLADO COMPLETO,1,2
13,07,08,022,130708022,NUEVA ESPERANZA,2,POBLADO COMPLETO,1,2
13,07,09,001,130709001,ALTO DE ESPAVÉ,2,POBLADO COMPLETO,1,2
13,07,09,003,130709003,CAÑO QUEBRADO ARRIBA No.1,2,POBLADO COMPLETO,1,2
13,07,09,004,130709004,CERRO LA SILLA,2,POBLADO COMPLETO,1,2
13,07,09,005,130709005,ESPAVÉ,2,POBLADO COMPLETO,1,2
13,07,09,006,130709006,GATO DE AGUA,2,POBLADO COMPLETO,1,2
13,07,09,007,130709007,LA COCOBOLA,2,POBLADO COMPLETO,1,2
13,07,09,008,130709008,LA LOMA,2,POBLADO COMPLETO,1,2
13,07,09,009,130709009,LA PITA,2,POBLADO COMPLETO,1,2
13,07,09,010,130709010,LAS PIEDRAS,2,POBLADO COMPLETO,1,2
13,07,09,011,130709011,MONTE VIEJO,2,POBLADO COMPLETO,1,2
13,07,09,012,130709012,RIECITO,2,POBLADO COMPLETO,1,2
13,07,09,013,130709013,TRAPICHITO,2,POBLADO COMPLETO,1,1
13,07,09,014,130709014,LAS YAYAS ADENTRO,2,POBLADO COMPLETO,1,2
13,07,09,015,130709015,LAS YAYAS AFUERA,2,POBLADO COMPLETO,1,2
13,07,09,016,130709016,LAS ZANGUENGAS,1,CABECERA,1,2
13,07,09,017,130709017,QUEBRADA PIEDRA,2,POBLADO COMPLETO,1,2
13,07,09,018,130709018,EL ZAÍNO O COROZALES ADENTRO,3,POBLADO PARTE,1,2
13,07,09,019,130709019,ESTANCIAS MENDOZA,2,POBLADO COMPLETO,1,1
13,07,09,022,130709022,CRYSTAL PARK,2,POBLADO COMPLETO,1,1
13,07,09,023,130709023,MENDOZAS PARK,2,POBLADO COMPLETO,1,2
13,07,09,024,130709024,PRADO CITY,2,POBLADO COMPLETO,1,1
13,07,09,025,130709025,RESIDENCIAL SAN JUAN,2,POBLADO COMPLETO,1,2
13,07,09,026,130709026,RESIDENCIAL GREEN PARK,2,POBLADO COMPLETO,1,2
13,07,09,027,130709027,URBANIZACIÓN MENDOZA VALLEY,2,POBLADO COMPLETO,1,2
13,07,09,028,130709028,HACIENDA LOS ROBLES,2,POBLADO COMPLETO,1,2
13,07,09,029,130709029,RESIDENCIAL CAMPO VERDE,2,POBLADO COMPLETO,1,2
13,07,09,030,130709030,RESIDENCIAL LA FELICIDAD,2,POBLADO COMPLETO,1,2
13,07,09,031,130709031,LOS ARRAYANES,2,POBLADO COMPLETO,1,2
13,07,10,004,130710004,EL ZAÍNO O COROZALES ADENTRO,4,CABECERA PARTE (Mixto),1,2
13,07,10,005,130710005,COROZALES AFUERA,2,POBLADO COMPLETO,1,2
13,07,10,007,130710007,DIVISA,3,POBLADO PARTE,1,2
13,07,10,008,130710008,LA NONECA O LLANITO VERDE,2,POBLADO COMPLETO,1,2
13,07,10,010,130710010,LAS LAJAS,2,POBLADO COMPLETO,1,2
13,07,10,011,130710011,SANTA RITA,3,POBLADO PARTE,1,2
13,07,10,012,130710012,BAJO GRANDE,3,POBLADO PARTE,1,2
13,07,11,001,130711001,ARENOSA,1,CABECERA,1,2
13,07,11,003,130711003,CAÑO QUEBRADO ABAJO,2,POBLADO COMPLETO,1,2
13,07,11,004,130711004,COCA COLA,2,POBLADO COMPLETO,1,2
13,07,11,005,130711005,CUCHIRVO,2,POBLADO COMPLETO,1,2
13,07,11,006,130711006,CERRO CAMA,3,POBLADO PARTE,1,2
13,07,11,007,130711007,LA COLORADA,2,POBLADO COMPLETO,1,2
13,07,11,008,130711008,LA LEONA,2,POBLADO COMPLETO,1,2
13,07,11,009,130711009,LOS HULES ARRIBA,2,POBLADO COMPLETO,1,2
13,07,11,014,130711014,QUEBRADA CAUCHO,2,POBLADO COMPLETO,2,2
13,07,11,017,130711017,EL ZAÍNO O COROZALES ADENTRO,3,POBLADO PARTE,1,2
13,07,11,019,130711019,EL IGUANO,2,POBLADO COMPLETO,1,2
13,07,11,021,130711021,ENTRADA DE AROSEMENA,2,POBLADO COMPLETO,1,2
13,07,12,001,130712001,ALTOS DEL JOBO,2,POBLADO COMPLETO,1,2
13,07,12,002,130712002,CALABACITO,2,POBLADO COMPLETO,1,2
13,07,12,004,130712004,CAÑITO,2,POBLADO COMPLETO,2,2
13,07,12,005,130712005,EL CAÑITO O CERRO CAÑITO,2,POBLADO COMPLETO,1,2
13,07,12,007,130712007,EL CUIPAL,3,POBLADO PARTE,1,2
13,07,12,008,130712008,LA LAGUNA,1,CABECERA,1,2
13,07,12,010,130712010,PUEBLO NUEVO,2,POBLADO COMPLETO,1,2
13,07,12,011,130712011,QUEBRADA LAGARTO,2,POBLADO COMPLETO,1,2
13,07,12,013,130712013,RÍO PESCADO,2,POBLADO COMPLETO,1,2
13,07,12,014,130712014,FINCA CINCO ESTRELLAS,2,POBLADO COMPLETO,1,2
13,07,12,015,130712015,EL JOBO ARRIBA,2,POBLADO COMPLETO,1,2
13,07,12,016,130712016,PENÍNSULA,2,POBLADO COMPLETO,1,2
13,07,13,001,130713001,AGUA BUENA,2,POBLADO COMPLETO,1,2
13,07,13,002,130713002,BAJO CIGUAL,3,POBLADO PARTE,1,2
13,07,13,003,130713003,EL BROQUEL,2,POBLADO COMPLETO,1,2
13,07,13,004,130713004,EL CIGUAL,2,POBLADO COMPLETO,1,2
13,07,13,008,130713008,LOS MORTALES,2,POBLADO COMPLETO,1,2
13,07,13,010,130713010,LAS OLLAS ABAJO,1,CABECERA,1,2
13,07,13,011,130713011,LAS OLLAS ARRIBA,3,POBLADO PARTE,1,2
13,07,14,001,130714001,CAÑO QUEBRADO ABAJO,2,POBLADO COMPLETO,1,2
13,07,14,010,130714010,MENDOZA,1,CABECERA,1,2
13,07,14,011,130714011,QUEBRADA CHICO O EL PELIGRO,2,POBLADO COMPLETO,1,2
13,07,14,012,130714012,RÍO CONGUITO,2,POBLADO COMPLETO,1,2
13,07,14,014,130714014,TINAJONES ABAJO,3,POBLADO PARTE,1,2
13,07,14,016,130714016,VILLA GLORIA,2,POBLADO COMPLETO,1,2
13,07,15,001,130715001,SAN SEBASTIAN,2,POBLADO COMPLETO,1,2
13,07,15,003,130715003,CAÑAZAS,3,POBLADO PARTE,1,2
13,07,15,005,130715005,BAJITO VERDE,3,POBLADO PARTE,1,2
13,07,15,006,130715006,CAIMITILLO ABAJO,3,POBLADO PARTE,1,2
13,07,15,007,130715007,GATO DE AGUA,2,POBLADO COMPLETO,1,2
13,07,15,008,130715008,EL LÍMITE,3,POBLADO PARTE,1,2
13,07,15,010,130715010,CAÑACITA,2,POBLADO COMPLETO,1,2
13,07,15,012,130715012,EL CONGAL,3,POBLADO PARTE,1,2
13,07,15,014,130715014,PUEBLO NUEVO O HUESITAL,4,CABECERA PARTE (Mixto),1,2
13,07,16,002,130716002,EL SALITRAL,2,POBLADO COMPLETO,1,2
13,07,16,005,130716005,LA MITRA,1,CABECERA,1,1
13,07,16,007,130716007,LOS HATILLOS,2,POBLADO COMPLETO,1,2
13,07,16,008,130716008,LLANO LARGO,2,POBLADO COMPLETO,1,1
13,07,16,009,130716009,PEÑAS BLANCAS,2,POBLADO COMPLETO,1,1
13,07,16,010,130716010,PLAYA LEONA,2,POBLADO COMPLETO,1,2
13,07,16,011,130716011,LA ZAPERA,2,POBLADO COMPLETO,1,2
13,07,16,012,130716012,EL CHARCÓN,2,POBLADO COMPLETO,1,2
13,07,16,016,130716016,LA PITAHALLA,2,POBLADO COMPLETO,1,2
13,07,16,018,130716018,PLAYA ALBERTÓN,2,POBLADO COMPLETO,1,2
13,07,16,020,130716020,ENTRADA DE PLAYA CHIQUITA,2,POBLADO COMPLETO,1,2
13,07,16,021,130716021,LA MULA,2,POBLADO COMPLETO,1,2
13,07,16,022,130716022,LOS BAJOS DE PEREQUETÉ,2,POBLADO COMPLETO,1,2
13,07,16,023,130716023,PLAYA CHIQUITA,3,POBLADO PARTE,1,2
13,07,16,024,130716024,PLAYA DUENDE,2,POBLADO COMPLETO,2,2
13,07,16,027,130716027,LA HERRADURA,3,POBLADO PARTE,1,1
13,07,16,028,130716028,BARRIADA LA MILAGROSA,2,POBLADO COMPLETO,1,1
13,07,16,030,130716030,LA VALDEZA,2,POBLADO COMPLETO,1,2
13,07,16,031,130716031,RESIDENCIAL BOSQUE DORADO,2,POBLADO COMPLETO,1,1
13,07,16,032,130716032,URBANIZACIÓN LA VALDEZA,3,POBLADO PARTE,1,1
13,07,17,007,130717007,LA GRIFA,2,POBLADO COMPLETO,1,2
13,07,17,008,130717008,PLAYA CHIQUITA,3,POBLADO PARTE,1,2
13,07,17,009,130717009,PUERTO CAIMITO,1,CABECERA,1,1
13,07,17,014,130717014,BARRIADA EL PROGRESO,2,POBLADO COMPLETO,1,1
13,07,17,021,130717021,DESPUÉS DEL PUENTE O PUNTA SALAZAR,2,POBLADO COMPLETO,1,2
13,07,17,023,130717023,ISLA DE GATO,2,POBLADO COMPLETO,1,2
13,07,17,026,130717026,SAN JOSÉ O KOSOVO,2,POBLADO COMPLETO,1,2
13,07,17,027,130717027,COSTA VERDE,3,POBLADO PARTE,1,1
13,07,17,029,130717029,RESIDENCIAL COLINA DEL MAR,2,POBLADO COMPLETO,1,2
13,07,17,030,130717030,ARBOLEDAS,2,POBLADO COMPLETO,1,1
13,07,17,031,130717031,RESIDENCIAL PASEO MIRAMAR,2,POBLADO COMPLETO,1,1
13,07,17,032,130717032,EL GUARUMAL,2,POBLADO COMPLETO,1,2
13,07,17,033,130717033,COSTA OESTE,2,POBLADO COMPLETO,1,1
13,07,18,001,130718001,BAJO GRANDE,3,POBLADO PARTE,1,2
13,07,18,002,130718002,CAIMITILLO ABAJO,3,POBLADO PARTE,1,2
13,07,18,004,130718004,EL ESCOBAL,2,POBLADO COMPLETO,1,2
13,07,18,005,130718005,SANTA RITA,4,CABECERA PARTE (Mixto),1,2
13,07,18,006,130718006,SANTA CRUZ No.1,3,POBLADO PARTE,1,2
13,07,18,007,130718007,BARRIADA SANTA RITA,2,POBLADO COMPLETO,1,2
13,07,18,008,130718008,LOMA DE LOS MONTILLAS U OTRO LADO DEL PUENTE,2,POBLADO COMPLETO,1,2
13,09,01,002,130901002,COLÓN,2,POBLADO COMPLETO,1,2
13,09,01,003,130901003,EL ARENAL,2,POBLADO COMPLETO,1,2
13,09,01,004,130901004,EL NANCE,2,POBLADO COMPLETO,1,2
13,09,01,005,130901005,LAGO MAR,2,POBLADO COMPLETO,1,1
13,09,01,006,130901006,DOS HERMANAS,2,POBLADO COMPLETO,1,2
13,09,01,007,130901007,EL PALMAR,2,POBLADO COMPLETO,1,2
13,09,01,010,130901010,MATA PALO,3,POBLADO PARTE,1,2
13,09,01,011,130901011,RÍO MAR,2,POBLADO COMPLETO,1,1
13,09,01,012,130901012,SAN CARLOS,1,CABECERA,1,1
13,09,01,013,130901013,SANTA TERESITA,2,POBLADO COMPLETO,1,2
13,09,01,014,130901014,TRANQUILLAS,3,POBLADO PARTE,1,2
13,09,01,015,130901015,EL VELADERO,2,POBLADO COMPLETO,1,2
13,09,01,017,130901017,EL RODEO,2,POBLADO COMPLETO,1,2
13,09,01,018,130901018,COSTA ESMERALDA,2,POBLADO COMPLETO,1,1
13,09,01,019,130901019,VISTA MAR,2,POBLADO COMPLETO,1,2
13,09,01,020,130901020,URBANIZACIÓN VISTA MAR,2,POBLADO COMPLETO,1,1
13,09,01,021,130901021,HACIENDA PACÍFICA,3,POBLADO PARTE,1,2
13,09,01,023,130901023,THE VILLAGE BEACH RESIDENCE,2,POBLADO COMPLETO,1,2
13,09,01,024,130901024,FINCA HERMANOS DE GRACIA,3,POBLADO PARTE,2,2
13,09,02,002,130902002,BAJO COROZAL,2,POBLADO COMPLETO,1,2
13,09,02,003,130902003,BAJO DE LAS BATEAS,3,POBLADO PARTE,1,2
13,09,02,006,130902006,CERRO COLORADO,2,POBLADO COMPLETO,1,2
13,09,02,007,130902007,EL COPECITO,2,POBLADO COMPLETO,1,2
13,09,02,008,130902008,COROZAL,2,POBLADO COMPLETO,2,2
13,09,02,009,130902009,ALGARROBO,2,POBLADO COMPLETO,1,2
13,09,02,010,130902010,BAJO DEL INFIERNILLO,2,POBLADO COMPLETO,1,2
13,09,02,012,130902012,EL DORMIDERO,2,POBLADO COMPLETO,1,2
13,09,02,013,130902013,ESPAVECITO,2,POBLADO COMPLETO,1,2
13,09,02,014,130902014,EL ESPINITO,2,POBLADO COMPLETO,1,2
13,09,02,015,130902015,EL ESPINO,4,CABECERA PARTE (Mixto),1,2
13,09,02,016,130902016,EL NARANJAL,2,POBLADO COMPLETO,1,2
13,09,02,017,130902017,LA AGUSTINA,3,POBLADO PARTE,1,2
13,09,02,018,130902018,LA CENTELLA,2,POBLADO COMPLETO,1,2
13,09,02,019,130902019,LA GALERA,2,POBLADO COMPLETO,1,2
13,09,02,020,130902020,LA GLORIA,2,POBLADO COMPLETO,1,2
13,09,02,023,130902023,LA UVA,2,POBLADO COMPLETO,1,2
13,09,02,024,130902024,LA VARA DE JUAN SÁNCHEZ,2,POBLADO COMPLETO,1,2
13,09,02,025,130902025,LOS COCOBOLOS,2,POBLADO COMPLETO,1,2
13,09,02,026,130902026,LOS PINTOS,2,POBLADO COMPLETO,1,2
13,09,02,027,130902027,LOS POZOS,2,POBLADO COMPLETO,1,2
13,09,02,028,130902028,LLANO BONITO,2,POBLADO COMPLETO,1,2
13,09,02,029,130902029,PEDREGAL,2,POBLADO COMPLETO,1,2
13,09,02,031,130902031,BARRIO NUEVO,2,POBLADO COMPLETO,1,2
13,09,02,032,130902032,LA PLACITA,3,POBLADO PARTE,1,2
13,09,02,035,130902035,CALLE LARGA,3,POBLADO PARTE,1,2
13,09,02,036,130902036,HACIENDA EL VALLE DE SANTA CATALINA,2,POBLADO COMPLETO,1,2
13,09,02,037,130902037,HACIENDA LA FLORENCIANA,2,POBLADO COMPLETO,1,2
13,09,02,038,130902038,HACIENDA LA UVA,2,POBLADO COMPLETO,1,2
13,09,02,039,130902039,CENTELLA HEIGHTS,2,POBLADO COMPLETO,1,2
13,09,02,040,130902040,EL NANCE,2,POBLADO COMPLETO,1,2
13,09,02,041,130902041,QUEBRADA DE EL VALLE,2,POBLADO COMPLETO,1,2
13,09,02,042,130902042,VALLE VILLAGE,2,POBLADO COMPLETO,1,2
13,09,03,002,130903002,BAJO DE LAS BATEAS,3,POBLADO PARTE,1,2
13,09,03,003,130903003,BAJO DEL PUEBLO,2,POBLADO COMPLETO,1,2
13,09,03,005,130903005,EL CIRUELITO,2,POBLADO COMPLETO,1,2
13,09,03,006,130903006,EL COMEJÉN O SAN ANTONIO,2,POBLADO COMPLETO,1,2
13,09,03,007,130903007,CORONA O PLAYA CORONA,2,POBLADO COMPLETO,1,2
13,09,03,008,130903008,EL COPÉ,3,POBLADO PARTE,1,2
13,09,03,009,130903009,EL CORTEZO,2,POBLADO COMPLETO,1,2
13,09,03,011,130903011,EL GUAYABO,2,POBLADO COMPLETO,1,2
13,09,03,012,130903012,EL HIGO,1,CABECERA,1,2
13,09,03,013,130903013,EL JOBAL,2,POBLADO COMPLETO,1,2
13,09,03,014,130903014,EL PASTOREO,2,POBLADO COMPLETO,1,2
13,09,03,016,130903016,LA CHUMICOSA,2,POBLADO COMPLETO,1,2
13,09,03,017,130903017,LA LOMA,2,POBLADO COMPLETO,1,2
13,09,03,019,130903019,LOMA LARGA,2,POBLADO COMPLETO,1,2
13,09,03,020,130903020,LOS PALOMINOS,2,POBLADO COMPLETO,1,2
13,09,03,021,130903021,LOS POZOS,2,POBLADO COMPLETO,1,2
13,09,03,022,130903022,LOS SAMANIEGOS,2,POBLADO COMPLETO,1,2
13,09,03,023,130903023,LLANO REDONDO,2,POBLADO COMPLETO,1,2
13,09,03,024,130903024,MARÍA VICENTA,2,POBLADO COMPLETO,1,2
13,09,03,026,130903026,PALO DIFERENTE,2,POBLADO COMPLETO,1,2
13,09,03,028,130903028,PIEDRAS GORDAS,2,POBLADO COMPLETO,1,2
13,09,03,029,130903029,PUERTO DE TIERRA,2,POBLADO COMPLETO,1,2
13,09,03,034,130903034,BOCA DE AGALLAL,3,POBLADO PARTE,1,2
13,09,03,035,130903035,RODEO DEL NANCE,2,POBLADO COMPLETO,1,2
13,09,03,036,130903036,LOS ARRAÍCES,2,POBLADO COMPLETO,1,2
13,09,03,037,130903037,MIRAMAR CLUB RESORT,3,POBLADO PARTE,2,2
13,09,03,038,130903038,PIEDRAS GORDAS VILLAGE,2,POBLADO COMPLETO,1,2
13,09,03,039,130903039,PLAYA DEL SOL,2,POBLADO COMPLETO,1,2
13,09,03,040,130903040,RESIDENCIAL EL HIGO,2,POBLADO COMPLETO,1,2
13,09,04,001,130904001,MATA REDONDA,2,POBLADO COMPLETO,1,2
13,09,04,002,130904002,ALTO DEL RÍO,2,POBLADO COMPLETO,1,2
13,09,04,003,130904003,BAJO TETA,3,POBLADO PARTE,1,2
13,09,04,004,130904004,BAJOS DEL RÍO TETA,2,POBLADO COMPLETO,1,2
13,09,04,005,130904005,CAÑAZAS,2,POBLADO COMPLETO,1,2
13,09,04,007,130904007,EL ALTO DE LA CRUZ,2,POBLADO COMPLETO,1,2
13,09,04,008,130904008,GUAYABITO,1,CABECERA,1,2
13,09,04,009,130904009,EL HIGO No.2,2,POBLADO COMPLETO,1,2
13,09,04,011,130904011,EL ROBLE,2,POBLADO COMPLETO,1,2
13,09,04,013,130904013,ASIENTO VIEJO,2,POBLADO COMPLETO,1,2
13,09,04,015,130904015,LA MESA,2,POBLADO COMPLETO,1,2
13,09,04,016,130904016,LA MESITA,2,POBLADO COMPLETO,1,2
13,09,04,017,130904017,LA PEÑA,2,POBLADO COMPLETO,1,2
13,09,04,018,130904018,LAS PAREDES,2,POBLADO COMPLETO,1,2
13,09,04,021,130904021,LOMA LARGA,2,POBLADO COMPLETO,1,2
13,09,04,023,130904023,LLANO GRANDE,2,POBLADO COMPLETO,1,2
13,09,04,024,130904024,TRANQUILLAS,3,POBLADO PARTE,1,2
13,09,04,025,130904025,LOMA COLORADA,2,POBLADO COMPLETO,1,2
13,09,04,026,130904026,LLANO BONITO,2,POBLADO COMPLETO,1,2
13,09,04,027,130904027,HACIENDA PACÍFICA,3,POBLADO PARTE,1,2
13,09,04,028,130904028,LA PEDREGOSA,2,POBLADO COMPLETO,1,2
13,09,04,029,130904029,FINCA HERMANOS DE GRACIA,3,POBLADO PARTE,1,2
13,09,04,030,130904030,LA POSITA,2,POBLADO COMPLETO,1,2
13,09,05,003,130905003,BOCA DE AGALLAL,3,POBLADO PARTE,1,2
13,09,05,004,130905004,BOCA DE LAS GUÍAS,2,POBLADO COMPLETO,1,2
13,09,05,006,130905006,CIRUELITO,2,POBLADO COMPLETO,1,2
13,09,05,007,130905007,EL HATO,2,POBLADO COMPLETO,1,2
13,09,05,008,130905008,EL HIGUITO,2,POBLADO COMPLETO,1,2
13,09,05,009,130905009,EL PERICO,2,POBLADO COMPLETO,1,2
13,09,05,010,130905010,SAINILLO,2,POBLADO COMPLETO,1,2
13,09,05,011,130905011,EL HIGUERÓN,2,POBLADO COMPLETO,2,2
13,09,05,012,130905012,LA ERMITA,1,CABECERA,1,2
13,09,05,013,130905013,LA HIPÓLITA,2,POBLADO COMPLETO,1,2
13,09,05,014,130905014,LOMA DEL TIGRE,2,POBLADO COMPLETO,1,2
13,09,05,015,130905015,LA LOMA DE PALOGAVIA,2,POBLADO COMPLETO,1,2
13,09,05,016,130905016,LA PALMA,2,POBLADO COMPLETO,1,2
13,09,05,017,130905017,LA PITA,2,POBLADO COMPLETO,1,2
13,09,05,018,130905018,LAS CAJAS,2,POBLADO COMPLETO,1,2
13,09,05,019,130905019,LAS LAJITAS,2,POBLADO COMPLETO,2,2
13,09,05,022,130905022,LOMA DEL AGALLAL,2,POBLADO COMPLETO,1,2
13,09,05,023,130905023,LOS ARENALES,2,POBLADO COMPLETO,1,2
13,09,05,024,130905024,POTRERILLOS,2,POBLADO COMPLETO,1,2
13,09,05,026,130905026,QUEBRADA DE AGUA,2,POBLADO COMPLETO,1,2
13,09,05,028,130905028,EL VALLE DE CORONA,2,POBLADO COMPLETO,1,2
13,09,05,029,130905029,MIRAMAR CLUB RESORT,3,POBLADO PARTE,2,2
13,09,06,001,130906001,ALTO DEL JOBO,2,POBLADO COMPLETO,1,2
13,09,06,002,130906002,ALTO DEL MAMEY,2,POBLADO COMPLETO,1,2
13,09,06,004,130906004,BAJO DEL JOBO,3,POBLADO PARTE,1,2
13,09,06,005,130906005,BAJO DEL TIGRE,2,POBLADO COMPLETO,1,2
13,09,06,008,130906008,EL CHIZNA,2,POBLADO COMPLETO,1,2
13,09,06,009,130906009,EL GUABITO,2,POBLADO COMPLETO,1,2
13,09,06,010,130906010,LA GUACAMAYA,2,POBLADO COMPLETO,1,2
13,09,06,012,130906012,EL NANCITO,2,POBLADO COMPLETO,1,2
13,09,06,014,130906014,EL PICACHO,2,POBLADO COMPLETO,1,2
13,09,06,015,130906015,EL UVERITO,2,POBLADO COMPLETO,1,2
13,09,06,016,130906016,JOBO DULCE,2,POBLADO COMPLETO,1,2
13,09,06,018,130906018,LA LAGUNA,1,CABECERA,1,2
13,09,06,019,130906019,ALTO DE LOS PINOS O LA LOMA,2,POBLADO COMPLETO,1,2
13,09,06,020,130906020,LA MINA,2,POBLADO COMPLETO,1,2
13,09,06,022,130906022,LA PLACITA,2,POBLADO COMPLETO,1,2
13,09,06,024,130906024,LAS ÁNIMAS,2,POBLADO COMPLETO,1,2
13,09,06,025,130906025,LA SOLANA,2,POBLADO COMPLETO,1,2
13,09,06,028,130906028,BAJO TETA,3,POBLADO PARTE,1,2
13,09,06,029,130906029,RÍO DE JESÚS,3,POBLADO PARTE,1,2
13,09,06,030,130906030,EL CAIMITO,2,POBLADO COMPLETO,1,2
13,09,06,031,130906031,EL AROMO,2,POBLADO COMPLETO,1,2
13,09,06,032,130906032,LIMÓN SECO,2,POBLADO COMPLETO,1,2
13,09,06,033,130906033,EL BARRERO,2,POBLADO COMPLETO,1,2
13,09,06,034,130906034,BAJO AGUACATE,2,POBLADO COMPLETO,1,2
13,09,06,035,130906035,VALLE CHIQUITO,2,POBLADO COMPLETO,1,2
13,09,06,037,130906037,BAJO DEL PIXVAE,2,POBLADO COMPLETO,1,2
13,09,06,038,130906038,REPARADERO,2,POBLADO COMPLETO,1,2
13,09,06,039,130906039,ALTOS DEL MARÍA,3,POBLADO PARTE,1,1
13,09,06,040,130906040,PORTALÓN,2,POBLADO COMPLETO,1,2
13,09,06,041,130906041,RANCHO SANTA FE,2,POBLADO COMPLETO,1,2
13,09,07,001,130907001,CALLE LARGA,3,POBLADO PARTE,1,2
13,09,07,002,130907002,EL ESPINO,3,POBLADO PARTE,1,2
13,09,07,003,130907003,EL HATILLO,2,POBLADO COMPLETO,1,2
13,09,07,004,130907004,LA PALMA,2,POBLADO COMPLETO,1,2
13,09,07,005,130907005,LA PANCHITA,2,POBLADO COMPLETO,1,2
13,09,07,006,130907006,LA UNIÓN,2,POBLADO COMPLETO,1,2
13,09,07,007,130907007,LAS UVAS,1,CABECERA,1,2
13,09,07,008,130907008,PLAYA GRANDE,2,POBLADO COMPLETO,1,2
13,09,07,009,130907009,QUEBRADA GRANDE,2,POBLADO COMPLETO,1,2
13,09,07,010,130907010,PLAYA PANAMÁ,2,POBLADO COMPLETO,1,2
13,09,07,012,130907012,EL ARCABUZ,2,POBLADO COMPLETO,1,2
13,09,07,013,130907013,LA AGUSTINA,3,POBLADO PARTE,1,2
13,09,07,014,130907014,CASA MAR,2,POBLADO COMPLETO,1,2
13,09,07,015,130907015,VALLE DE LOS LIRIOS,2,POBLADO COMPLETO,1,2
13,09,07,016,130907016,REFUGIO DEL VALLE,2,POBLADO COMPLETO,1,2
13,09,07,017,130907017,MATA PALO,3,POBLADO PARTE,1,2
13,09,08,001,130908001,ALTO DE LA POMA,2,POBLADO COMPLETO,1,2
13,09,08,002,130908002,LAS YAYAS,2,POBLADO COMPLETO,1,2
13,09,08,003,130908003,BAJOS DEL AGUACATE,2,POBLADO COMPLETO,1,2
13,09,08,005,130908005,CAIMITILLO,2,POBLADO COMPLETO,1,2
13,09,08,006,130908006,EL CALABACITO,2,POBLADO COMPLETO,1,2
13,09,08,007,130908007,CERRO AGUDO,2,POBLADO COMPLETO,1,2
13,09,08,008,130908008,CERRO PEÑA,2,POBLADO COMPLETO,1,2
13,09,08,009,130908009,ALTOS DE TAGUA O CERRO TAGUA,2,POBLADO COMPLETO,1,2
13,09,08,011,130908011,CHICHIBALI,2,POBLADO COMPLETO,1,2
13,09,08,012,130908012,EL CIRUELITO,2,POBLADO COMPLETO,1,2
13,09,08,013,130908013,EL CHORRO,2,POBLADO COMPLETO,1,2
13,09,08,015,130908015,EL ESPINITO,2,POBLADO COMPLETO,1,2
13,09,08,016,130908016,LA SABANETA,2,POBLADO COMPLETO,1,2
13,09,08,017,130908017,EL LIMÓN,2,POBLADO COMPLETO,1,2
13,09,08,018,130908018,EL MAMEY,2,POBLADO COMPLETO,1,2
13,09,08,020,130908020,ALTO DEL CERRO EL TIGRE,2,POBLADO COMPLETO,1,2
13,09,08,022,130908022,EL POTRERO O POTRERITO,2,POBLADO COMPLETO,1,2
13,09,08,023,130908023,EL ROBLE,2,POBLADO COMPLETO,1,2
13,09,08,024,130908024,LA CUESTA O BAJO EL SUSPIRO,2,POBLADO COMPLETO,1,2
13,09,08,025,130908025,LA ERMITA,2,POBLADO COMPLETO,1,2
13,09,08,027,130908027,LA MESA,2,POBLADO COMPLETO,1,2
13,09,08,028,130908028,LA PLACITA,3,POBLADO PARTE,1,2
13,09,08,029,130908029,BAJO EL JOBO,2,POBLADO COMPLETO,1,2
13,09,08,031,130908031,LAS CORRIENTES,2,POBLADO COMPLETO,1,2
13,09,08,032,130908032,LAS MARGARITAS,2,POBLADO COMPLETO,1,2
13,09,08,034,130908034,LOS LLANITOS,1,CABECERA,1,2
13,09,08,035,130908035,LOS PINTOS,2,POBLADO COMPLETO,1,2
13,09,08,036,130908036,LOS TORNOS,2,POBLADO COMPLETO,1,2
13,09,08,037,130908037,LOS YERBOS,2,POBLADO COMPLETO,1,2
13,09,08,038,130908038,MATA AHOGADO,2,POBLADO COMPLETO,1,2
13,09,08,039,130908039,MIRALEJOS,2,POBLADO COMPLETO,1,2
13,09,08,040,130908040,PEDREGALITO,2,POBLADO COMPLETO,1,2
13,09,08,041,130908041,PUERTO FRÍO,2,POBLADO COMPLETO,1,2
13,09,08,042,130908042,RÍO DE JESÚS,3,POBLADO PARTE,1,2
13,09,08,043,130908043,LOS SAMANIEGO,2,POBLADO COMPLETO,1,2
13,09,08,047,130908047,ALTOS DEL VALLE,2,POBLADO COMPLETO,1,2
13,09,08,048,130908048,LAS PEÑITAS,2,POBLADO COMPLETO,1,2
13,09,08,049,130908049,EL BALSO O CERRO EL MARÍN,2,POBLADO COMPLETO,1,2
13,09,08,050,130908050,EL NÍSPERO,2,POBLADO COMPLETO,1,2
13,09,08,051,130908051,CAPIRITA,2,POBLADO COMPLETO,1,2
13,09,08,052,130908052,EL COPÉ,3,POBLADO PARTE,2,2
13,09,08,053,130908053,ESTANCIA SANTERRA,2,POBLADO COMPLETO,1,2
13,09,09,001,130909001,PUNTA BARCO,2,POBLADO COMPLETO,1,2
13,09,09,002,130909002,CERRO GORDO,2,POBLADO COMPLETO,1,2
13,09,09,003,130909003,EL CREO,2,POBLADO COMPLETO,1,2
13,09,09,004,130909004,EL NANCE,2,POBLADO COMPLETO,1,2
13,09,09,005,130909005,EL PORO PORO,2,POBLADO COMPLETO,1,2
13,09,09,006,130909006,EL GUARUMITO,2,POBLADO COMPLETO,1,2
13,09,09,008,130909008,LOS LLANITOS,2,POBLADO COMPLETO,1,2
13,09,09,009,130909009,LLANO LARGO,2,POBLADO COMPLETO,1,2
13,09,09,010,130909010,RODEO VIEJO,2,POBLADO COMPLETO,1,2
13,09,09,011,130909011,SAN JOSÉ,1,CABECERA,1,2
13,09,09,012,130909012,TETITAS,2,POBLADO COMPLETO,1,2
13,09,09,013,130909013,VISTA ALEGRE,2,POBLADO COMPLETO,1,2
13,09,09,014,130909014,BOCA DE LAJAS,2,POBLADO COMPLETO,1,2
13,09,09,016,130909016,FINCA LOS PORTALES,2,POBLADO COMPLETO,1,2
13,09,09,017,130909017,PUNTA BARCO RESORT,2,POBLADO COMPLETO,1,2
13,09,09,018,130909018,HACIENDA LAS LAGARTIJAS,2,POBLADO COMPLETO,1,2
13,09,09,019,130909019,PUNTA ROCA,2,POBLADO COMPLETO,1,2
13,09,09,020,130909020,AZURA,2,POBLADO COMPLETO,1,2
13,09,09,021,130909021,LA MARE PUNTA BARCO,2,POBLADO COMPLETO,1,2
13,09,09,022,130909022,LAS ISLAS PUNTA BARCO,2,POBLADO COMPLETO,1,2
13,09,09,023,130909023,RODEO VIEJO COUNTRY,2,POBLADO COMPLETO,1,2
13,09,09,024,130909024,RESIDENCIAL LOS SOLACES,2,POBLADO COMPLETO,1,2
13,09,09,025,130909025,ALTOS DE CORONADO,2,POBLADO COMPLETO,1,2
